-- ============================================
-- CLEANUP EXISTING DATA
-- ============================================

-- Disable all constraints to avoid dependency errors
-- Note: sp_MSforeachtable may not be available in all SQL Server versions
IF OBJECT_ID('sp_MSforeachtable') IS NOT NULL
    EXEC sp_MSforeachtable "ALTER TABLE ? NOCHECK CONSTRAINT ALL"

-- Drop all foreign key constraints
DECLARE @sql NVARCHAR(MAX) = ''
SELECT @sql += 'ALTER TABLE [' + TABLE_SCHEMA + '].[' + TABLE_NAME + '] DROP CONSTRAINT [' + CONSTRAINT_NAME + '];'
FROM INFORMATION_SCHEMA.TABLE_CONSTRAINTS
WHERE CONSTRAINT_TYPE = 'FOREIGN KEY'
EXEC sp_executesql @sql

-- Drop all tables
SET @sql = ''
SELECT @sql += 'DROP TABLE [' + TABLE_SCHEMA + '].[' + TABLE_NAME + '];'
FROM INFORMATION_SCHEMA.TABLES
WHERE TABLE_TYPE = 'BASE TABLE'
EXEC sp_executesql @sql

-- Drop all stored procedures (user-defined only)
DECLARE @procSql NVARCHAR(MAX) = '';
SELECT @procSql += 'DROP PROCEDURE [' + ROUTINE_SCHEMA + '].[' + ROUTINE_NAME + '];' + CHAR(13)
FROM INFORMATION_SCHEMA.ROUTINES
WHERE ROUTINE_TYPE = 'PROCEDURE'
AND ROUTINE_SCHEMA != 'sys'
AND ROUTINE_NAME NOT LIKE 'sp_%'
AND ROUTINE_NAME NOT LIKE 'fn_%'
AND ROUTINE_NAME NOT LIKE 'dt_%';
EXEC sp_executesql @procSql;

-- Drop all user-defined functions
DECLARE @funcSql NVARCHAR(MAX) = '';
SELECT @funcSql += 'DROP FUNCTION [' + ROUTINE_SCHEMA + '].[' + ROUTINE_NAME + '];' + CHAR(13)
FROM INFORMATION_SCHEMA.ROUTINES
WHERE ROUTINE_TYPE = 'FUNCTION'
AND ROUTINE_SCHEMA != 'sys'
AND ROUTINE_NAME NOT LIKE 'sp_%'
AND ROUTINE_NAME NOT LIKE 'fn_%'
AND ROUTINE_NAME NOT LIKE 'dt_%';
EXEC sp_executesql @funcSql;

-- Drop all views
DECLARE @viewSql NVARCHAR(MAX) = '';
SELECT @viewSql += 'DROP VIEW [' + TABLE_SCHEMA + '].[' + TABLE_NAME + '];' + CHAR(13)
FROM INFORMATION_SCHEMA.VIEWS
WHERE TABLE_SCHEMA != 'sys';
EXEC sp_executesql @viewSql;

-- ============================================
-- CREATE DATABASE SCHEMA
-- ============================================
-- ============================================
-- HCMSIU Student Smart Printing Service (SSPS)
-- Database Schema
-- ============================================
-- SPSO = Student Printing Service Officer (staff managing the system)
-- ============================================

-- CREATE DATABASE IF NOT EXISTS printing_service_db;


-- User Management Tables
-- ============================================

CREATE TABLE [user] (
    user_id UNIQUEIDENTIFIER PRIMARY KEY DEFAULT NEWID(),
    email VARCHAR(100) NOT NULL UNIQUE,
    full_name NVARCHAR(100) NOT NULL,
    password_hash VARCHAR(255) NOT NULL,
    user_type VARCHAR(10) NOT NULL CHECK (user_type IN ('student', 'staff')),
    phone_number VARCHAR(15),
    date_of_birth DATE,
    gender VARCHAR(10) CHECK (gender IN ('male', 'female')),
    citizen_id VARCHAR(50),
    address VARCHAR(500),
    profile_picture VARCHAR(500),
    email_verified BIT DEFAULT 0,
    email_verification_code VARCHAR(255),
    account_status VARCHAR(20) NOT NULL DEFAULT 'active' CHECK (account_status IN ('active', 'inactive', 'suspended')),
    created_at DATETIME DEFAULT GETDATE(),
    updated_at DATETIME DEFAULT GETDATE(),
    last_login_at DATETIME,
    is_active BIT DEFAULT 1
);
CREATE INDEX idx_user_type ON [user] (user_type);
CREATE INDEX idx_email ON [user] (email);
GO

-- Academic Structure Tables
-- ============================================

CREATE TABLE faculty (
    faculty_id UNIQUEIDENTIFIER PRIMARY KEY DEFAULT NEWID(),
    faculty_name NVARCHAR(100) NOT NULL UNIQUE,
    faculty_code VARCHAR(20) NOT NULL UNIQUE,
    description NVARCHAR(200),
    established_date DATE,
    created_at DATETIME DEFAULT GETDATE()
);
CREATE INDEX idx_faculty_code ON faculty (faculty_code);
GO

CREATE TABLE department (
    department_id UNIQUEIDENTIFIER PRIMARY KEY DEFAULT NEWID(),
    faculty_id UNIQUEIDENTIFIER NOT NULL,
    department_name NVARCHAR(100) NOT NULL,
    department_code VARCHAR(20) NOT NULL UNIQUE,
    description NVARCHAR(200),
    established_date DATE,
    created_at DATETIME DEFAULT GETDATE(),
    FOREIGN KEY (faculty_id) REFERENCES faculty(faculty_id),
    UNIQUE (faculty_id, department_name)
);
CREATE INDEX idx_faculty ON department (faculty_id);
CREATE INDEX idx_department_code ON department (department_code);
GO

CREATE TABLE major (
    major_id UNIQUEIDENTIFIER PRIMARY KEY DEFAULT NEWID(),
    department_id UNIQUEIDENTIFIER NOT NULL,
    major_name NVARCHAR(100) NOT NULL,
    major_code VARCHAR(20) NOT NULL UNIQUE,
    degree_type VARCHAR(20) NOT NULL DEFAULT 'bachelor' CHECK (degree_type IN ('bachelor', 'master', 'doctorate')),
    duration_years INT NOT NULL DEFAULT 4,
    description NVARCHAR(200),
    established_date DATE,
    created_at DATETIME DEFAULT GETDATE(),
    FOREIGN KEY (department_id) REFERENCES department(department_id),
    UNIQUE (department_id, major_name)
);
CREATE INDEX idx_department ON major (department_id);
CREATE INDEX idx_major_code ON major (major_code);
GO

CREATE TABLE academic_year (
    academic_year_id UNIQUEIDENTIFIER PRIMARY KEY DEFAULT NEWID(),
    year_name NVARCHAR(20) NOT NULL UNIQUE,
    start_date DATE NOT NULL,
    end_date DATE NOT NULL,
    is_current BIT DEFAULT 0,
    created_at DATETIME DEFAULT GETDATE()
);
CREATE INDEX idx_year_name ON academic_year (year_name);
CREATE INDEX idx_date_range ON academic_year (start_date, end_date);
GO

CREATE TABLE class (
    class_id UNIQUEIDENTIFIER PRIMARY KEY DEFAULT NEWID(),
    major_id UNIQUEIDENTIFIER NOT NULL,
    academic_year_id UNIQUEIDENTIFIER NOT NULL,
    class_name NVARCHAR(50) NOT NULL,
    class_code VARCHAR(20) NOT NULL UNIQUE,
    year_level INT NOT NULL, -- 1, 2, 3, 4 for bachelor; 1, 2 for master, etc.
    max_students INT DEFAULT 40,
    created_at DATETIME DEFAULT GETDATE(),
    FOREIGN KEY (major_id) REFERENCES major(major_id),
    FOREIGN KEY (academic_year_id) REFERENCES academic_year(academic_year_id),
    UNIQUE (major_id, academic_year_id, class_name)
);
CREATE INDEX idx_major ON class (major_id);
CREATE INDEX idx_academic_year ON class (academic_year_id);
CREATE INDEX idx_class_code ON class (class_code);
GO

CREATE TABLE student (
    student_id UNIQUEIDENTIFIER PRIMARY KEY DEFAULT NEWID(),
    user_id UNIQUEIDENTIFIER NOT NULL UNIQUE,
    student_code VARCHAR(20) NOT NULL UNIQUE,
    class_id UNIQUEIDENTIFIER NOT NULL,
    enrollment_date DATE,
    graduation_date DATE NULL,
    status VARCHAR(20) DEFAULT 'active' CHECK (status IN ('active', 'graduated', 'suspended', 'withdrawn')),
    FOREIGN KEY (user_id) REFERENCES [user](user_id) ON DELETE CASCADE,
    FOREIGN KEY (class_id) REFERENCES class(class_id)
);
CREATE INDEX idx_student_code ON student (student_code);
CREATE INDEX idx_class ON student (class_id);
CREATE INDEX idx_status ON student (status);
GO

CREATE TABLE staff (
    staff_id UNIQUEIDENTIFIER PRIMARY KEY DEFAULT NEWID(),
    user_id UNIQUEIDENTIFIER NOT NULL UNIQUE,
    employee_code VARCHAR(20) NOT NULL UNIQUE,
    position VARCHAR(20) NOT NULL CHECK (position IN ('manager', 'technician', 'administrator', 'supervisor')),
    hire_date DATE,
    FOREIGN KEY (user_id) REFERENCES [user](user_id) ON DELETE CASCADE
);
CREATE INDEX idx_employee_code ON staff (employee_code);
GO

-- Page Size Table (must be created before printer_model)
-- ============================================

CREATE TABLE page_size (
    page_size_id UNIQUEIDENTIFIER PRIMARY KEY DEFAULT NEWID(),
    size_name NVARCHAR(20) NOT NULL UNIQUE,
    width_mm DECIMAL(6,2) NOT NULL,
    height_mm DECIMAL(6,2) NOT NULL,
    created_at DATETIME DEFAULT GETDATE()
);
CREATE INDEX idx_size_name ON page_size (size_name);
GO

-- Building and Room Management Tables
-- ============================================

CREATE TABLE building (
    building_id UNIQUEIDENTIFIER PRIMARY KEY DEFAULT NEWID(),
    building_code VARCHAR(20) NOT NULL UNIQUE,
    address VARCHAR(255) NOT NULL,
    campus_name NVARCHAR(100) NOT NULL,
    created_at DATETIME DEFAULT GETDATE()
);
CREATE INDEX idx_building_code ON building (building_code);
CREATE INDEX idx_campus_name ON building (campus_name);
GO

CREATE TABLE floor (
    floor_id UNIQUEIDENTIFIER PRIMARY KEY DEFAULT NEWID(),
    building_id UNIQUEIDENTIFIER NOT NULL,
    floor_number INT NOT NULL,
    file_url VARCHAR(500) NULL,
    created_at DATETIME DEFAULT GETDATE(),
    FOREIGN KEY (building_id) REFERENCES building(building_id),
    UNIQUE (building_id, floor_number)
);
CREATE INDEX idx_building_floor ON floor (building_id);
CREATE INDEX idx_floor_number ON floor (floor_number);
GO

CREATE TABLE room (
    room_id UNIQUEIDENTIFIER PRIMARY KEY DEFAULT NEWID(),
    floor_id UNIQUEIDENTIFIER NOT NULL,
    room_code VARCHAR(20) NOT NULL,
    room_name NVARCHAR(100) NOT NULL,
    room_type NVARCHAR(50) NOT NULL,
    created_at DATETIME DEFAULT GETDATE(),
    FOREIGN KEY (floor_id) REFERENCES floor(floor_id),
    UNIQUE (floor_id, room_code)
);
CREATE INDEX idx_floor_room ON room (floor_id);
CREATE INDEX idx_room_code ON room (room_code);
CREATE INDEX idx_room_type ON room (room_type);
GO

-- Printer Management Tables
-- ============================================

CREATE TABLE brand (
    brand_id UNIQUEIDENTIFIER PRIMARY KEY DEFAULT NEWID(),
    brand_name NVARCHAR(50) NOT NULL UNIQUE,
    country_of_origin VARCHAR(50),
    website VARCHAR(255),
    created_at DATETIME DEFAULT GETDATE()
);
GO

CREATE TABLE printer_model (
    model_id UNIQUEIDENTIFIER PRIMARY KEY DEFAULT NEWID(),
    brand_id UNIQUEIDENTIFIER NOT NULL,
    model_name NVARCHAR(50) NOT NULL,
    description NVARCHAR(200),
    max_paper_size_id UNIQUEIDENTIFIER NOT NULL,
    supports_color BIT DEFAULT 0,
    supports_duplex BIT DEFAULT 0,
    pages_per_second FLOAT,
    image_2d_url VARCHAR(255) NULL,
    image_3d_url VARCHAR(255) NULL,
    created_at DATETIME DEFAULT GETDATE(),
    FOREIGN KEY (brand_id) REFERENCES brand(brand_id),
    FOREIGN KEY (max_paper_size_id) REFERENCES page_size(page_size_id),
    UNIQUE (brand_id, model_name)
);
CREATE INDEX idx_brand ON printer_model (brand_id);
CREATE INDEX idx_max_paper_size ON printer_model (max_paper_size_id);
GO

CREATE TABLE printer_physical (
    printer_id UNIQUEIDENTIFIER PRIMARY KEY DEFAULT NEWID(),
    model_id UNIQUEIDENTIFIER NOT NULL,
    room_id UNIQUEIDENTIFIER NOT NULL,
    serial_number VARCHAR(100) UNIQUE,
    printer_pixel_coordinate VARCHAR(100) NULL, -- JSON: {"grid": [x, y], "pixel": [x, y]}
    is_enabled BIT DEFAULT 1,
    status VARCHAR(20) NOT NULL DEFAULT 'idle' CHECK (status IN ('unplugged', 'idle', 'printing', 'maintained')),
    printing_status VARCHAR(50) NULL CHECK (printing_status IN ('printing', 'paper_jam', 'out_of_paper', 'out_of_toner', 'low_toner',
     'door_open', 'paper_tray_empty', 'network_error', 'offline', 'error')),
    installed_date DATE,
    last_maintenance_date DATE,
    created_at DATETIME DEFAULT GETDATE(),
    updated_at DATETIME DEFAULT GETDATE(),
    created_by UNIQUEIDENTIFIER,
    FOREIGN KEY (model_id) REFERENCES printer_model(model_id),
    FOREIGN KEY (room_id) REFERENCES room(room_id),
    FOREIGN KEY (created_by) REFERENCES staff(staff_id)
);
CREATE INDEX idx_model ON printer_physical (model_id);
CREATE INDEX idx_room ON printer_physical (room_id);
CREATE INDEX idx_enabled ON printer_physical (is_enabled);
CREATE INDEX idx_status ON printer_physical (status);
CREATE INDEX idx_printing_status ON printer_physical (printing_status);
GO

-- ============================================

-- Academic semesters (each academic year has Fall, Spring, Summer; academic year starts in September)
CREATE TABLE semester (
    semester_id UNIQUEIDENTIFIER PRIMARY KEY DEFAULT NEWID(),
    academic_year_id UNIQUEIDENTIFIER NOT NULL,
    term_name NVARCHAR(10) NOT NULL CHECK (term_name IN ('fall', 'spring', 'summer')),
    start_date DATE NOT NULL,
    end_date DATE NOT NULL,
    created_at DATETIME DEFAULT GETDATE(),
    UNIQUE (academic_year_id, term_name),
    FOREIGN KEY (academic_year_id) REFERENCES academic_year(academic_year_id)
);
CREATE INDEX idx_semester_academic_year ON semester (academic_year_id, term_name);
CREATE INDEX idx_semester_dates ON semester (start_date, end_date);
GO


-- ============================================
-- User Balance and Money Management Tables
-- ============================================

-- Note: User balance is calculated dynamically from deposits, semester bonuses, and payments
-- See view: student_balance_view for computed balance
GO

-- Deposit bonus package table - defines bonus tiers for deposits
CREATE TABLE deposit_bonus_package (
    package_id UNIQUEIDENTIFIER PRIMARY KEY DEFAULT NEWID(),
    amount_cap DECIMAL(15, 0) NOT NULL CHECK (amount_cap > 0), -- Minimum deposit amount to qualify (in VND)
    bonus_percentage DECIMAL(5, 4) NOT NULL CHECK (bonus_percentage >= 0 AND bonus_percentage <= 1), -- Bonus percentage (0-1 range)
    package_name NVARCHAR(100),
    description NVARCHAR(200),
    is_active BIT DEFAULT 1,
    created_at DATETIME DEFAULT GETDATE(),
    updated_at DATETIME DEFAULT GETDATE()
);
CREATE INDEX idx_deposit_bonus_package_amount ON deposit_bonus_package (amount_cap);
CREATE INDEX idx_deposit_bonus_package_active ON deposit_bonus_package (is_active);
GO

-- Deposit table - tracks each deposit/recharge transaction (real VND to in-app currency)
CREATE TABLE deposit (
    deposit_id UNIQUEIDENTIFIER PRIMARY KEY DEFAULT NEWID(),
    deposit_code VARCHAR(8) NOT NULL UNIQUE, -- Mã ngắn gọn 8 ký tự để hiển thị trong nội dung chuyển khoản
    student_id UNIQUEIDENTIFIER NOT NULL,
    deposit_amount DECIMAL(15, 0) NOT NULL CHECK (deposit_amount > 0), -- Real VND deposited
    bonus_amount DECIMAL(15, 0) NOT NULL DEFAULT 0 CHECK (bonus_amount >= 0), -- Bonus received (in VND)
    total_credited DECIMAL(15, 0) NOT NULL CHECK (total_credited > 0), -- deposit_amount + bonus_amount (in VND)
    deposit_bonus_package_id UNIQUEIDENTIFIER NULL, -- Link to bonus package if applicable
    payment_method VARCHAR(50) NOT NULL,
    payment_reference VARCHAR(100),
    payment_status VARCHAR(20) NOT NULL DEFAULT 'pending' CHECK (payment_status IN ('pending', 'completed', 'failed', 'refunded', 'expired', 'cancelled')),
    transaction_date DATETIME DEFAULT GETDATE(),
    expired_at DATETIME NULL, -- Thời gian hết hạn của mã QR (10 phút sau khi tạo)
    cancellation_reason NVARCHAR(500) NULL, -- Lý do hủy đơn (nếu có)
    FOREIGN KEY (student_id) REFERENCES student(student_id) ON DELETE CASCADE,
    FOREIGN KEY (deposit_bonus_package_id) REFERENCES deposit_bonus_package(package_id)
);
CREATE INDEX idx_deposit_student ON deposit (student_id);
CREATE INDEX idx_deposit_transaction_date ON deposit (transaction_date);
CREATE INDEX idx_deposit_payment_status ON deposit (payment_status);
CREATE INDEX idx_deposit_bonus_package ON deposit (deposit_bonus_package_id);
CREATE INDEX idx_deposit_code ON deposit (deposit_code);
GO

-- Semester bonus table - defines how much money is given per semester
CREATE TABLE semester_bonus (
    bonus_id UNIQUEIDENTIFIER PRIMARY KEY DEFAULT NEWID(),
    semester_id UNIQUEIDENTIFIER NOT NULL,
    bonus_amount DECIMAL(15, 0) NOT NULL CHECK (bonus_amount >= 0), -- Amount of in-app currency given (in VND)
    description NVARCHAR(200),
    created_at DATETIME DEFAULT GETDATE(),
    created_by UNIQUEIDENTIFIER,
    FOREIGN KEY (semester_id) REFERENCES semester(semester_id),
    FOREIGN KEY (created_by) REFERENCES staff(staff_id),
    UNIQUE (semester_id)
);
CREATE INDEX idx_semester_bonus_semester ON semester_bonus (semester_id);
GO

-- Student semester bonus table - tracks which students received semester bonuses
CREATE TABLE student_semester_bonus (
    student_bonus_id UNIQUEIDENTIFIER PRIMARY KEY DEFAULT NEWID(),
    student_id UNIQUEIDENTIFIER NOT NULL,
    semester_bonus_id UNIQUEIDENTIFIER NOT NULL,
    semester_id UNIQUEIDENTIFIER NOT NULL, -- Denormalized for easier querying
    received BIT NOT NULL DEFAULT 0, -- Whether student has received the bonus
    received_date DATETIME NULL,
    created_at DATETIME DEFAULT GETDATE(),
    FOREIGN KEY (student_id) REFERENCES student(student_id) ON DELETE CASCADE,
    FOREIGN KEY (semester_bonus_id) REFERENCES semester_bonus(bonus_id),
    FOREIGN KEY (semester_id) REFERENCES semester(semester_id),
    UNIQUE (student_id, semester_id)
);
CREATE INDEX idx_student_semester_bonus_student ON student_semester_bonus (student_id);
CREATE INDEX idx_student_semester_bonus_semester ON student_semester_bonus (semester_id);
CREATE INDEX idx_student_semester_bonus_received ON student_semester_bonus (received);
GO

-- Constraint: Students cannot receive semester bonus before their enrollment date
-- This is enforced via a trigger or application logic since CHECK constraints cannot reference other tables
-- Application should validate: semester.start_date >= student.enrollment_date before inserting
GO

-- ============================================
-- Pricing Configuration Tables
-- ============================================

-- Color mode table - defines available color modes
CREATE TABLE color_mode (
    color_mode_id UNIQUEIDENTIFIER PRIMARY KEY DEFAULT NEWID(),
    color_mode_name NVARCHAR(50) NOT NULL UNIQUE, -- e.g., 'color', 'grayscale', 'black-white'
    description NVARCHAR(200),
    created_at DATETIME DEFAULT GETDATE()
);
CREATE INDEX idx_color_mode_name ON color_mode (color_mode_name);
GO

-- Color mode price table - defines color mode pricing configurations
CREATE TABLE color_mode_price (
    setting_id UNIQUEIDENTIFIER PRIMARY KEY DEFAULT NEWID(),
    color_mode_id UNIQUEIDENTIFIER NOT NULL,
    price_multiplier DECIMAL(5, 4) NOT NULL CHECK (price_multiplier >= 0), -- Multiplier applied to base page_size_price (e.g., 1.0 for black-white, 1.2 for grayscale, 2.2 for color)
    is_active BIT DEFAULT 1,
    created_at DATETIME DEFAULT GETDATE(),
    updated_at DATETIME DEFAULT GETDATE(),
    FOREIGN KEY (color_mode_id) REFERENCES color_mode(color_mode_id)
);
CREATE INDEX idx_color_mode_price_color_mode ON color_mode_price (color_mode_id);
CREATE INDEX idx_color_mode_price_active ON color_mode_price (is_active);
GO

-- Page size price table - defines base price per page for each paper size
CREATE TABLE page_size_price (
    price_id UNIQUEIDENTIFIER PRIMARY KEY DEFAULT NEWID(),
    page_size_id UNIQUEIDENTIFIER NOT NULL UNIQUE,
    page_price DECIMAL(15, 0) NOT NULL CHECK (page_price >= 0), -- Price per page in VND
    is_active BIT DEFAULT 1,
    created_at DATETIME DEFAULT GETDATE(),
    updated_at DATETIME DEFAULT GETDATE(),
    FOREIGN KEY (page_size_id) REFERENCES page_size(page_size_id)
);
CREATE INDEX idx_page_size_price_page_size ON page_size_price (page_size_id);
CREATE INDEX idx_page_size_price_active ON page_size_price (is_active);
GO

-- System page allocation - tracks available paper inventory by page type
CREATE TABLE system_page_allocation (
    allocation_id UNIQUEIDENTIFIER PRIMARY KEY DEFAULT NEWID(),
    page_size_id UNIQUEIDENTIFIER NOT NULL,
    quantity INT NOT NULL CHECK (quantity >= 0), -- Available pages in stock
    created_at DATETIME DEFAULT GETDATE(),
    updated_at DATETIME DEFAULT GETDATE(),
    updated_by UNIQUEIDENTIFIER,
    FOREIGN KEY (page_size_id) REFERENCES page_size(page_size_id),
    FOREIGN KEY (updated_by) REFERENCES staff(staff_id),
    UNIQUE (page_size_id) -- One allocation record per page size
);
CREATE INDEX idx_system_page_allocation_page_size ON system_page_allocation (page_size_id);
CREATE INDEX idx_system_page_allocation_quantity ON system_page_allocation (quantity);
GO

-- Page discount package - defines volume discounts based on number of pages
CREATE TABLE page_discount_package (
    package_id UNIQUEIDENTIFIER PRIMARY KEY DEFAULT NEWID(),
    min_pages INT NOT NULL CHECK (min_pages > 0), -- Minimum pages to qualify
    discount_percentage DECIMAL(5, 4) NOT NULL CHECK (discount_percentage >= 0 AND discount_percentage <= 1), -- Discount (0-1 range)
    package_name NVARCHAR(200),
    description NVARCHAR(200),
    is_active BIT DEFAULT 1,
    created_at DATETIME DEFAULT GETDATE(),
    updated_at DATETIME DEFAULT GETDATE()
);
CREATE INDEX idx_page_discount_package_min_pages ON page_discount_package (min_pages);
CREATE INDEX idx_page_discount_package_active ON page_discount_package (is_active);
GO

-- Fund and Supplier Paper Purchase Management Tables
-- ============================================

CREATE TABLE fund_source (
    fund_id UNIQUEIDENTIFIER PRIMARY KEY DEFAULT NEWID(),
    fund_source_type VARCHAR(50) NOT NULL CHECK (fund_source_type IN ('school_budget', 'donation', 'revenue', 'other')),
    fund_source_name NVARCHAR(255),
    amount DECIMAL(18, 0) NOT NULL CHECK (amount > 0), -- Amount in VND
    received_date DATE NOT NULL,
    description NVARCHAR(200),
    created_at DATETIME DEFAULT GETDATE(),
    created_by UNIQUEIDENTIFIER,
    FOREIGN KEY (created_by) REFERENCES staff(staff_id)
);
CREATE INDEX idx_fund_source_type ON fund_source (fund_source_type);
CREATE INDEX idx_fund_received_date ON fund_source (received_date);
GO

CREATE TABLE supplier_paper_purchase (
    purchase_id UNIQUEIDENTIFIER PRIMARY KEY DEFAULT NEWID(),
    supplier_name NVARCHAR(255) NOT NULL,
    supplier_contact VARCHAR(255),
    purchase_date DATE NOT NULL,
    total_amount_paid DECIMAL(18, 0) NOT NULL CHECK (total_amount_paid >= 0), -- Amount in VND
    payment_method VARCHAR(50) NOT NULL,
    payment_reference VARCHAR(100),
    payment_status VARCHAR(20) NOT NULL DEFAULT 'pending' CHECK (payment_status IN ('pending', 'completed', 'failed', 'refunded')),
    invoice_number VARCHAR(100),
    notes NVARCHAR(200),
    created_at DATETIME DEFAULT GETDATE(),
    created_by UNIQUEIDENTIFIER,
    FOREIGN KEY (created_by) REFERENCES staff(staff_id)
);
CREATE INDEX idx_purchase_date ON supplier_paper_purchase (purchase_date);
CREATE INDEX idx_payment_status ON supplier_paper_purchase (payment_status);
CREATE INDEX idx_supplier_name ON supplier_paper_purchase (supplier_name);
GO

CREATE TABLE paper_purchase_item (
    purchase_item_id UNIQUEIDENTIFIER PRIMARY KEY DEFAULT NEWID(),
    purchase_id UNIQUEIDENTIFIER NOT NULL,
    page_size_id UNIQUEIDENTIFIER NOT NULL,
    quantity INT NOT NULL CHECK (quantity > 0),
    unit_price DECIMAL(15, 0) NOT NULL CHECK (unit_price >= 0), -- Price per unit in VND
    total_price DECIMAL(18, 0) NOT NULL CHECK (total_price >= 0), -- Total price in VND
    received_quantity INT NULL,
    received_date DATE NULL,
    notes NVARCHAR(200),
    FOREIGN KEY (purchase_id) REFERENCES supplier_paper_purchase(purchase_id) ON DELETE CASCADE,
    FOREIGN KEY (page_size_id) REFERENCES page_size(page_size_id),
    CHECK (received_quantity IS NULL OR received_quantity >= 0)
);
CREATE INDEX idx_purchase_id ON paper_purchase_item (purchase_id);
CREATE INDEX idx_page_size ON paper_purchase_item (page_size_id);
GO

-- System Configuration Tables
-- ============================================

CREATE TABLE system_configuration (
    config_id UNIQUEIDENTIFIER PRIMARY KEY DEFAULT NEWID(),
    config_key VARCHAR(50) NOT NULL UNIQUE,
    config_value NVARCHAR(200) NOT NULL,
    description NVARCHAR(200),
    updated_at DATETIME DEFAULT GETDATE(),
    updated_by UNIQUEIDENTIFIER,
    FOREIGN KEY (updated_by) REFERENCES staff(staff_id)
);
CREATE INDEX idx_config_key ON system_configuration (config_key);
GO

CREATE TABLE permitted_file_type (
    file_type_id UNIQUEIDENTIFIER PRIMARY KEY DEFAULT NEWID(),
    file_extension VARCHAR(10) NOT NULL UNIQUE,
    mime_type VARCHAR(100),
    description NVARCHAR(100),
    is_permitted BIT DEFAULT 1,
    created_at DATETIME DEFAULT GETDATE(),
    updated_at DATETIME DEFAULT GETDATE(),
    updated_by UNIQUEIDENTIFIER,
    FOREIGN KEY (updated_by) REFERENCES staff(staff_id)
);
CREATE INDEX idx_extension ON permitted_file_type (file_extension);
CREATE INDEX idx_permitted ON permitted_file_type (is_permitted);
GO

-- Print Job Management Tables
-- ============================================

-- Uploaded files: documents saved by students before/for printing
CREATE TABLE uploaded_file (
    uploaded_file_id UNIQUEIDENTIFIER PRIMARY KEY DEFAULT NEWID(),
    student_id UNIQUEIDENTIFIER NOT NULL,
    file_name NVARCHAR(500) NOT NULL,
    file_type VARCHAR(10) NOT NULL,
    file_size_kb INT,
    page_count INT NULL, -- Số trang của file (tính khi upload: PDFBox cho PDF, ConvertAPI + PDFBox cho DOCX/DOC, POI cho Office files)
    file_url VARCHAR(500) NOT NULL,
    created_at DATETIME DEFAULT GETDATE(),
    FOREIGN KEY (student_id) REFERENCES student(student_id) ON DELETE CASCADE
);
CREATE INDEX idx_uploaded_file_student ON uploaded_file (student_id);
CREATE INDEX idx_uploaded_file_created_at ON uploaded_file (created_at);
CREATE INDEX idx_uploaded_file_page_count ON uploaded_file (page_count);
GO

CREATE TABLE print_job (
    job_id UNIQUEIDENTIFIER PRIMARY KEY DEFAULT NEWID(),
    student_id UNIQUEIDENTIFIER NOT NULL,
    printer_id UNIQUEIDENTIFIER NOT NULL,
    uploaded_file_id UNIQUEIDENTIFIER NOT NULL, -- References uploaded_file record used for this job
    page_size_price_id UNIQUEIDENTIFIER NOT NULL, -- References which page_size_price configuration was used (contains page_size_id)
    color_mode_price_id UNIQUEIDENTIFIER NOT NULL, -- References which color_mode_price configuration was used
    page_discount_package_id UNIQUEIDENTIFIER NULL, -- Which bulk discount was applied (if any)
    page_orientation VARCHAR(20) NOT NULL DEFAULT 'portrait' CHECK (page_orientation IN ('portrait', 'landscape')),
    print_side VARCHAR(20) NOT NULL DEFAULT 'one-sided' CHECK (print_side IN ('one-sided', 'double-sided')),
    number_of_copy INT NOT NULL DEFAULT 1,
    -- Pricing calculation columns (stored for historical accuracy and performance)
    total_pages INT NOT NULL CHECK (total_pages > 0), -- Total number of pages (from print_job_page count)
    subtotal_before_discount DECIMAL(15, 0) NOT NULL CHECK (subtotal_before_discount >= 0), -- Calculated from referenced prices (in VND)
    discount_percentage DECIMAL(5, 4) NULL CHECK (discount_percentage IS NULL OR (discount_percentage >= 0 AND discount_percentage <= 1)), -- From page_discount_package if applicable
    discount_amount DECIMAL(15, 0) NOT NULL DEFAULT 0 CHECK (discount_amount >= 0), -- Calculated discount amount (in VND)
    total_price DECIMAL(15, 0) NOT NULL CHECK (total_price >= 0), -- Final price after discount (in VND)
    payment_method VARCHAR(50) NULL, -- Payment method selected when creating job: 'balance' or 'qr' (SePay)
    print_status VARCHAR(20) NOT NULL DEFAULT 'queued' CHECK (print_status IN ('queued', 'printing', 'completed', 'failed', 'cancelled', 'pending_payment')),
    start_time DATETIME NULL,
    end_time DATETIME NULL,
    created_at DATETIME DEFAULT GETDATE(),
    FOREIGN KEY (student_id) REFERENCES student(student_id) ON DELETE CASCADE,
    FOREIGN KEY (printer_id) REFERENCES printer_physical(printer_id),
    FOREIGN KEY (uploaded_file_id) REFERENCES uploaded_file(uploaded_file_id),
    FOREIGN KEY (page_size_price_id) REFERENCES page_size_price(price_id),
    FOREIGN KEY (color_mode_price_id) REFERENCES color_mode_price(setting_id),
    FOREIGN KEY (page_discount_package_id) REFERENCES page_discount_package(package_id)
);
CREATE INDEX idx_student_job ON print_job (student_id);
CREATE INDEX idx_printer_job ON print_job (printer_id);
CREATE INDEX idx_print_status ON print_job (print_status);
CREATE INDEX idx_created_at ON print_job (created_at);
CREATE INDEX idx_start_time ON print_job (start_time);
CREATE INDEX idx_end_time ON print_job (end_time);
CREATE INDEX idx_page_size_price ON print_job (page_size_price_id);
CREATE INDEX idx_color_mode_price ON print_job (color_mode_price_id);
CREATE INDEX idx_page_discount_package ON print_job (page_discount_package_id);
-- Composite index for queue queries (optimize finding queued/printing jobs by printer)
CREATE INDEX idx_print_job_printer_status_created ON print_job(printer_id, print_status, created_at);
-- Index for progress queries (optimize finding printing jobs)
CREATE INDEX idx_print_job_status_start_time ON print_job(print_status, start_time);
GO

-- Refund table for cancelled print jobs (refund remaining pages)
CREATE TABLE refund_print_job (
    refund_id UNIQUEIDENTIFIER PRIMARY KEY DEFAULT NEWID(),
    job_id UNIQUEIDENTIFIER NOT NULL UNIQUE,
    pages_not_printed INT NOT NULL CHECK (pages_not_printed >= 0),
    created_at DATETIME DEFAULT GETDATE(),
    FOREIGN KEY (job_id) REFERENCES print_job(job_id) ON DELETE CASCADE
);
CREATE INDEX idx_refund_job ON refund_print_job (job_id);
GO

CREATE TABLE print_job_page (
    page_record_id UNIQUEIDENTIFIER PRIMARY KEY DEFAULT NEWID(),
    job_id UNIQUEIDENTIFIER NOT NULL,
    page_number INT NOT NULL,
    is_printed BIT DEFAULT 0 NOT NULL,  -- Track if page has been printed (for progress calculation)
    printed_at DATETIME2 NULL,          -- Timestamp when page was printed
    FOREIGN KEY (job_id) REFERENCES print_job(job_id) ON DELETE CASCADE,
    UNIQUE (job_id, page_number)
);
CREATE INDEX idx_job_id ON print_job_page (job_id);
CREATE INDEX idx_print_job_page_job_printed ON print_job_page(job_id, is_printed);  -- Index for counting printed pages
GO

-- Payment table - tracks payments for print jobs
CREATE TABLE payment (
    payment_id UNIQUEIDENTIFIER PRIMARY KEY DEFAULT NEWID(),
    job_id UNIQUEIDENTIFIER NOT NULL UNIQUE, -- One payment per print job
    student_id UNIQUEIDENTIFIER NOT NULL,
    amount_paid_directly DECIMAL(15, 0) NOT NULL DEFAULT 0 CHECK (amount_paid_directly >= 0), -- Paid with real money/card (in VND)
    amount_paid_from_balance DECIMAL(15, 0) NOT NULL DEFAULT 0 CHECK (amount_paid_from_balance >= 0), -- Paid from in-app balance (in VND)
    total_amount DECIMAL(15, 0) NOT NULL CHECK (total_amount > 0), -- Total payment amount (in VND)
    payment_method VARCHAR(50) NOT NULL,
    payment_reference VARCHAR(100),
    payment_code VARCHAR(20) NULL, -- Payment code for QR code (format: SIUJOB + 8 chars)
    payment_status VARCHAR(20) NOT NULL DEFAULT 'pending' CHECK (payment_status IN ('pending', 'completed', 'failed', 'refunded', 'expired')),
    expired_at DATETIME NULL, -- Expiration time for QR payment
    transaction_date DATETIME DEFAULT GETDATE(),
    FOREIGN KEY (job_id) REFERENCES print_job(job_id) ON DELETE CASCADE,
    FOREIGN KEY (student_id) REFERENCES student(student_id) ON DELETE NO ACTION,
    CHECK (amount_paid_directly + amount_paid_from_balance = total_amount)
);
CREATE INDEX idx_payment_job ON payment (job_id);
CREATE INDEX idx_payment_student ON payment (student_id);
CREATE INDEX idx_payment_transaction_date ON payment (transaction_date);
CREATE INDEX idx_payment_status ON payment (payment_status);
CREATE INDEX idx_payment_code ON payment (payment_code);
CREATE INDEX idx_payment_expired_at ON payment (expired_at);
GO

-- Payment Webhook Log table - logs all webhook requests from payment gateway (SePay)
CREATE TABLE payment_webhook_log (
    log_id UNIQUEIDENTIFIER PRIMARY KEY DEFAULT NEWID(),
    gateway_transaction_id VARCHAR(50), -- ID from payment gateway (SePay id in payload)
    bank_reference_code VARCHAR(50), -- Bank transaction reference code (referenceCode)
    payload_content NVARCHAR(MAX), -- Full JSON body received from webhook
    processed_status VARCHAR(20) CHECK (processed_status IN ('success', 'failed', 'duplicate', 'ignored', 'processing')),
    error_message NVARCHAR(MAX) NULL,
    created_at DATETIME DEFAULT GETDATE()
);
CREATE INDEX idx_webhook_gateway_id ON payment_webhook_log (gateway_transaction_id);
CREATE INDEX idx_webhook_reference_code ON payment_webhook_log (bank_reference_code);
CREATE INDEX idx_webhook_created_at ON payment_webhook_log (created_at);
GO

-- Student Wallet Ledger Table - Central ledger for all financial transactions
-- ============================================
-- This table implements a ledger pattern: every financial transaction (deposit, payment, refund, bonus)
-- creates one or more ledger entries. This provides a complete audit trail and enables
-- efficient balance calculation and transaction history queries.
CREATE TABLE student_wallet_ledger (
    ledger_id UNIQUEIDENTIFIER PRIMARY KEY DEFAULT NEWID(),
    student_id UNIQUEIDENTIFIER NOT NULL,
    amount DECIMAL(15, 0) NOT NULL, -- Amount (positive for IN, negative for OUT) in VND
    direction VARCHAR(3) NOT NULL CHECK (direction IN ('IN', 'OUT')), -- Transaction direction
    source_type VARCHAR(20) NOT NULL CHECK (source_type IN ('DEPOSIT', 'SEMESTER_BONUS', 'PAYMENT', 'REFUND')), -- Type of transaction
    source_table VARCHAR(50) NOT NULL, -- Source table name (e.g., 'deposit', 'payment', 'refund_print_job', 'student_semester_bonus')
    source_id UNIQUEIDENTIFIER NOT NULL, -- ID of the record in source_table
    description NVARCHAR(255), -- Human-readable description
    created_at DATETIME DEFAULT GETDATE(),
    FOREIGN KEY (student_id) REFERENCES student(student_id) ON DELETE CASCADE
);
CREATE INDEX idx_ledger_student ON student_wallet_ledger (student_id);
CREATE INDEX idx_ledger_student_created ON student_wallet_ledger (student_id, created_at);
CREATE INDEX idx_ledger_source ON student_wallet_ledger (source_table, source_id);
CREATE INDEX idx_ledger_source_type ON student_wallet_ledger (source_type);
CREATE INDEX idx_ledger_direction ON student_wallet_ledger (direction);
CREATE INDEX idx_ledger_created_at ON student_wallet_ledger (created_at);
GO

-- Notification table - per-student notifications (topup success, print job status, etc.)
CREATE TABLE notification (
    notification_id UNIQUEIDENTIFIER PRIMARY KEY DEFAULT NEWID(),
    student_id UNIQUEIDENTIFIER NOT NULL,
    notification_type VARCHAR(50) NOT NULL, -- e.g. 'DEPOSIT_COMPLETED', 'PRINT_JOB_COMPLETED', 'PRINT_JOB_FAILED'
    title NVARCHAR(200) NOT NULL,
    message NVARCHAR(1000) NOT NULL,
    reference_id UNIQUEIDENTIFIER NULL, -- Reference to related entity (e.g., deposit_id, job_id)
    reference_type NVARCHAR(50) NULL, -- Type of reference (e.g., 'deposit', 'print_job', 'payment')
    is_read BIT NOT NULL DEFAULT 0,
    created_at DATETIME NOT NULL DEFAULT GETDATE(),
    FOREIGN KEY (student_id) REFERENCES student(student_id) ON DELETE CASCADE
);
CREATE INDEX idx_notification_student ON notification (student_id, created_at);
CREATE INDEX idx_notification_unread ON notification (student_id, is_read, created_at);
CREATE INDEX idx_notification_reference ON notification(reference_id, reference_type) WHERE reference_id IS NOT NULL;
GO

-- Audit and Logging Tables
-- ============================================

CREATE TABLE printer_log (
    log_id UNIQUEIDENTIFIER PRIMARY KEY DEFAULT NEWID(),
    printer_id UNIQUEIDENTIFIER NOT NULL,
    log_type VARCHAR(30) NOT NULL CHECK (log_type IN 
        ('print_job', 'error', 'maintenance', 'status_change', 'configuration', 'admin_action')),
    severity VARCHAR(20) NOT NULL DEFAULT 'info' CHECK (severity IN 
        ('info', 'warning', 'error', 'critical')),
    description NVARCHAR(500) NOT NULL,
    
    -- Optional reference to related entities
    job_id UNIQUEIDENTIFIER NULL, -- Link to print_job if log_type = 'print_job'
    user_id UNIQUEIDENTIFIER NULL, -- User who triggered the action (student or staff)
    
    -- Additional details stored as JSON for flexibility
    details NVARCHAR(MAX) NULL, -- JSON field for additional context
    
    -- Error/issue tracking
    error_code VARCHAR(50) NULL,
    is_resolved BIT DEFAULT 0,
    resolved_at DATETIME NULL,
    resolved_by UNIQUEIDENTIFIER NULL,
    resolution_notes NVARCHAR(500) NULL,
    
    -- Metadata
    ip_address VARCHAR(45) NULL,
    created_at DATETIME DEFAULT GETDATE(),
    
    -- Foreign Keys
    FOREIGN KEY (printer_id) REFERENCES printer_physical(printer_id) ON DELETE CASCADE,
    FOREIGN KEY (job_id) REFERENCES print_job(job_id),
    FOREIGN KEY (user_id) REFERENCES [user](user_id),
    FOREIGN KEY (resolved_by) REFERENCES [user](user_id)
);
-- Indexes for efficient querying
CREATE INDEX idx_printer_log_printer ON printer_log(printer_id);
CREATE INDEX idx_printer_log_type ON printer_log(log_type);
CREATE INDEX idx_printer_log_severity ON printer_log(severity);
CREATE INDEX idx_printer_log_created ON printer_log(created_at);
CREATE INDEX idx_printer_log_job ON printer_log(job_id);
CREATE INDEX idx_printer_log_user ON printer_log(user_id);
CREATE INDEX idx_printer_log_resolved ON printer_log(is_resolved);
CREATE INDEX idx_printer_log_type_severity ON printer_log(log_type, severity);
CREATE INDEX idx_printer_log_printer_date ON printer_log(printer_id, created_at);
GO

CREATE TABLE system_audit_log (
    audit_id UNIQUEIDENTIFIER PRIMARY KEY DEFAULT NEWID(),
    user_id UNIQUEIDENTIFIER NOT NULL,
    action_type VARCHAR(50) NOT NULL,
    table_name NVARCHAR(100) NOT NULL,
    record_id UNIQUEIDENTIFIER NULL,
    previous_audit_id UNIQUEIDENTIFIER NULL,
    changed_field NVARCHAR(MAX) NULL,
    ip_address VARCHAR(45),
    user_agent NVARCHAR(MAX) NULL,
    action_timestamp DATETIME DEFAULT GETDATE(),
    CONSTRAINT FK_system_audit_log_user FOREIGN KEY (user_id) REFERENCES [user](user_id),
    CONSTRAINT FK_system_audit_log_previous FOREIGN KEY (previous_audit_id) REFERENCES system_audit_log(audit_id)
);
CREATE INDEX idx_user_audit ON system_audit_log(user_id);
CREATE INDEX idx_action_timestamp ON system_audit_log(action_timestamp);
CREATE INDEX idx_table_name ON system_audit_log(table_name);
CREATE INDEX idx_record_id ON system_audit_log(record_id);
CREATE INDEX idx_previous_audit ON system_audit_log(previous_audit_id);
GO

-- Language and Translation Tables
-- ============================================
-- Support for multi-language translations of names and descriptions
-- All existing name/description columns are assumed to be in English
-- Translations for other languages are stored in name_translation table

CREATE TABLE language (
    language_id UNIQUEIDENTIFIER PRIMARY KEY DEFAULT NEWID(),
    language_name NVARCHAR(50) NOT NULL UNIQUE, -- e.g., 'English', 'Vietnamese'
    acronym VARCHAR(10) NOT NULL UNIQUE, -- e.g., 'en', 'vi'
    created_at DATETIME DEFAULT GETDATE()
);
CREATE INDEX idx_language_acronym ON language (acronym);
GO

CREATE TABLE name_translation (
    translation_id UNIQUEIDENTIFIER PRIMARY KEY DEFAULT NEWID(),
    table_name VARCHAR(100) NOT NULL, -- Name of the table containing the column
    entry_id UNIQUEIDENTIFIER NOT NULL, -- ID of the record in the source table
    column_name VARCHAR(100) NOT NULL, -- Name of the column being translated
    language_id UNIQUEIDENTIFIER NOT NULL, -- Language of the translation
    translation NVARCHAR(500) NOT NULL, -- Translated text
    created_at DATETIME DEFAULT GETDATE(),
    FOREIGN KEY (language_id) REFERENCES language(language_id) ON DELETE CASCADE
);
CREATE INDEX idx_translation_table_entry ON name_translation (table_name, entry_id);
CREATE INDEX idx_translation_column ON name_translation (column_name);
CREATE INDEX idx_translation_language ON name_translation (language_id);
CREATE INDEX idx_translation_table_column ON name_translation (table_name, column_name);
GO

-- ============================================
-- Composite Indexes for Query Optimization
-- ============================================

CREATE INDEX idx_print_job_student_date ON print_job(student_id, created_at);
CREATE INDEX idx_print_job_printer_date ON print_job(printer_id, created_at);
CREATE INDEX idx_print_job_status_date ON print_job(print_status, created_at);
-- Note: idx_print_job_printer_status_created and idx_print_job_status_start_time 
-- are already defined above after the print_job table definition
GO

-- ============================================
-- Views for Common Queries and Reports
-- ============================================

-- View: Student balance (computed from student_wallet_ledger - single source of truth)
CREATE VIEW student_balance_view AS
SELECT 
    s.student_id,
    s.student_code,
    u.full_name,
    u.email,
    -- Calculate balance from student_wallet_ledger (single source of truth)
    -- This ensures all ledger entries (including manual adjustments) are included
    COALESCE((
        SELECT SUM(swl.amount)
        FROM student_wallet_ledger swl
        WHERE swl.student_id = s.student_id
    ), 0) AS balance_amount
FROM student s
JOIN [user] u ON s.user_id = u.user_id;
GO

-- View: Student print summary
CREATE VIEW student_print_summary AS
WITH job_pages AS (
    SELECT job_id, COUNT(*) AS page_count
    FROM print_job_page
    GROUP BY job_id
)
SELECT 
    s.student_id,
    s.student_code,
    u.full_name,
    u.email,
    c.class_name,
    m.major_name,
    d.department_name,
    f.faculty_name,
    ay.year_name,
    COUNT(DISTINCT pj.job_id) AS total_print_job,
    COALESCE(SUM(jp.page_count * pj.number_of_copy), 0) AS total_pages_printed,
    COALESCE(SUM(p.total_amount), 0) AS total_amount_spent
FROM student s
JOIN [user] u ON s.user_id = u.user_id
JOIN class c ON s.class_id = c.class_id
JOIN major m ON c.major_id = m.major_id
JOIN department d ON m.department_id = d.department_id
JOIN faculty f ON d.faculty_id = f.faculty_id
JOIN academic_year ay ON c.academic_year_id = ay.academic_year_id
LEFT JOIN print_job pj ON s.student_id = pj.student_id AND pj.print_status = 'completed'
LEFT JOIN job_pages jp ON pj.job_id = jp.job_id
LEFT JOIN payment p ON pj.job_id = p.job_id AND p.payment_status = 'completed'
GROUP BY s.student_id, s.student_code, u.full_name, u.email, 
         c.class_name, m.major_name, d.department_name, f.faculty_name, ay.year_name;
GO
-- View: Printer usage statistics
CREATE VIEW printer_usage_statistic AS
WITH job_pages AS (
    SELECT job_id, COUNT(*) AS page_count
    FROM print_job_page
    GROUP BY job_id
)
SELECT 
    pp.printer_id,
    b.brand_name,
    pm.model_name,
    bld.campus_name,
    bld.address AS building_address,
    r.room_code,
    r.room_type,
    pp.is_enabled,
    COUNT(DISTINCT pj.job_id) AS total_job,
    COUNT(DISTINCT pj.student_id) AS unique_student_count,
    COALESCE(SUM(jp.page_count * pj.number_of_copy), 0) AS total_page_printed,
    MAX(pj.end_time) AS last_print_time
FROM printer_physical pp
JOIN printer_model pm ON pp.model_id = pm.model_id
JOIN brand b ON pm.brand_id = b.brand_id
JOIN room r ON pp.room_id = r.room_id
JOIN floor f ON r.floor_id = f.floor_id
JOIN building bld ON f.building_id = bld.building_id
LEFT JOIN print_job pj ON pp.printer_id = pj.printer_id AND pj.print_status = 'completed'
LEFT JOIN job_pages jp ON pj.job_id = jp.job_id
GROUP BY pp.printer_id, b.brand_name, pm.model_name, bld.campus_name, bld.address, r.room_code, r.room_type, pp.is_enabled;
GO
-- View: Monthly reports (automated)
CREATE VIEW monthly_report AS
WITH job_pages AS (
    SELECT job_id, COUNT(*) AS page_count
    FROM print_job_page
    GROUP BY job_id
)
SELECT 
    YEAR(pj.end_time) AS report_year,
    MONTH(pj.end_time) AS report_month,
    COUNT(DISTINCT pj.job_id) AS total_print_job,
    COUNT(DISTINCT pj.student_id) AS total_student_used,
    COUNT(DISTINCT pj.printer_id) AS total_printer_used,
    COALESCE(SUM(jp.page_count * pj.number_of_copy), 0) AS total_pages_printed,
    COALESCE(SUM(p.total_amount), 0) AS total_revenue
FROM print_job pj
LEFT JOIN job_pages jp ON pj.job_id = jp.job_id
LEFT JOIN payment p ON pj.job_id = p.job_id AND p.payment_status = 'completed'
WHERE pj.print_status = 'completed' AND pj.end_time IS NOT NULL
GROUP BY YEAR(pj.end_time), MONTH(pj.end_time);
GO
-- View: Yearly reports (automated)
CREATE VIEW yearly_report AS
WITH job_pages AS (
    SELECT job_id, COUNT(*) AS page_count
    FROM print_job_page
    GROUP BY job_id
)
SELECT 
    YEAR(pj.end_time) AS report_year,
    COUNT(DISTINCT pj.job_id) AS total_print_job,
    COUNT(DISTINCT pj.student_id) AS total_student_used,
    COUNT(DISTINCT pj.printer_id) AS total_printer_used,
    COALESCE(SUM(jp.page_count * pj.number_of_copy), 0) AS total_pages_printed,
    COALESCE(SUM(p.total_amount), 0) AS total_revenue
FROM print_job pj
LEFT JOIN job_pages jp ON pj.job_id = jp.job_id
LEFT JOIN payment p ON pj.job_id = p.job_id AND p.payment_status = 'completed'
WHERE pj.print_status = 'completed' AND pj.end_time IS NOT NULL
GROUP BY YEAR(pj.end_time);
GO
-- View: Student printing history with details
CREATE VIEW student_printing_history AS
SELECT 
    pj.job_id,
    s.student_id,
    s.student_code,
    u.full_name AS student_name,
    c.class_name,
    m.major_name,
    d.department_name,
    f.faculty_name,
    uf.file_name,
    uf.file_type,
    uf.file_url,
    ps.size_name AS paper_size,
    pj.print_side,
    cm.color_mode_name AS color_mode,
    pj.number_of_copy,
    COUNT(pjp.page_number) AS page_count,
    COUNT(pjp.page_number) * pj.number_of_copy AS total_pages,
    b.brand_name AS printer_brand,
    pm.model_name AS printer_model,
    bld.campus_name,
    bld.address AS building_address,
    r.room_code,
    r.room_type,
    pj.print_status,
    pj.start_time,
    pj.end_time
FROM print_job pj
JOIN student s ON pj.student_id = s.student_id
JOIN [user] u ON s.user_id = u.user_id
JOIN class c ON s.class_id = c.class_id
JOIN major m ON c.major_id = m.major_id
JOIN department d ON m.department_id = d.department_id
JOIN faculty f ON d.faculty_id = f.faculty_id
JOIN printer_physical pp ON pj.printer_id = pp.printer_id
JOIN printer_model pm ON pp.model_id = pm.model_id
JOIN brand b ON pm.brand_id = b.brand_id
JOIN room r ON pp.room_id = r.room_id
JOIN floor fl ON r.floor_id = fl.floor_id
JOIN building bld ON fl.building_id = bld.building_id
JOIN uploaded_file uf ON pj.uploaded_file_id = uf.uploaded_file_id
JOIN page_size_price psp ON pj.page_size_price_id = psp.price_id
JOIN page_size ps ON psp.page_size_id = ps.page_size_id
JOIN color_mode_price cmp ON pj.color_mode_price_id = cmp.setting_id
JOIN color_mode cm ON cmp.color_mode_id = cm.color_mode_id
LEFT JOIN print_job_page pjp ON pj.job_id = pjp.job_id
GROUP BY pj.job_id, s.student_id, s.student_code, u.full_name, 
         c.class_name, m.major_name, d.department_name, f.faculty_name, fl.floor_id,
         uf.file_name, uf.file_type, uf.file_url,
         ps.size_name, pj.print_side, cm.color_mode_name, pj.number_of_copy,
         b.brand_name, pm.model_name, bld.campus_name, bld.address, 
         r.room_code, r.room_type, pj.print_status, pj.start_time, pj.end_time;
GO

-- View: Print job pricing details (reads stored pricing fields)
CREATE VIEW print_job_pricing AS
SELECT 
    pj.job_id,
    pj.student_id,
    pj.printer_id,
    psp.page_size_id AS paper_size_id,
    pj.page_size_price_id,
    pj.color_mode_price_id,
    pj.page_discount_package_id,
    pj.number_of_copy,
    -- Use stored total_pages from print_job table
    pj.total_pages,
    -- Get prices from referenced configurations
    psp.page_price AS base_price_per_page,
    cmp.price_multiplier AS color_mode_price_multiplier,
    -- Use stored pricing values from print_job table
    pj.subtotal_before_discount,
    pj.discount_percentage,
    pj.discount_amount,
    pj.total_price
FROM print_job pj
JOIN page_size_price psp ON pj.page_size_price_id = psp.price_id
JOIN color_mode_price cmp ON pj.color_mode_price_id = cmp.setting_id
JOIN color_mode cm ON cmp.color_mode_id = cm.color_mode_id
LEFT JOIN page_discount_package pdp ON pj.page_discount_package_id = pdp.package_id;
GO

-- View: Active printers with full details
CREATE VIEW active_printer_detail AS
SELECT 
    pp.printer_id,
    b.brand_name,
    pm.model_name,
    pm.description AS model_description,
    ps.size_name AS max_paper_size,
    pm.supports_color,
    pm.supports_duplex,
    pp.serial_number,
    bld.campus_name,
    bld.building_code,
    bld.address AS building_address,
    r.room_code,
    r.room_type,
    pp.installed_date,
    pp.last_maintenance_date,
    pp.is_enabled,
    CONCAT(bld.campus_name, ' - ', bld.building_code, ' - Room ', r.room_code) AS full_location
FROM printer_physical pp
JOIN printer_model pm ON pp.model_id = pm.model_id
JOIN brand b ON pm.brand_id = b.brand_id
JOIN room r ON pp.room_id = r.room_id
JOIN floor f ON r.floor_id = f.floor_id
JOIN building bld ON f.building_id = bld.building_id
JOIN page_size ps ON pm.max_paper_size_id = ps.page_size_id
WHERE pp.is_enabled = 1;
GO


-- View: Daily printing activity
CREATE VIEW daily_printing_activity AS
WITH job_pages AS (
    SELECT job_id, COUNT(*) AS page_count
    FROM print_job_page
    GROUP BY job_id
)
SELECT 
    CAST(pj.end_time AS DATE) AS print_date,
    COUNT(DISTINCT pj.job_id) AS total_job,
    COUNT(DISTINCT pj.student_id) AS unique_student,
    COUNT(DISTINCT pj.printer_id) AS printer_used,
    COALESCE(SUM(jp.page_count * pj.number_of_copy), 0) AS total_pages_printed,
    COALESCE(SUM(p.total_amount), 0) AS total_revenue
FROM print_job pj
LEFT JOIN job_pages jp ON pj.job_id = jp.job_id
LEFT JOIN payment p ON pj.job_id = p.job_id AND p.payment_status = 'completed'
WHERE pj.print_status = 'completed' AND pj.end_time IS NOT NULL
GROUP BY CAST(pj.end_time AS DATE);
GO

-- View: Printer maintenance schedule
CREATE VIEW printer_maintenance_status AS
SELECT 
    pp.printer_id,
    b.brand_name,
    pm.model_name,
    bld.campus_name,
    bld.building_code,
    bld.address AS building_address,
    r.room_code,
    r.room_type,
    pp.installed_date,
    pp.last_maintenance_date,
    DATEDIFF(DAY, pp.last_maintenance_date, GETDATE()) AS days_since_maintenance,
    COUNT(pj.job_id) AS job_count_since_maintenance
FROM printer_physical pp
JOIN printer_model pm ON pp.model_id = pm.model_id
JOIN brand b ON pm.brand_id = b.brand_id
JOIN room r ON pp.room_id = r.room_id
JOIN floor f ON r.floor_id = f.floor_id
JOIN building bld ON f.building_id = bld.building_id
LEFT JOIN print_job pj ON pp.printer_id = pj.printer_id 
    AND pj.end_time > pp.last_maintenance_date
WHERE pp.is_enabled = 1
GROUP BY pp.printer_id, b.brand_name, pm.model_name, bld.campus_name, 
         bld.building_code, bld.address, r.room_code, r.room_type, pp.installed_date, pp.last_maintenance_date;
GO

-- ============================================
-- View for Dashboard Log Display
-- ============================================

CREATE VIEW printer_log_dashboard AS
SELECT 
    pl.log_id,
    pl.created_at AS timestamp,
    pp.printer_id,
    CONCAT(bld.building_code, '-', r.room_code) AS printer_location,
    b.brand_name + ' ' + pm.model_name AS printer_name,
    pl.log_type AS type,
    pl.severity,
    pl.description,
    pl.error_code,
    pl.is_resolved,
    u.full_name AS user_name,
    u.user_type,
    uf.file_url AS related_file,
    pl.details
FROM printer_log pl
JOIN printer_physical pp ON pl.printer_id = pp.printer_id
JOIN printer_model pm ON pp.model_id = pm.model_id
JOIN brand b ON pm.brand_id = b.brand_id
JOIN room r ON pp.room_id = r.room_id
JOIN floor f ON r.floor_id = f.floor_id
JOIN building bld ON f.building_id = bld.building_id
LEFT JOIN [user] u ON pl.user_id = u.user_id
LEFT JOIN print_job pj ON pl.job_id = pj.job_id
LEFT JOIN uploaded_file uf ON pj.uploaded_file_id = uf.uploaded_file_id;
GO

-- ============================================
-- View for Log Statistics (for dashboard summary)
-- ============================================

CREATE VIEW printer_log_statistics AS
SELECT 
    COUNT(*) AS total_entries,
    SUM(CASE WHEN severity = 'error' THEN 1 ELSE 0 END) AS error_count,
    SUM(CASE WHEN severity = 'warning' THEN 1 ELSE 0 END) AS warning_count,
    SUM(CASE WHEN severity = 'critical' THEN 1 ELSE 0 END) AS critical_count,
    SUM(CASE WHEN severity = 'info' THEN 1 ELSE 0 END) AS info_count,
    SUM(CASE WHEN severity IN ('error', 'critical') AND is_resolved = 0 THEN 1 ELSE 0 END) AS unresolved_critical_count
FROM printer_log
WHERE created_at >= DATEADD(DAY, -30, GETDATE()); -- Last 30 days
GO

CREATE TABLE refresh_token (
    token_id UNIQUEIDENTIFIER PRIMARY KEY DEFAULT NEWID(),
    token NVARCHAR(500) NOT NULL UNIQUE,
    user_id UNIQUEIDENTIFIER NOT NULL,
    expiry_date DATETIME NOT NULL,
    created_at DATETIME NOT NULL DEFAULT GETDATE(),
    revoked BIT NULL DEFAULT 0,
    CONSTRAINT FK_refresh_token_user FOREIGN KEY (user_id) REFERENCES [user](user_id)
);

CREATE INDEX idx_token ON refresh_token(token);
CREATE INDEX idx_user_id ON refresh_token(user_id);
CREATE INDEX idx_expiry_date ON refresh_token(expiry_date);


CREATE TABLE password_reset_token (
    token_id UNIQUEIDENTIFIER PRIMARY KEY DEFAULT NEWID(),
    token NVARCHAR(500) NOT NULL UNIQUE,
    user_id UNIQUEIDENTIFIER NOT NULL,
    expiry_date DATETIME NOT NULL,
    used BIT NOT NULL DEFAULT 0,
    created_at DATETIME NOT NULL DEFAULT GETDATE(),
    CONSTRAINT FK_password_reset_token_user FOREIGN KEY (user_id) REFERENCES [user](user_id)
);

-- Indexes
CREATE INDEX idx_reset_token ON password_reset_token(token);
CREATE INDEX idx_reset_user_id ON password_reset_token(user_id);
CREATE INDEX idx_reset_expiry_date ON password_reset_token(expiry_date);

-- ============================================
-- INSERT TEST DATA
-- ============================================
-- ============================================

-- USER ACCOUNTS DATA

-- ============================================

INSERT INTO [user] (user_id, email, full_name, password_hash, user_type, phone_number, date_of_birth, gender, citizen_id, address, profile_picture, email_verified, email_verification_code, account_status, created_at, updated_at, last_login_at, is_active) VALUES
(N'E7734040-EA11-4499-B971-8D5B916161C8', N'student.test@edu.vn', N'Student Test', N'$2b$10$BvEG6mcyjoNim.pbPq25ouc7WJX2tX0yps3vuSRZ15wRijopK8os.', N'student', N'0869777385', '2001-05-14', N'female', N'948362415', N'20 Street', N'social-media-profile-photos.webp', 1, NULL, N'active', N'2025-07-30 16:04:26', NULL, NULL, 1),
(N'1882BF3F-F76F-4D48-8319-DF05A22FFE07', N'phandienmanhthienk16@siu.edu.vn', N'Phandienmanhthienk16', N'$2b$10$BvEG6mcyjoNim.pbPq25ouc7WJX2tX0yps3vuSRZ15wRijopK8os.', N'student', N'0566477583', '2004-04-12', N'female', N'794404271', N'164 Street', N'images.jpg', 1, NULL, N'active', N'2025-04-15 16:04:26', NULL, NULL, 1),
(N'0BDD044E-CB54-4A3C-9AF1-A2EFCE569DCC', N'leanhtuank16@siu.edu.vn', N'Leanhtuank16', N'$2b$10$BvEG6mcyjoNim.pbPq25ouc7WJX2tX0yps3vuSRZ15wRijopK8os.', N'student', N'0329179639', '2005-04-03', N'male', N'637423179', N'81 Road', N'cool-profile-picture-87h46gcobjl5e4xu.jpg', 1, NULL, N'active', N'2025-04-26 16:04:26', NULL, NULL, 1),
(N'5961D952-48A0-46F5-94C7-40EDC2BD02C2', N'nguyenhongbaongock16@siu.edu.vn', N'Nguyenhongbaongock16', N'$2b$10$BvEG6mcyjoNim.pbPq25ouc7WJX2tX0yps3vuSRZ15wRijopK8os.', N'student', N'0551202653', '2001-03-13', N'male', N'412335343', N'914 Avenue', N'66fcde00cf54d71747a52bac_upwork-profile-photo-tips.jpg', 1, NULL, N'active', N'2025-07-27 16:04:26', NULL, NULL, 1),
(N'58ACD54C-A625-49EE-AD71-7DCF3FF14E98', N'phanthanhthaituank16@siu.edu.vn', N'Phanthanhthaituank16', N'$2b$10$BvEG6mcyjoNim.pbPq25ouc7WJX2tX0yps3vuSRZ15wRijopK8os.', N'student', N'0851395960', '2007-10-14', N'male', N'284051450', N'705 Road', N'images (1).jpg', 1, NULL, N'active', N'2025-09-07 16:04:26', NULL, NULL, 1),
(N'22261F46-CC7E-4CD0-9ECD-1CDE8BAA53A2', N'lengocdangkhoak16@siu.edu.vn', N'Lengocdangkhoak16', N'$2b$10$BvEG6mcyjoNim.pbPq25ouc7WJX2tX0yps3vuSRZ15wRijopK8os.', N'student', N'0593541803', '2001-01-31', N'male', N'270955374', N'617 Street', N'premium_photo-1689568126014-06fea9d5d341.jpg', 1, NULL, N'active', N'2025-06-23 16:04:26', NULL, NULL, 1),
(N'694027FC-8213-4365-BE48-E6BEF174483D', N'lyhieuvyk17@siu.edu.vn', N'Lyhieuvyk17', N'$2b$10$BvEG6mcyjoNim.pbPq25ouc7WJX2tX0yps3vuSRZ15wRijopK8os.', N'student', N'0303438626', '2005-08-02', N'male', N'319943330', N'115 Street', N'66fcde00cf54d71747a52bac_upwork-profile-photo-tips.jpg', 1, NULL, N'active', N'2025-07-25 16:04:26', NULL, NULL, 1),
(N'29CF77E6-258C-4A86-B78D-2A94DE508564', N'staff.test@edu.vn', N'Test Staff', N'$2b$10$ulwXP3bt6X7QcY0eEpyCOe5wGjeQOMPm3RA7L6OTU2jdxmbH/qIWW', N'staff', N'0841343243', '1994-07-05', N'male', N'868702734', N'254 Road', N'1-intro-photo-final.jpg', 1, NULL, N'active', N'2025-08-09 16:04:26', NULL, NULL, 1),
(N'BC3BF08F-547C-4367-84F0-A14347C4102C', N'phamthilinh@student.hcmut.edu.vn', N'Pham Thi Linh', N'$2b$10$oICJ3bXtbHbGa9ogOWhSpeSF3AHJwgUH9iz2iOXbam8cZO.rJjL9a', N'student', N'0883736234', '2007-05-20', N'male', N'964551117', N'606 Avenue', N'social-media-profile-photos.webp', 1, NULL, N'active', N'2025-03-02 16:04:26', NULL, NULL, 1),
(N'BBB2CA33-7D39-480D-80D6-4D69BB31A80C', N'hoangthilan@student.hcmut.edu.vn', N'Hoang Thi Lan', N'$2b$10$oICJ3bXtbHbGa9ogOWhSpeSF3AHJwgUH9iz2iOXbam8cZO.rJjL9a', N'student', N'0723726231', '2001-09-29', N'female', N'562692752', N'871 Street', N'1-intro-photo-final.jpg', 0, N'VERIFY_464589', N'active', N'2024-03-07 16:04:26', NULL, NULL, 1),
(N'12732482-1A4C-4E9F-A0C6-09B65B7268E8', N'dangthilan@hcmut.edu.vn', N'Dang Thi Lan', N'$2b$10$oICJ3bXtbHbGa9ogOWhSpeSF3AHJwgUH9iz2iOXbam8cZO.rJjL9a', N'student', N'0562342229', '2000-01-26', N'female', N'741130060', N'237 Avenue', N'istockphoto-1437816897-612x612.jpg', 1, NULL, N'active', N'2024-05-22 16:04:26', NULL, NULL, 1),
(N'5EE4B9D5-C23C-4D00-9AAD-73D4C60CCB93', N'maithithao@hcmut.edu.vn', N'Mai Thi Thao', N'$2b$10$oICJ3bXtbHbGa9ogOWhSpeSF3AHJwgUH9iz2iOXbam8cZO.rJjL9a', N'student', N'0718735903', '2007-06-17', N'female', N'433754812', N'51 Road', N'1-intro-photo-final.jpg', 1, NULL, N'active', N'2024-10-09 16:04:26', NULL, NULL, 1),
(N'542A50ED-0F9E-47C2-9216-07C0D29FFF50', N'tranthithu@student.hcmut.edu.vn', N'Tran Thi Thu', N'$2b$10$oICJ3bXtbHbGa9ogOWhSpeSF3AHJwgUH9iz2iOXbam8cZO.rJjL9a', N'student', N'0976319533', '2005-12-06', N'male', N'455896358', N'941 Street', N'premium_photo-1689568126014-06fea9d5d341.jpg', 1, NULL, N'active', N'2025-10-23 16:04:26', NULL, NULL, 1),
(N'B0689F50-4E63-4559-BD50-CFC7B567A022', N'truongvanminh@hcmut.edu.vn', N'Truong Van Minh', N'$2b$10$oICJ3bXtbHbGa9ogOWhSpeSF3AHJwgUH9iz2iOXbam8cZO.rJjL9a', N'student', N'0891790262', '2001-12-06', N'male', N'785706215', N'347 Avenue', N'pretty-profile-pictures-6x5bfef0mhb60qyl.jpg', 1, NULL, N'active', N'2024-07-25 16:04:26', NULL, NULL, 1),
(N'8EACA602-F11F-4F3F-AC0B-7555924DC5C0', N'bachthithao@student.hcmut.edu.vn', N'Bach Thi Thao', N'$2b$10$oICJ3bXtbHbGa9ogOWhSpeSF3AHJwgUH9iz2iOXbam8cZO.rJjL9a', N'student', N'0980020431', '2001-06-17', N'male', N'473194313', N'890 Road', N'cool-profile-picture-87h46gcobjl5e4xu.jpg', 0, N'VERIFY_976886', N'active', N'2024-01-08 16:04:26', NULL, NULL, 1),
(N'14DBDF83-2717-4A87-92E9-E34551496916', N'tranthilinh@student.hcmut.edu.vn', N'Tran Thi Linh', N'$2b$10$oICJ3bXtbHbGa9ogOWhSpeSF3AHJwgUH9iz2iOXbam8cZO.rJjL9a', N'student', N'0382021411', '2005-06-12', N'male', N'797333400', N'652 Road', N'blog-header-3.webp', 1, NULL, N'active', N'2024-05-10 16:04:26', NULL, NULL, 1),
(N'8F8CE87D-775A-430E-BFF5-3951D723082C', N'hoangvantuan@student.hcmut.edu.vn', N'Hoang Van Tuan', N'$2b$10$oICJ3bXtbHbGa9ogOWhSpeSF3AHJwgUH9iz2iOXbam8cZO.rJjL9a', N'student', N'0950502544', '2000-06-16', N'female', N'381476476', N'824 Road', N'cool-profile-picture-87h46gcobjl5e4xu.jpg', 1, NULL, N'active', N'2024-06-06 16:04:26', NULL, NULL, 1),
(N'7F7B0661-EE04-47EA-99B7-AA7FEC43AD1E', N'tranthithu1@student.hcmut.edu.vn', N'Tran Thi Thu', N'$2b$10$oICJ3bXtbHbGa9ogOWhSpeSF3AHJwgUH9iz2iOXbam8cZO.rJjL9a', N'student', N'0730538517', '2007-05-01', N'male', N'374380207', N'360 Road', N'cool-profile-picture-87h46gcobjl5e4xu.jpg', 0, N'VERIFY_614922', N'active', N'2024-06-09 16:04:26', NULL, NULL, 1),
(N'427B2D1B-631A-4771-B311-125B46D0F39F', N'laithithao@hcmut.edu.vn', N'Lai Thi Thao', N'$2b$10$oICJ3bXtbHbGa9ogOWhSpeSF3AHJwgUH9iz2iOXbam8cZO.rJjL9a', N'student', N'0516842753', '2000-10-15', N'female', N'439982953', N'420 Street', N'pretty-profile-pictures-6x5bfef0mhb60qyl.jpg', 1, NULL, N'active', N'2024-06-14 16:04:26', NULL, NULL, 1),
(N'28A24306-65C3-4488-9AB9-D79C3F6DE766', N'huynhthithu@hcmut.edu.vn', N'Huynh Thi Thu', N'$2b$10$oICJ3bXtbHbGa9ogOWhSpeSF3AHJwgUH9iz2iOXbam8cZO.rJjL9a', N'student', N'0776348406', '2004-10-01', N'male', N'804829133', N'399 Street', N'photo-1507019403270-cca502add9f8.jpg', 1, NULL, N'active', N'2024-05-19 16:04:26', NULL, NULL, 1),
(N'4D04AB34-E2B9-4395-AD58-717E68C49745', N'bachvankhanh@hcmut.edu.vn', N'Bach Van Khanh', N'$2b$10$oICJ3bXtbHbGa9ogOWhSpeSF3AHJwgUH9iz2iOXbam8cZO.rJjL9a', N'student', N'0324047837', '2006-05-23', N'male', N'415452489', N'517 Road', N'b85c0c700cba2fa42130c94b06c4cf60.jpg', 0, N'VERIFY_602706', N'active', N'2024-06-24 16:04:26', NULL, NULL, 1),
(N'2FACAAFB-7371-4FAE-9F58-4C0B3B1AD9D0', N'trinhvantuan@hcmut.edu.vn', N'Trinh Van Tuan', N'$2b$10$oICJ3bXtbHbGa9ogOWhSpeSF3AHJwgUH9iz2iOXbam8cZO.rJjL9a', N'student', N'0516576926', '2007-07-23', N'female', N'583585313', N'682 Avenue', N'social-media-profile-photos.webp', 1, NULL, N'active', N'2025-05-21 16:04:26', NULL, NULL, 1),
(N'EC9AE4E2-E127-438C-9914-DBBD58F81F24', N'quachvannam@student.hcmut.edu.vn', N'Quach Van Nam', N'$2b$10$oICJ3bXtbHbGa9ogOWhSpeSF3AHJwgUH9iz2iOXbam8cZO.rJjL9a', N'student', N'0535011275', '2004-06-18', N'male', N'856560572', N'754 Road', N'66fcde00cf54d71747a52bac_upwork-profile-photo-tips.jpg', 0, N'VERIFY_961799', N'active', N'2024-05-23 16:04:26', NULL, NULL, 1),
(N'9ACAE340-69E5-465A-93D3-69E0D781820A', N'luuthioanh@student.hcmut.edu.vn', N'Luu Thi Oanh', N'$2b$10$oICJ3bXtbHbGa9ogOWhSpeSF3AHJwgUH9iz2iOXbam8cZO.rJjL9a', N'student', N'0322542393', '2007-04-30', N'female', N'910904509', N'486 Street', N'images (1).jpg', 1, NULL, N'active', N'2025-02-26 16:04:26', NULL, NULL, 1),
(N'7A3CBBA8-05C2-44D9-8E1A-634D9F14E8BF', N'tathilan@student.hcmut.edu.vn', N'Ta Thi Lan', N'$2b$10$oICJ3bXtbHbGa9ogOWhSpeSF3AHJwgUH9iz2iOXbam8cZO.rJjL9a', N'student', N'0376516543', '2007-03-09', N'female', N'512961795', N'940 Street', N'online-dating-KevinBrookim-Onlinedating-82-640w.webp', 0, N'VERIFY_795333', N'active', N'2025-03-17 16:04:26', NULL, NULL, 1),
(N'EA58FE44-247B-405E-9900-0C336296A53F', N'hovankhanh@student.hcmut.edu.vn', N'Ho Van Khanh', N'$2b$10$oICJ3bXtbHbGa9ogOWhSpeSF3AHJwgUH9iz2iOXbam8cZO.rJjL9a', N'student', N'0503190518', '2006-12-02', N'female', N'625272802', N'266 Road', N'1-intro-photo-final.jpg', 0, N'VERIFY_228896', N'active', N'2025-03-30 16:04:26', NULL, NULL, 1),
(N'4A0EEA51-4A27-4064-A103-4B89E7FFCE6F', N'dangthimai@student.hcmut.edu.vn', N'Dang Thi Mai', N'$2b$10$oICJ3bXtbHbGa9ogOWhSpeSF3AHJwgUH9iz2iOXbam8cZO.rJjL9a', N'student', N'0873949869', '2002-05-28', N'male', N'979120441', N'510 Avenue', N'images (1).jpg', 0, N'VERIFY_317865', N'active', N'2025-08-28 16:04:26', NULL, NULL, 1),
(N'A7991284-B499-4F1A-8132-CF07FADDA01E', N'levanthang@student.hcmut.edu.vn', N'Le Van Thang', N'$2b$10$oICJ3bXtbHbGa9ogOWhSpeSF3AHJwgUH9iz2iOXbam8cZO.rJjL9a', N'student', N'0577982185', '2000-04-01', N'female', N'393897759', N'292 Avenue', N'istockphoto-1437816897-612x612.jpg', 0, N'VERIFY_360985', N'active', N'2025-08-29 16:04:26', NULL, NULL, 1),
(N'CB27947D-FB7C-49BA-AC22-3B1A6646996B', N'bachvantuan@student.hcmut.edu.vn', N'Bach Van Tuan', N'$2b$10$oICJ3bXtbHbGa9ogOWhSpeSF3AHJwgUH9iz2iOXbam8cZO.rJjL9a', N'student', N'0880858412', '2005-11-22', N'male', N'591579443', N'947 Street', N'photo-1507019403270-cca502add9f8.jpg', 0, N'VERIFY_428821', N'active', N'2025-09-04 16:04:26', NULL, NULL, 1),
(N'E15E457D-7E6B-4678-8F33-7143E0048299', N'caothithu@hcmut.edu.vn', N'Cao Thi Thu', N'$2b$10$oICJ3bXtbHbGa9ogOWhSpeSF3AHJwgUH9iz2iOXbam8cZO.rJjL9a', N'student', N'0593910898', '2006-05-26', N'female', N'502619672', N'831 Avenue', N'images.jpg', 0, N'VERIFY_946503', N'active', N'2025-05-05 16:04:26', NULL, NULL, 1),
(N'6AF12348-2C4F-446A-96BA-864B9EAC32A2', N'tranthimai@hcmut.edu.vn', N'Tran Thi Mai', N'$2b$10$oICJ3bXtbHbGa9ogOWhSpeSF3AHJwgUH9iz2iOXbam8cZO.rJjL9a', N'student', N'0501055344', '2007-08-20', N'male', N'952701027', N'302 Street', N'photo-1507019403270-cca502add9f8.jpg', 0, N'VERIFY_662461', N'active', N'2024-08-05 16:04:26', NULL, NULL, 1),
(N'5606EAA2-40A5-4857-8E6E-9C824883858F', N'phanvanminh@hcmut.edu.vn', N'Phan Van Minh', N'$2b$10$oICJ3bXtbHbGa9ogOWhSpeSF3AHJwgUH9iz2iOXbam8cZO.rJjL9a', N'student', N'0367086653', '2005-10-11', N'female', N'701104959', N'807 Avenue', N'img-203.jpg', 1, NULL, N'active', N'2024-09-16 16:04:26', NULL, NULL, 1),
(N'D95BE64B-13B1-4FA8-93B4-9E590A7C33DE', N'phamthinga@hcmut.edu.vn', N'Pham Thi Nga', N'$2b$10$oICJ3bXtbHbGa9ogOWhSpeSF3AHJwgUH9iz2iOXbam8cZO.rJjL9a', N'student', N'0888133527', '2005-12-25', N'male', N'284811821', N'990 Avenue', N'blog-header-3.webp', 1, NULL, N'active', N'2025-06-21 16:04:26', NULL, NULL, 1),
(N'571F7E25-679A-4F7F-847B-65B854899561', N'lyvanhieu@hcmut.edu.vn', N'Ly Van Hieu', N'$2b$10$oICJ3bXtbHbGa9ogOWhSpeSF3AHJwgUH9iz2iOXbam8cZO.rJjL9a', N'student', N'0346649753', '2005-10-24', N'female', N'125311539', N'215 Road', N'pretty-profile-pictures-6x5bfef0mhb60qyl.jpg', 0, N'VERIFY_443357', N'active', N'2025-10-12 16:04:26', NULL, NULL, 1),
(N'7F9A1D1F-7619-4155-8049-ECE8770E04B1', N'maithiphuong@student.hcmut.edu.vn', N'Mai Thi Phuong', N'$2b$10$oICJ3bXtbHbGa9ogOWhSpeSF3AHJwgUH9iz2iOXbam8cZO.rJjL9a', N'student', N'0348968685', '2000-03-17', N'female', N'801155295', N'259 Avenue', N'1-intro-photo-final.jpg', 1, NULL, N'active', N'2024-05-11 16:04:26', NULL, NULL, 1),
(N'FE9241F9-DB5F-4B7F-B6BA-DE4987C911C6', N'dangvanhieu@hcmut.edu.vn', N'Dang Van Hieu', N'$2b$10$oICJ3bXtbHbGa9ogOWhSpeSF3AHJwgUH9iz2iOXbam8cZO.rJjL9a', N'student', N'0890055573', '2002-08-14', N'male', N'462951960', N'295 Avenue', N'66fcde00cf54d71747a52bac_upwork-profile-photo-tips.jpg', 1, NULL, N'active', N'2025-01-09 16:04:26', NULL, NULL, 1),
(N'7E56FC0C-00CB-4985-BBB6-E55774566010', N'nguyenvancuong@hcmut.edu.vn', N'Nguyen Van Cuong', N'$2b$10$oICJ3bXtbHbGa9ogOWhSpeSF3AHJwgUH9iz2iOXbam8cZO.rJjL9a', N'student', N'0526183136', '2005-09-10', N'male', N'805556087', N'257 Street', N'b85c0c700cba2fa42130c94b06c4cf60.jpg', 0, N'VERIFY_320775', N'active', N'2024-07-09 16:04:26', NULL, NULL, 1),
(N'E40DA9EA-5268-4A2C-A1D4-B5BDC37EE86A', N'vuthihoa@student.hcmut.edu.vn', N'Vu Thi Hoa', N'$2b$10$oICJ3bXtbHbGa9ogOWhSpeSF3AHJwgUH9iz2iOXbam8cZO.rJjL9a', N'student', N'0949154491', '2003-10-08', N'female', N'333373705', N'601 Street', N'66fcde00cf54d71747a52bac_upwork-profile-photo-tips.jpg', 0, N'VERIFY_427304', N'active', N'2025-04-17 16:04:26', NULL, NULL, 1),
(N'31D2D649-4E09-43FD-9466-889A68D8A711', N'buivannam@student.hcmut.edu.vn', N'Bui Van Nam', N'$2b$10$oICJ3bXtbHbGa9ogOWhSpeSF3AHJwgUH9iz2iOXbam8cZO.rJjL9a', N'student', N'0824078866', '2005-12-16', N'female', N'649717420', N'466 Street', N'photo-1507019403270-cca502add9f8.jpg', 0, N'VERIFY_381924', N'active', N'2025-07-04 16:04:26', NULL, NULL, 1),
(N'C1707BAF-F87F-4CEB-B656-EEE0D63FB524', N'quachthimai@student.hcmut.edu.vn', N'Quach Thi Mai', N'$2b$10$oICJ3bXtbHbGa9ogOWhSpeSF3AHJwgUH9iz2iOXbam8cZO.rJjL9a', N'student', N'0802274607', '2002-08-29', N'male', N'419408764', N'485 Road', N'cool-youtube-profile-pictures-22-683x1024.webp', 1, NULL, N'active', N'2025-10-07 16:04:26', NULL, NULL, 1),
(N'36BE0EAB-9BD6-473D-8BA0-536A42BC465E', N'tranthilan@student.hcmut.edu.vn', N'Tran Thi Lan', N'$2b$10$oICJ3bXtbHbGa9ogOWhSpeSF3AHJwgUH9iz2iOXbam8cZO.rJjL9a', N'student', N'0750336271', '2007-08-10', N'female', N'611818705', N'985 Road', N'online-dating-KevinBrookim-Onlinedating-82-640w.webp', 0, N'VERIFY_151464', N'active', N'2024-03-05 16:04:26', NULL, NULL, 1),
(N'DE7A82E2-3348-42BD-85A8-3BACC599E571', N'hovanhieu@hcmut.edu.vn', N'Ho Van Hieu', N'$2b$10$oICJ3bXtbHbGa9ogOWhSpeSF3AHJwgUH9iz2iOXbam8cZO.rJjL9a', N'student', N'0828944104', '2003-03-03', N'male', N'298655795', N'138 Avenue', N'66fcde00cf54d71747a52bac_upwork-profile-photo-tips.jpg', 1, NULL, N'active', N'2025-04-12 16:04:26', NULL, NULL, 1),
(N'A4A2DDD4-2722-4DA3-B861-81FF3ECE59F5', N'vuvanminh@hcmut.edu.vn', N'Vu Van Minh', N'$2b$10$oICJ3bXtbHbGa9ogOWhSpeSF3AHJwgUH9iz2iOXbam8cZO.rJjL9a', N'student', N'0843067533', '2006-03-29', N'male', N'611563788', N'244 Street', N'pretty-profile-pictures-6x5bfef0mhb60qyl.jpg', 1, NULL, N'active', N'2025-01-12 16:04:26', NULL, NULL, 1),
(N'94E8878D-BC0C-4BF3-B16A-CC93CC888B2F', N'truongthimai@hcmut.edu.vn', N'Truong Thi Mai', N'$2b$10$oICJ3bXtbHbGa9ogOWhSpeSF3AHJwgUH9iz2iOXbam8cZO.rJjL9a', N'student', N'0844693249', '2007-08-20', N'female', N'509452330', N'917 Road', N'images (1).jpg', 1, NULL, N'active', N'2024-08-12 16:04:26', NULL, NULL, 1),
(N'36344017-AE75-4938-8C75-169452588424', N'tathinga@student.hcmut.edu.vn', N'Ta Thi Nga', N'$2b$10$oICJ3bXtbHbGa9ogOWhSpeSF3AHJwgUH9iz2iOXbam8cZO.rJjL9a', N'student', N'0720340156', '2002-02-18', N'male', N'306134693', N'971 Road', N'cool-youtube-profile-pictures-22-683x1024.webp', 1, NULL, N'active', N'2025-07-11 16:04:26', NULL, NULL, 1),
(N'BDB12CD8-6740-4198-A5F2-389A52B8F6B0', N'luuthinga@student.hcmut.edu.vn', N'Luu Thi Nga', N'$2b$10$oICJ3bXtbHbGa9ogOWhSpeSF3AHJwgUH9iz2iOXbam8cZO.rJjL9a', N'student', N'0865514460', '2006-02-22', N'male', N'248000319', N'723 Road', N'images.jpg', 1, NULL, N'active', N'2025-01-12 16:04:26', NULL, NULL, 1),
(N'E01F9537-78ED-4286-902C-FC570E17621F', N'maivannam@hcmut.edu.vn', N'Mai Van Nam', N'$2b$10$oICJ3bXtbHbGa9ogOWhSpeSF3AHJwgUH9iz2iOXbam8cZO.rJjL9a', N'student', N'0361665375', '2000-03-05', N'female', N'392061082', N'95 Street', N'social-media-profile-photos.webp', 0, N'VERIFY_888473', N'active', N'2024-03-07 16:04:26', NULL, NULL, 1),
(N'7643C449-AB14-4D11-80A4-050680AD76BE', N'caovanthang@hcmut.edu.vn', N'Cao Van Thang', N'$2b$10$oICJ3bXtbHbGa9ogOWhSpeSF3AHJwgUH9iz2iOXbam8cZO.rJjL9a', N'student', N'0989272338', '2000-02-19', N'female', N'516260391', N'734 Avenue', N'pretty-profile-pictures-6x5bfef0mhb60qyl.jpg', 1, NULL, N'active', N'2024-03-13 16:04:26', NULL, NULL, 1),
(N'CF9D301F-D85C-45A8-AFF5-AA94157E0265', N'vuvanhieu@student.hcmut.edu.vn', N'Vu Van Hieu', N'$2b$10$oICJ3bXtbHbGa9ogOWhSpeSF3AHJwgUH9iz2iOXbam8cZO.rJjL9a', N'student', N'0769988479', '2007-02-12', N'male', N'799473976', N'786 Road', N'online-dating-KevinBrookim-Onlinedating-82-640w.webp', 0, N'VERIFY_578645', N'active', N'2025-03-18 16:04:26', NULL, NULL, 1),
(N'8A8B82C0-4190-42AD-BDAE-E4BCEF8653E5', N'dangvanhieu@student.hcmut.edu.vn', N'Dang Van Hieu', N'$2b$10$oICJ3bXtbHbGa9ogOWhSpeSF3AHJwgUH9iz2iOXbam8cZO.rJjL9a', N'student', N'0584170411', '2001-07-10', N'male', N'967015583', N'738 Avenue', N'1-intro-photo-final.jpg', 1, NULL, N'active', N'2025-01-22 16:04:26', NULL, NULL, 1),
(N'617BE97D-2A5A-4477-A738-D19F47B6D598', N'duongvancuong@student.hcmut.edu.vn', N'Duong Van Cuong', N'$2b$10$oICJ3bXtbHbGa9ogOWhSpeSF3AHJwgUH9iz2iOXbam8cZO.rJjL9a', N'student', N'0995666082', '2002-03-12', N'female', N'631317283', N'329 Avenue', N'cool-youtube-profile-pictures-22-683x1024.webp', 1, NULL, N'active', N'2025-09-01 16:04:26', NULL, NULL, 1),
(N'A341A0D8-57FE-4CF1-A57C-62CD2094DC26', N'tranvanhieu@student.hcmut.edu.vn', N'Tran Van Hieu', N'$2b$10$oICJ3bXtbHbGa9ogOWhSpeSF3AHJwgUH9iz2iOXbam8cZO.rJjL9a', N'student', N'0746199139', '2007-06-07', N'male', N'297133464', N'518 Street', N'66fcde00cf54d71747a52bac_upwork-profile-photo-tips.jpg', 1, NULL, N'active', N'2025-07-12 16:04:26', NULL, NULL, 1),
(N'6D8BB00D-C895-4F95-879E-4ABE36E7C4A2', N'duongthinga@hcmut.edu.vn', N'Duong Thi Nga', N'$2b$10$oICJ3bXtbHbGa9ogOWhSpeSF3AHJwgUH9iz2iOXbam8cZO.rJjL9a', N'student', N'0913997333', '2001-05-06', N'male', N'936832339', N'158 Avenue', N'photo-1507019403270-cca502add9f8.jpg', 0, N'VERIFY_429345', N'active', N'2025-06-17 16:04:26', NULL, NULL, 1),
(N'B6A04916-DE9E-4705-A185-AF90719B6C8B', N'truongthioanh@student.hcmut.edu.vn', N'Truong Thi Oanh', N'$2b$10$oICJ3bXtbHbGa9ogOWhSpeSF3AHJwgUH9iz2iOXbam8cZO.rJjL9a', N'student', N'0841552517', '2002-06-14', N'male', N'507490834', N'447 Avenue', N'b85c0c700cba2fa42130c94b06c4cf60.jpg', 1, NULL, N'active', N'2025-09-18 16:04:26', NULL, NULL, 1),
(N'7F9763C0-89B6-436C-9A7F-7C9F82A74081', N'tranthilinh@hcmut.edu.vn', N'Tran Thi Linh', N'$2b$10$oICJ3bXtbHbGa9ogOWhSpeSF3AHJwgUH9iz2iOXbam8cZO.rJjL9a', N'student', N'0839509366', '2006-12-21', N'female', N'200172290', N'907 Road', N'photo-1507019403270-cca502add9f8.jpg', 0, N'VERIFY_942679', N'active', N'2024-11-29 16:04:26', NULL, NULL, 1),
(N'84E55A19-7959-4C81-A5C7-035EDB045AA7', N'ngovanson@hcmut.edu.vn', N'Ngo Van Son', N'$2b$10$oICJ3bXtbHbGa9ogOWhSpeSF3AHJwgUH9iz2iOXbam8cZO.rJjL9a', N'student', N'0778467191', '2007-03-23', N'male', N'431512749', N'418 Road', N'pretty-profile-pictures-6x5bfef0mhb60qyl.jpg', 1, NULL, N'active', N'2024-01-14 16:04:26', NULL, NULL, 1),
(N'94E550B5-E351-4C55-9928-16DA10151D67', N'hothioanh@student.hcmut.edu.vn', N'Ho Thi Oanh', N'$2b$10$oICJ3bXtbHbGa9ogOWhSpeSF3AHJwgUH9iz2iOXbam8cZO.rJjL9a', N'student', N'0905024201', '2001-08-18', N'female', N'144164267', N'71 Street', N'cool-youtube-profile-pictures-22-683x1024.webp', 0, N'VERIFY_137171', N'active', N'2025-10-15 16:04:26', NULL, NULL, 1),
(N'86425D44-C804-4D52-8282-AD1DC71093F7', N'bachvanson@hcmut.edu.vn', N'Bach Van Son', N'$2b$10$oICJ3bXtbHbGa9ogOWhSpeSF3AHJwgUH9iz2iOXbam8cZO.rJjL9a', N'student', N'0732639265', '2005-01-08', N'male', N'569937392', N'849 Avenue', N'1-intro-photo-final.jpg', 1, NULL, N'active', N'2025-06-10 16:04:26', NULL, NULL, 1),
(N'74BD4758-4944-44DB-993D-BDBA558A0EEF', N'maivantuan@hcmut.edu.vn', N'Mai Van Tuan', N'$2b$10$oICJ3bXtbHbGa9ogOWhSpeSF3AHJwgUH9iz2iOXbam8cZO.rJjL9a', N'student', N'0596677725', '2006-04-22', N'male', N'858245308', N'574 Avenue', N'b85c0c700cba2fa42130c94b06c4cf60.jpg', 0, N'VERIFY_737351', N'active', N'2025-07-22 16:04:26', NULL, NULL, 1),
(N'8E6349C1-5A68-498B-A573-62EA95164278', N'maivanthang@hcmut.edu.vn', N'Mai Van Thang', N'$2b$10$oICJ3bXtbHbGa9ogOWhSpeSF3AHJwgUH9iz2iOXbam8cZO.rJjL9a', N'student', N'0374554455', '2006-08-02', N'male', N'222512185', N'912 Street', N'images.jpg', 1, NULL, N'active', N'2024-01-07 16:04:26', NULL, NULL, 1),
(N'AF8A77B4-8B80-4CE4-8EB6-E22EA5AF073E', N'laivancuong@hcmut.edu.vn', N'Lai Van Cuong', N'$2b$10$oICJ3bXtbHbGa9ogOWhSpeSF3AHJwgUH9iz2iOXbam8cZO.rJjL9a', N'student', N'0316299599', '2002-10-24', N'male', N'937352784', N'404 Road', N'pretty-profile-pictures-6x5bfef0mhb60qyl.jpg', 1, NULL, N'active', N'2024-06-09 16:04:26', NULL, NULL, 1),
(N'0C18EE20-B812-4001-B47D-D5AAEA636743', N'ngothioanh@hcmut.edu.vn', N'Ngo Thi Oanh', N'$2b$10$oICJ3bXtbHbGa9ogOWhSpeSF3AHJwgUH9iz2iOXbam8cZO.rJjL9a', N'student', N'0501240928', '2006-02-03', N'female', N'224887195', N'907 Road', N'cool-profile-picture-87h46gcobjl5e4xu.jpg', 0, N'VERIFY_388301', N'active', N'2024-02-16 16:04:26', NULL, NULL, 1),
(N'D5A476BC-1880-49F4-A0DE-82E780E3EBC9', N'huynhvanthang@hcmut.edu.vn', N'Huynh Van Thang', N'$2b$10$oICJ3bXtbHbGa9ogOWhSpeSF3AHJwgUH9iz2iOXbam8cZO.rJjL9a', N'student', N'0500346109', '2006-01-23', N'male', N'944095888', N'942 Road', N'social-media-profile-photos.webp', 0, N'VERIFY_645902', N'active', N'2024-08-14 16:04:26', NULL, NULL, 1),
(N'62DC0669-E900-4AB7-8EB9-30AF519543CE', N'bachvanthang@hcmut.edu.vn', N'Bach Van Thang', N'$2b$10$oICJ3bXtbHbGa9ogOWhSpeSF3AHJwgUH9iz2iOXbam8cZO.rJjL9a', N'student', N'0743246182', '2006-04-04', N'male', N'352214652', N'203 Avenue', N'images (1).jpg', 1, NULL, N'active', N'2025-11-18 16:04:26', NULL, NULL, 1),
(N'ADD17B53-2776-4990-A615-A34533E20701', N'tranvanminh@student.hcmut.edu.vn', N'Tran Van Minh', N'$2b$10$oICJ3bXtbHbGa9ogOWhSpeSF3AHJwgUH9iz2iOXbam8cZO.rJjL9a', N'student', N'0715495314', '2002-08-28', N'male', N'816329390', N'569 Road', N'pretty-profile-pictures-6x5bfef0mhb60qyl.jpg', 1, NULL, N'active', N'2024-01-14 16:04:26', NULL, NULL, 1),
(N'85C56CA9-3921-4FDF-8E4D-13DC504FB953', N'dangthithu@hcmut.edu.vn', N'Dang Thi Thu', N'$2b$10$oICJ3bXtbHbGa9ogOWhSpeSF3AHJwgUH9iz2iOXbam8cZO.rJjL9a', N'student', N'0592950488', '2005-10-31', N'male', N'149425534', N'161 Avenue', N'images.jpg', 0, N'VERIFY_647825', N'active', N'2025-01-13 16:04:26', NULL, NULL, 1),
(N'009704E0-7C9D-48E7-B3CE-82BC680F4260', N'trinhvanduc@student.hcmut.edu.vn', N'Trinh Van Duc', N'$2b$10$oICJ3bXtbHbGa9ogOWhSpeSF3AHJwgUH9iz2iOXbam8cZO.rJjL9a', N'student', N'0356814014', '2001-06-09', N'male', N'415701737', N'117 Road', N'photo-1507019403270-cca502add9f8.jpg', 1, NULL, N'active', N'2024-09-03 16:04:26', NULL, NULL, 1),
(N'FE009364-19E0-4F5B-A5FE-B5C3458EDAB8', N'bachvanduc@student.hcmut.edu.vn', N'Bach Van Duc', N'$2b$10$oICJ3bXtbHbGa9ogOWhSpeSF3AHJwgUH9iz2iOXbam8cZO.rJjL9a', N'student', N'0931516718', '2006-10-14', N'male', N'398027497', N'13 Avenue', N'istockphoto-1437816897-612x612.jpg', 1, NULL, N'active', N'2025-04-05 16:04:26', NULL, NULL, 1),
(N'745E6461-C292-46A6-80D3-1D8526022FB6', N'ngovantuan@hcmut.edu.vn', N'Ngo Van Tuan', N'$2b$10$oICJ3bXtbHbGa9ogOWhSpeSF3AHJwgUH9iz2iOXbam8cZO.rJjL9a', N'student', N'0573186677', '2005-11-08', N'female', N'917357909', N'351 Road', N'1-intro-photo-final.jpg', 0, N'VERIFY_636287', N'active', N'2024-01-27 16:04:26', NULL, NULL, 1),
(N'2E033DAE-3E8D-48B8-9F38-AD2EED30EC61', N'dovankhanh@student.hcmut.edu.vn', N'Do Van Khanh', N'$2b$10$oICJ3bXtbHbGa9ogOWhSpeSF3AHJwgUH9iz2iOXbam8cZO.rJjL9a', N'student', N'0829407601', '2000-10-23', N'female', N'200692507', N'25 Street', N'img-203.jpg', 0, N'VERIFY_338671', N'active', N'2025-01-22 16:04:26', NULL, NULL, 1),
(N'5B28E772-EF28-4A6D-B5E7-9950F81E33C7', N'trinhthihuyen@hcmut.edu.vn', N'Trinh Thi Huyen', N'$2b$10$oICJ3bXtbHbGa9ogOWhSpeSF3AHJwgUH9iz2iOXbam8cZO.rJjL9a', N'student', N'0832747947', '2003-12-09', N'female', N'926704524', N'704 Street', N'img-203.jpg', 0, N'VERIFY_647419', N'active', N'2024-08-29 16:04:26', NULL, NULL, 1),
(N'DDDCA755-3EBA-4BA7-81C1-AABFCB58AF70', N'lamvanson@hcmut.edu.vn', N'Lam Van Son', N'$2b$10$oICJ3bXtbHbGa9ogOWhSpeSF3AHJwgUH9iz2iOXbam8cZO.rJjL9a', N'student', N'0888877050', '2004-08-07', N'male', N'381333596', N'212 Avenue', N'b85c0c700cba2fa42130c94b06c4cf60.jpg', 0, N'VERIFY_119689', N'active', N'2025-03-22 16:04:26', NULL, NULL, 1),
(N'1D0B1605-8F12-484D-BCDA-1DED73F57EAB', N'quachvannam1@student.hcmut.edu.vn', N'Quach Van Nam', N'$2b$10$oICJ3bXtbHbGa9ogOWhSpeSF3AHJwgUH9iz2iOXbam8cZO.rJjL9a', N'student', N'0350407435', '2001-08-25', N'female', N'443468821', N'570 Avenue', N'pretty-profile-pictures-6x5bfef0mhb60qyl.jpg', 0, N'VERIFY_608870', N'active', N'2025-11-10 16:04:26', NULL, NULL, 1),
(N'0D3E62E8-B8DC-4723-8801-D54BFE39772D', N'duongthihuyen@hcmut.edu.vn', N'Duong Thi Huyen', N'$2b$10$oICJ3bXtbHbGa9ogOWhSpeSF3AHJwgUH9iz2iOXbam8cZO.rJjL9a', N'student', N'0519412187', '2005-05-10', N'male', N'189011672', N'522 Avenue', N'pretty-profile-pictures-6x5bfef0mhb60qyl.jpg', 1, NULL, N'active', N'2024-05-02 16:04:26', NULL, NULL, 1),
(N'BB9E9339-7C45-48F2-95C2-7E0CB6B7F9FF', N'dinhvanhieu@student.hcmut.edu.vn', N'Dinh Van Hieu', N'$2b$10$oICJ3bXtbHbGa9ogOWhSpeSF3AHJwgUH9iz2iOXbam8cZO.rJjL9a', N'student', N'0835655883', '2001-10-28', N'male', N'596507246', N'80 Avenue', N'photo-1507019403270-cca502add9f8.jpg', 0, N'VERIFY_414708', N'active', N'2024-01-29 16:04:26', NULL, NULL, 1),
(N'F59E973A-F086-49D1-A11E-139D9A617C64', N'maivanhieu@student.hcmut.edu.vn', N'Mai Van Hieu', N'$2b$10$oICJ3bXtbHbGa9ogOWhSpeSF3AHJwgUH9iz2iOXbam8cZO.rJjL9a', N'student', N'0967069307', '2000-06-16', N'male', N'527506784', N'201 Street', N'images (1).jpg', 0, N'VERIFY_205987', N'active', N'2024-08-18 16:04:26', NULL, NULL, 1),
(N'11E45469-7927-455F-B9CE-569E20738D1C', N'ngothithao@student.hcmut.edu.vn', N'Ngo Thi Thao', N'$2b$10$oICJ3bXtbHbGa9ogOWhSpeSF3AHJwgUH9iz2iOXbam8cZO.rJjL9a', N'student', N'0836039973', '2006-06-21', N'female', N'394424175', N'975 Road', N'images (1).jpg', 1, NULL, N'active', N'2024-10-26 16:04:26', NULL, NULL, 1),
(N'641724A7-ADC2-43E1-B951-E3965949520D', N'duongvancuong1@student.hcmut.edu.vn', N'Duong Van Cuong', N'$2b$10$oICJ3bXtbHbGa9ogOWhSpeSF3AHJwgUH9iz2iOXbam8cZO.rJjL9a', N'student', N'0572841494', '2002-06-26', N'male', N'318239168', N'816 Avenue', N'b85c0c700cba2fa42130c94b06c4cf60.jpg', 1, NULL, N'active', N'2024-11-04 16:04:26', NULL, NULL, 1),
(N'EC6F16C8-E5AB-4498-9439-5DE9D9D5CCB0', N'phamthioanh@student.hcmut.edu.vn', N'Pham Thi Oanh', N'$2b$10$oICJ3bXtbHbGa9ogOWhSpeSF3AHJwgUH9iz2iOXbam8cZO.rJjL9a', N'student', N'0524899232', '2004-08-25', N'female', N'670068535', N'590 Avenue', N'images.jpg', 1, NULL, N'active', N'2025-08-09 16:04:26', NULL, NULL, 1),
(N'7822534D-94AE-4CBA-AA77-A11465843A35', N'ngothiphuong@hcmut.edu.vn', N'Ngo Thi Phuong', N'$2b$10$oICJ3bXtbHbGa9ogOWhSpeSF3AHJwgUH9iz2iOXbam8cZO.rJjL9a', N'student', N'0970102309', '2007-11-22', N'male', N'256126032', N'334 Street', N'pretty-profile-pictures-6x5bfef0mhb60qyl.jpg', 0, N'VERIFY_336429', N'active', N'2024-03-12 16:04:26', NULL, NULL, 1),
(N'5451F6A1-2B46-4359-9DBA-62C17704B917', N'lethioanh@hcmut.edu.vn', N'Le Thi Oanh', N'$2b$10$oICJ3bXtbHbGa9ogOWhSpeSF3AHJwgUH9iz2iOXbam8cZO.rJjL9a', N'student', N'0517605550', '2002-09-23', N'female', N'653725860', N'669 Street', N'1-intro-photo-final.jpg', 0, N'VERIFY_731081', N'active', N'2025-09-05 16:04:26', NULL, NULL, 1),
(N'9A1B8304-F8BD-46A9-98D6-610532B7D223', N'hoangthinga@student.hcmut.edu.vn', N'Hoang Thi Nga', N'$2b$10$oICJ3bXtbHbGa9ogOWhSpeSF3AHJwgUH9iz2iOXbam8cZO.rJjL9a', N'student', N'0537990690', '2006-10-08', N'female', N'318975486', N'906 Road', N'b85c0c700cba2fa42130c94b06c4cf60.jpg', 0, N'VERIFY_169248', N'active', N'2024-10-27 16:04:26', NULL, NULL, 1),
(N'0D75B841-E1E0-4529-A6DC-5791B4900BB9', N'hothilan@hcmut.edu.vn', N'Ho Thi Lan', N'$2b$10$oICJ3bXtbHbGa9ogOWhSpeSF3AHJwgUH9iz2iOXbam8cZO.rJjL9a', N'student', N'0951166198', '2000-10-19', N'male', N'814829220', N'170 Road', N'social-media-profile-photos.webp', 1, NULL, N'active', N'2024-06-04 16:04:26', NULL, NULL, 1),
(N'E2A979AB-773C-4DBD-BAD5-65943EDC5F50', N'thaithimai@student.hcmut.edu.vn', N'Thai Thi Mai', N'$2b$10$oICJ3bXtbHbGa9ogOWhSpeSF3AHJwgUH9iz2iOXbam8cZO.rJjL9a', N'student', N'0853565353', '2000-02-26', N'male', N'474706597', N'496 Street', N'img-203.jpg', 0, N'VERIFY_216371', N'active', N'2025-08-29 16:04:26', NULL, NULL, 1),
(N'F46F2EA2-CB0C-43BB-A0E6-64AE74DF6F34', N'laithioanh@student.hcmut.edu.vn', N'Lai Thi Oanh', N'$2b$10$oICJ3bXtbHbGa9ogOWhSpeSF3AHJwgUH9iz2iOXbam8cZO.rJjL9a', N'student', N'0364370664', '2007-08-03', N'female', N'583865222', N'502 Avenue', N'istockphoto-1437816897-612x612.jpg', 0, N'VERIFY_346404', N'active', N'2024-04-11 16:04:26', NULL, NULL, 1),
(N'5471A457-799E-45F5-A584-0A9AB14A4B9A', N'quachvanson@student.hcmut.edu.vn', N'Quach Van Son', N'$2b$10$oICJ3bXtbHbGa9ogOWhSpeSF3AHJwgUH9iz2iOXbam8cZO.rJjL9a', N'student', N'0917787154', '2007-04-11', N'male', N'611512770', N'215 Road', N'66fcde00cf54d71747a52bac_upwork-profile-photo-tips.jpg', 0, N'VERIFY_882648', N'active', N'2024-07-10 16:04:26', NULL, NULL, 1),
(N'80D39BEC-34F8-4D3F-9190-DC06506B1A6E', N'dongvanhung@student.hcmut.edu.vn', N'Dong Van Hung', N'$2b$10$oICJ3bXtbHbGa9ogOWhSpeSF3AHJwgUH9iz2iOXbam8cZO.rJjL9a', N'student', N'0939561308', '2000-01-29', N'female', N'878601908', N'896 Road', N'cool-youtube-profile-pictures-22-683x1024.webp', 1, NULL, N'active', N'2024-12-11 16:04:26', NULL, NULL, 1),
(N'7E8DC29D-EBE9-435B-A8BD-30328B21CD66', N'chauthilan@student.hcmut.edu.vn', N'Chau Thi Lan', N'$2b$10$oICJ3bXtbHbGa9ogOWhSpeSF3AHJwgUH9iz2iOXbam8cZO.rJjL9a', N'student', N'0771434671', '2002-03-01', N'female', N'221684628', N'289 Street', N'social-media-profile-photos.webp', 1, NULL, N'active', N'2025-04-05 16:04:26', NULL, NULL, 1),
(N'C5BA98C9-DA7B-4BD9-9149-AEEE1CF272F9', N'dongthithu@student.hcmut.edu.vn', N'Dong Thi Thu', N'$2b$10$oICJ3bXtbHbGa9ogOWhSpeSF3AHJwgUH9iz2iOXbam8cZO.rJjL9a', N'student', N'0775997880', '2001-10-16', N'male', N'754231421', N'109 Avenue', N'img-203.jpg', 0, N'VERIFY_913880', N'active', N'2024-10-29 16:04:26', NULL, NULL, 1),
(N'10A3C250-3D43-4BF0-B06A-AF8DF7CE2C80', N'bachthihuyen@student.hcmut.edu.vn', N'Bach Thi Huyen', N'$2b$10$oICJ3bXtbHbGa9ogOWhSpeSF3AHJwgUH9iz2iOXbam8cZO.rJjL9a', N'student', N'0867026107', '2004-08-04', N'female', N'142677990', N'902 Road', N'cool-profile-picture-87h46gcobjl5e4xu.jpg', 1, NULL, N'active', N'2024-01-01 16:04:26', NULL, NULL, 1),
(N'57A68D83-59F8-43D3-B3B7-F020FB4D74FE', N'dangthihoa@hcmut.edu.vn', N'Dang Thi Hoa', N'$2b$10$oICJ3bXtbHbGa9ogOWhSpeSF3AHJwgUH9iz2iOXbam8cZO.rJjL9a', N'student', N'0718928480', '2003-11-04', N'male', N'245024775', N'679 Avenue', N'b85c0c700cba2fa42130c94b06c4cf60.jpg', 1, NULL, N'active', N'2024-01-08 16:04:26', NULL, NULL, 1),
(N'022C2233-8975-4DAE-9C01-15D06D2D4473', N'trinhthithu@student.hcmut.edu.vn', N'Trinh Thi Thu', N'$2b$10$oICJ3bXtbHbGa9ogOWhSpeSF3AHJwgUH9iz2iOXbam8cZO.rJjL9a', N'student', N'0500057487', '2003-09-02', N'female', N'804904326', N'863 Street', N'images (1).jpg', 1, NULL, N'active', N'2023-12-28 16:04:26', NULL, NULL, 1),
(N'82BA62AB-5DFE-4DF7-ADDF-586A173444E0', N'duongthithu@student.hcmut.edu.vn', N'Duong Thi Thu', N'$2b$10$oICJ3bXtbHbGa9ogOWhSpeSF3AHJwgUH9iz2iOXbam8cZO.rJjL9a', N'student', N'0793966330', '2006-12-30', N'female', N'586727023', N'541 Street', N'cool-profile-picture-87h46gcobjl5e4xu.jpg', 1, NULL, N'active', N'2025-03-27 16:04:26', NULL, NULL, 1),
(N'9614180A-0320-4E14-B8B6-E2B5A931782A', N'chauvanduc@hcmut.edu.vn', N'Chau Van Duc', N'$2b$10$oICJ3bXtbHbGa9ogOWhSpeSF3AHJwgUH9iz2iOXbam8cZO.rJjL9a', N'student', N'0540822102', '2001-01-22', N'male', N'142496687', N'116 Avenue', N'premium_photo-1689568126014-06fea9d5d341.jpg', 1, NULL, N'active', N'2025-10-17 16:04:26', NULL, NULL, 1),
(N'530193B5-4708-4993-A914-F453A01A3D39', N'phamvannam@hcmut.edu.vn', N'Pham Van Nam', N'$2b$10$oICJ3bXtbHbGa9ogOWhSpeSF3AHJwgUH9iz2iOXbam8cZO.rJjL9a', N'student', N'0753360228', '2003-05-29', N'male', N'961420186', N'884 Avenue', N'premium_photo-1689568126014-06fea9d5d341.jpg', 1, NULL, N'active', N'2024-05-09 16:04:26', NULL, NULL, 1),
(N'1C1969D1-34D2-41C6-8B5D-46D8553B7130', N'buithiphuong@hcmut.edu.vn', N'Bui Thi Phuong', N'$2b$10$oICJ3bXtbHbGa9ogOWhSpeSF3AHJwgUH9iz2iOXbam8cZO.rJjL9a', N'student', N'0305427768', '2003-10-14', N'female', N'318786046', N'900 Street', N'img-203.jpg', 1, NULL, N'active', N'2025-06-10 16:04:26', NULL, NULL, 1),
(N'46B4C675-CA42-4565-93C6-A6E9C27F77DB', N'tathilinh@hcmut.edu.vn', N'Ta Thi Linh', N'$2b$10$oICJ3bXtbHbGa9ogOWhSpeSF3AHJwgUH9iz2iOXbam8cZO.rJjL9a', N'student', N'0561714866', '2001-07-27', N'male', N'185011188', N'94 Road', N'online-dating-KevinBrookim-Onlinedating-82-640w.webp', 1, NULL, N'active', N'2024-09-15 16:04:26', NULL, NULL, 1),
(N'80347045-0410-4857-8AB3-3688B4AC7863', N'tavanhung@student.hcmut.edu.vn', N'Ta Van Hung', N'$2b$10$oICJ3bXtbHbGa9ogOWhSpeSF3AHJwgUH9iz2iOXbam8cZO.rJjL9a', N'student', N'0917834856', '2007-10-17', N'female', N'334185841', N'116 Street', N'photo-1507019403270-cca502add9f8.jpg', 1, NULL, N'active', N'2024-11-19 16:04:26', NULL, NULL, 1),
(N'CD46E053-C9E8-4E92-B267-09D50A2F233B', N'vuthilan@hcmut.edu.vn', N'Vu Thi Lan', N'$2b$10$oICJ3bXtbHbGa9ogOWhSpeSF3AHJwgUH9iz2iOXbam8cZO.rJjL9a', N'student', N'0995582241', '2005-12-04', N'female', N'468382255', N'547 Avenue', N'images.jpg', 0, N'VERIFY_583547', N'active', N'2024-05-11 16:04:26', NULL, NULL, 1),
(N'A3CA59C1-180A-428A-9CB4-18B4298AF71A', N'ngothiphuong1@hcmut.edu.vn', N'Ngo Thi Phuong', N'$2b$10$oICJ3bXtbHbGa9ogOWhSpeSF3AHJwgUH9iz2iOXbam8cZO.rJjL9a', N'student', N'0887941050', '2003-03-05', N'female', N'472370237', N'354 Avenue', N'cool-youtube-profile-pictures-22-683x1024.webp', 1, NULL, N'active', N'2024-10-20 16:04:26', NULL, NULL, 1),
(N'9A048112-0810-4FCB-83A2-D099D7818BF2', N'quachvanhieu@hcmut.edu.vn', N'Quach Van Hieu', N'$2b$10$oICJ3bXtbHbGa9ogOWhSpeSF3AHJwgUH9iz2iOXbam8cZO.rJjL9a', N'student', N'0728930367', '2004-08-18', N'male', N'912311108', N'61 Avenue', N'online-dating-KevinBrookim-Onlinedating-82-640w.webp', 1, NULL, N'active', N'2024-11-16 16:04:26', NULL, NULL, 1),
(N'DFBB99D6-AA69-41F2-958D-B4D8428DC0EB', N'vothithu@student.hcmut.edu.vn', N'Vo Thi Thu', N'$2b$10$oICJ3bXtbHbGa9ogOWhSpeSF3AHJwgUH9iz2iOXbam8cZO.rJjL9a', N'student', N'0900759323', '2002-03-23', N'male', N'514723660', N'610 Road', N'b85c0c700cba2fa42130c94b06c4cf60.jpg', 1, NULL, N'active', N'2024-11-30 16:04:26', NULL, NULL, 1),
(N'6F2728BB-C88D-40E2-BAB0-FE54AD7DD97F', N'huynhthilinh@hcmut.edu.vn', N'Huynh Thi Linh', N'$2b$10$oICJ3bXtbHbGa9ogOWhSpeSF3AHJwgUH9iz2iOXbam8cZO.rJjL9a', N'student', N'0518798426', '2004-09-15', N'male', N'446604063', N'570 Avenue', N'cool-profile-picture-87h46gcobjl5e4xu.jpg', 1, NULL, N'active', N'2024-12-19 16:04:26', NULL, NULL, 1),
(N'13A20AB2-05DB-44A8-AE8F-061849A096F1', N'lythilan@student.hcmut.edu.vn', N'Ly Thi Lan', N'$2b$10$oICJ3bXtbHbGa9ogOWhSpeSF3AHJwgUH9iz2iOXbam8cZO.rJjL9a', N'student', N'0883596129', '2005-08-10', N'female', N'618082024', N'492 Road', N'photo-1507019403270-cca502add9f8.jpg', 1, NULL, N'active', N'2025-10-28 16:04:26', NULL, NULL, 1),
(N'5C057E90-AC49-46EB-A079-EACFB4990C06', N'thaithilan@student.hcmut.edu.vn', N'Thai Thi Lan', N'$2b$10$oICJ3bXtbHbGa9ogOWhSpeSF3AHJwgUH9iz2iOXbam8cZO.rJjL9a', N'student', N'0977483624', '2002-04-11', N'male', N'304820751', N'156 Avenue', N'blog-header-3.webp', 1, NULL, N'active', N'2024-12-10 16:04:26', NULL, NULL, 1),
(N'B612B279-965D-4A7D-9B5F-00B6640DD220', N'tranvanminh@hcmut.edu.vn', N'Tran Van Minh', N'$2b$10$oICJ3bXtbHbGa9ogOWhSpeSF3AHJwgUH9iz2iOXbam8cZO.rJjL9a', N'student', N'0550980239', '2007-12-30', N'male', N'935598912', N'628 Road', N'1-intro-photo-final.jpg', 1, NULL, N'active', N'2024-12-01 16:04:26', NULL, NULL, 1),
(N'46CC4A7B-6317-4111-8E4B-34EE404264FD', N'hoangvanthang@hcmut.edu.vn', N'Hoang Van Thang', N'$2b$10$oICJ3bXtbHbGa9ogOWhSpeSF3AHJwgUH9iz2iOXbam8cZO.rJjL9a', N'student', N'0988391053', '2003-09-10', N'male', N'712410515', N'616 Road', N'img-203.jpg', 0, N'VERIFY_489193', N'active', N'2025-05-19 16:04:26', NULL, NULL, 1),
(N'03D849FA-749F-423B-BFA7-CE692C45FFFC', N'trinhvanthang@hcmut.edu.vn', N'Trinh Van Thang', N'$2b$10$oICJ3bXtbHbGa9ogOWhSpeSF3AHJwgUH9iz2iOXbam8cZO.rJjL9a', N'student', N'0578782369', '2002-11-26', N'female', N'440773344', N'935 Road', N'1-intro-photo-final.jpg', 0, N'VERIFY_611797', N'active', N'2024-07-17 16:04:26', NULL, NULL, 1),
(N'A8394F12-87AD-48E1-985B-121DC04F4EAB', N'dongvannam@hcmut.edu.vn', N'Dong Van Nam', N'$2b$10$oICJ3bXtbHbGa9ogOWhSpeSF3AHJwgUH9iz2iOXbam8cZO.rJjL9a', N'staff', N'0888560539', '1989-04-10', N'male', N'647779202', N'808 Street', N'pretty-profile-pictures-6x5bfef0mhb60qyl.jpg', 1, NULL, N'active', N'2025-01-13 16:04:26', NULL, NULL, 1),
(N'BDDFAEA1-E79B-401B-AE0C-34F60939BDEF', N'huynhvanduc@admin.hcmut.edu.vn', N'Huynh Van Duc', N'$2b$10$oICJ3bXtbHbGa9ogOWhSpeSF3AHJwgUH9iz2iOXbam8cZO.rJjL9a', N'staff', N'0311443932', '1979-12-13', N'male', N'100646694', N'637 Street', N'images (1).jpg', 0, N'VERIFY_787170', N'active', N'2024-02-03 16:04:26', NULL, NULL, 1),
(N'253AC6A0-038C-4FE5-B9CF-441A0BA152E2', N'quachvanson@hcmut.edu.vn', N'Quach Van Son', N'$2b$10$oICJ3bXtbHbGa9ogOWhSpeSF3AHJwgUH9iz2iOXbam8cZO.rJjL9a', N'staff', N'0895703723', '1993-12-13', N'male', N'766194008', N'821 Street', N'images (1).jpg', 1, NULL, N'active', N'2024-02-15 16:04:26', NULL, NULL, 1),
(N'18C717AB-83F3-4D15-AA08-6E19B2552B24', N'tathiphuong@hcmut.edu.vn', N'Ta Thi Phuong', N'$2b$10$oICJ3bXtbHbGa9ogOWhSpeSF3AHJwgUH9iz2iOXbam8cZO.rJjL9a', N'staff', N'0508827674', '1980-01-07', N'female', N'214686514', N'331 Avenue', N'cool-profile-picture-87h46gcobjl5e4xu.jpg', 1, NULL, N'active', N'2024-03-29 16:04:26', NULL, NULL, 1),
(N'E23BCC4A-466F-4451-80C1-79AB77D1CDD6', N'buivanminh@hcmut.edu.vn', N'Bui Van Minh', N'$2b$10$oICJ3bXtbHbGa9ogOWhSpeSF3AHJwgUH9iz2iOXbam8cZO.rJjL9a', N'staff', N'0936928152', '1972-08-03', N'female', N'761843679', N'50 Street', N'images.jpg', 0, N'VERIFY_847878', N'active', N'2024-01-04 16:04:26', NULL, NULL, 1),
(N'DA4259F4-4CCC-450C-B6BE-8B983033EDD9', N'vovanminh@admin.hcmut.edu.vn', N'Vo Van Minh', N'$2b$10$oICJ3bXtbHbGa9ogOWhSpeSF3AHJwgUH9iz2iOXbam8cZO.rJjL9a', N'staff', N'0881135163', '1980-03-23', N'male', N'461602219', N'981 Street', N'photo-1507019403270-cca502add9f8.jpg', 1, NULL, N'active', N'2024-08-22 16:04:26', NULL, NULL, 1),
(N'A87DACDD-DBFE-4CBE-90ED-92BA096A0319', N'quachthihoa@admin.hcmut.edu.vn', N'Quach Thi Hoa', N'$2b$10$oICJ3bXtbHbGa9ogOWhSpeSF3AHJwgUH9iz2iOXbam8cZO.rJjL9a', N'staff', N'0367306300', '1977-09-09', N'female', N'900280057', N'985 Avenue', N'online-dating-KevinBrookim-Onlinedating-82-640w.webp', 1, NULL, N'active', N'2024-12-23 16:04:26', NULL, NULL, 1),
(N'0A0377EC-F5AC-4DC1-B9B9-94DA7F70DDD0', N'maithioanh@admin.hcmut.edu.vn', N'Mai Thi Oanh', N'$2b$10$oICJ3bXtbHbGa9ogOWhSpeSF3AHJwgUH9iz2iOXbam8cZO.rJjL9a', N'staff', N'0576419731', '1984-11-07', N'female', N'668473353', N'848 Street', N'istockphoto-1437816897-612x612.jpg', 0, N'VERIFY_624064', N'active', N'2025-01-20 16:04:26', NULL, NULL, 1),
(N'840B6566-9FC7-4E30-AD0F-C47A3C877F46', N'trinhthithao@admin.hcmut.edu.vn', N'Trinh Thi Thao', N'$2b$10$oICJ3bXtbHbGa9ogOWhSpeSF3AHJwgUH9iz2iOXbam8cZO.rJjL9a', N'staff', N'0524330708', '1986-10-30', N'female', N'711196028', N'120 Avenue', N'pretty-profile-pictures-6x5bfef0mhb60qyl.jpg', 1, NULL, N'active', N'2025-11-11 16:04:26', NULL, NULL, 1),
(N'7C738365-5A0A-486F-AD02-85D22A431855', N'buithihuyen@admin.hcmut.edu.vn', N'Bui Thi Huyen', N'$2b$10$oICJ3bXtbHbGa9ogOWhSpeSF3AHJwgUH9iz2iOXbam8cZO.rJjL9a', N'staff', N'0852084336', '1986-01-17', N'male', N'161295056', N'774 Road', N'online-dating-KevinBrookim-Onlinedating-82-640w.webp', 0, N'VERIFY_804979', N'active', N'2025-08-16 16:04:26', NULL, NULL, 1);

-- ============================================

-- ACADEMIC STRUCTURE DATA

-- ============================================

INSERT INTO faculty (faculty_id, faculty_name, faculty_code, description, established_date, created_at) VALUES
(N'25C5B214-F92F-4A82-9E8D-C209B2B78ED8', N'Computer Science & Engineering', N'CSE', N'Faculty of Computer Science and Engineering', N'2000-01-01', N'1997-05-26 16:04:26'),
(N'29005184-E2BD-4957-8F9A-F129F4B6D410', N'Electrical & Electronics Engineering', N'EEE', N'Faculty of Electrical and Electronics Engineering', N'1995-01-01', N'2015-01-04 16:04:26'),
(N'11A5E73F-43A3-4561-B7BA-33800432C988', N'Mechanical Engineering', N'ME', N'Faculty of Mechanical Engineering', N'1990-01-01', N'2000-11-04 16:04:26');

INSERT INTO department (department_id, faculty_id, department_name, department_code, description, established_date, created_at) VALUES
(N'B1354D0F-68FC-46FB-8670-BB4D13C198AE', N'25C5B214-F92F-4A82-9E8D-C209B2B78ED8', N'Computer Science', N'CS', N'Department of Computer Science', N'2000-01-01', N'2008-01-23 16:04:26'),
(N'6361E387-B97F-435F-A73A-51DBA2F7B596', N'25C5B214-F92F-4A82-9E8D-C209B2B78ED8', N'Computer Engineering', N'CE', N'Department of Computer Engineering', N'2000-01-01', N'2015-04-03 16:04:26'),
(N'1889472F-E957-4ED5-B03B-CAC3A07E0425', N'29005184-E2BD-4957-8F9A-F129F4B6D410', N'Electrical Engineering', N'EE', N'Department of Electrical Engineering', N'1995-01-01', N'2011-04-26 16:04:26'),
(N'249C8186-D31C-4FBB-A3C6-25D55C13D038', N'29005184-E2BD-4957-8F9A-F129F4B6D410', N'Electronics Engineering', N'ECE', N'Department of Electronics Engineering', N'1995-01-01', N'2018-08-29 16:04:26'),
(N'AB9C26D1-94A3-47FA-B86E-0437F6043093', N'11A5E73F-43A3-4561-B7BA-33800432C988', N'Mechanical Engineering', N'ME', N'Department of Mechanical Engineering', N'1990-01-01', N'2010-12-23 16:04:26');

INSERT INTO major (major_id, department_id, major_name, major_code, degree_type, duration_years, description, established_date, created_at) VALUES
(N'675EDBA2-9119-44A7-8651-D2A3578F76AD', N'B1354D0F-68FC-46FB-8670-BB4D13C198AE', N'Computer Science', N'CS', N'bachelor', 4, N'Major in Computer Science', N'2000-01-01', N'2009-02-15 16:04:26'),
(N'62145234-21FE-404F-9FBE-2D5F09AD5645', N'B1354D0F-68FC-46FB-8670-BB4D13C198AE', N'Data Science', N'DS', N'bachelor', 4, N'Major in Data Science', N'2000-01-01', N'2009-10-11 16:04:26'),
(N'A050906E-DB6B-4B5D-AF56-1D83711515E6', N'6361E387-B97F-435F-A73A-51DBA2F7B596', N'Computer Engineering', N'CE', N'bachelor', 4, N'Major in Computer Engineering', N'2000-01-01', N'2009-05-16 16:04:26'),
(N'7CC4E3EA-4AB4-4002-86E2-AF82D108CD5D', N'6361E387-B97F-435F-A73A-51DBA2F7B596', N'Software Engineering', N'SE', N'bachelor', 4, N'Major in Software Engineering', N'2000-01-01', N'2006-05-08 16:04:26'),
(N'1D0CA21C-C344-4EA7-AD89-B16478BE6631', N'6361E387-B97F-435F-A73A-51DBA2F7B596', N'Information Systems', N'IS', N'bachelor', 4, N'Major in Information Systems', N'2000-01-01', N'2012-08-15 16:04:26'),
(N'FAF8F214-B3F8-40D7-83F8-934DEFE447F3', N'1889472F-E957-4ED5-B03B-CAC3A07E0425', N'Electrical Engineering', N'EE', N'bachelor', 4, N'Major in Electrical Engineering', N'2000-01-01', N'2015-07-12 16:04:26'),
(N'6D21FFCD-8573-4EF8-9C76-9DFD5D7AC9DA', N'1889472F-E957-4ED5-B03B-CAC3A07E0425', N'Control & Automation Engineering', N'CAE', N'bachelor', 4, N'Major in Control & Automation Engineering', N'2000-01-01', N'2018-10-27 16:04:26'),
(N'954D9B01-C954-46A4-906E-6C4A654E714A', N'249C8186-D31C-4FBB-A3C6-25D55C13D038', N'Electronics Engineering', N'ECE', N'bachelor', 4, N'Major in Electronics Engineering', N'2000-01-01', N'2007-07-02 16:04:26'),
(N'901A40D9-779B-44ED-9785-86275332EFB9', N'249C8186-D31C-4FBB-A3C6-25D55C13D038', N'Telecommunications Engineering', N'TE', N'bachelor', 4, N'Major in Telecommunications Engineering', N'2000-01-01', N'2019-05-10 16:04:26'),
(N'3EDDDF28-82FC-4340-B1EA-ACB28B586ACF', N'AB9C26D1-94A3-47FA-B86E-0437F6043093', N'Mechanical Engineering', N'ME', N'bachelor', 4, N'Major in Mechanical Engineering', N'2000-01-01', N'2007-03-06 16:04:26'),
(N'304E45CF-EE74-4E2A-929A-2276436C4EC6', N'AB9C26D1-94A3-47FA-B86E-0437F6043093', N'Automotive Engineering', N'AE', N'bachelor', 4, N'Major in Automotive Engineering', N'2000-01-01', N'2008-04-13 16:04:26'),
(N'0FC0A0CD-69AD-46E1-A1D0-E9F75A2F4D9E', N'AB9C26D1-94A3-47FA-B86E-0437F6043093', N'Manufacturing Engineering', N'MFE', N'bachelor', 4, N'Major in Manufacturing Engineering', N'2000-01-01', N'2018-12-24 16:04:26'),
(N'84A75F51-AFF1-4F7C-AC55-9DF53F362BC8', N'AB9C26D1-94A3-47FA-B86E-0437F6043093', N'Mechatronics Engineering', N'MCE', N'bachelor', 4, N'Major in Mechatronics Engineering', N'2000-01-01', N'2007-11-22 16:04:26');

INSERT INTO academic_year (academic_year_id, year_name, start_date, end_date, is_current, created_at) VALUES
(N'52FCEACF-F8F0-48A2-A5BA-123BA1CC807D', N'2022-2023', N'2022-09-01', N'2023-06-30', 0, N'2025-12-27 16:04:26'),
(N'D13443C2-264E-489F-9BA0-85CCCA4C7273', N'2023-2024', N'2023-09-01', N'2024-06-30', 0, N'2025-12-27 16:04:26'),
(N'6CFDC765-7F11-4551-A912-23B72E6DACB9', N'2024-2025', N'2024-09-01', N'2025-06-30', 1, N'2025-12-27 16:04:26');

INSERT INTO class (class_id, major_id, academic_year_id, class_name, class_code, year_level, max_students, created_at) VALUES
(N'AF7467EF-0E59-45B8-A067-A6A1000B610E', N'675EDBA2-9119-44A7-8651-D2A3578F76AD', N'52FCEACF-F8F0-48A2-A5BA-123BA1CC807D', N'CS0101', N'CS-2022-2023-Y1-01', 1, 40, N'2025-12-27 16:04:26'),
(N'E17EAE12-3B88-43C2-A19D-23C6A3979591', N'675EDBA2-9119-44A7-8651-D2A3578F76AD', N'52FCEACF-F8F0-48A2-A5BA-123BA1CC807D', N'CS0102', N'CS-2022-2023-Y1-02', 1, 40, N'2025-12-27 16:04:26'),
(N'9DB34103-1FE1-410F-96CF-2C18122D2BF2', N'675EDBA2-9119-44A7-8651-D2A3578F76AD', N'52FCEACF-F8F0-48A2-A5BA-123BA1CC807D', N'CS0201', N'CS-2022-2023-Y2-01', 2, 40, N'2025-12-27 16:04:26'),
(N'3340775F-E458-4DB1-B5EF-8817F8BC4202', N'675EDBA2-9119-44A7-8651-D2A3578F76AD', N'52FCEACF-F8F0-48A2-A5BA-123BA1CC807D', N'CS0202', N'CS-2022-2023-Y2-02', 2, 40, N'2025-12-27 16:04:26'),
(N'6D67DF02-D7F1-49A6-A18D-9B0AA6085907', N'675EDBA2-9119-44A7-8651-D2A3578F76AD', N'52FCEACF-F8F0-48A2-A5BA-123BA1CC807D', N'CS0301', N'CS-2022-2023-Y3-01', 3, 40, N'2025-12-27 16:04:26'),
(N'604541A5-A02B-478D-BD45-8EDAD4DDE49D', N'675EDBA2-9119-44A7-8651-D2A3578F76AD', N'52FCEACF-F8F0-48A2-A5BA-123BA1CC807D', N'CS0302', N'CS-2022-2023-Y3-02', 3, 40, N'2025-12-27 16:04:26'),
(N'79D28EF6-1E9A-4077-B999-FC18C0DC3ED1', N'675EDBA2-9119-44A7-8651-D2A3578F76AD', N'52FCEACF-F8F0-48A2-A5BA-123BA1CC807D', N'CS0401', N'CS-2022-2023-Y4-01', 4, 40, N'2025-12-27 16:04:26'),
(N'5635404B-E761-4BB7-BE2C-09B93ACFAAFC', N'675EDBA2-9119-44A7-8651-D2A3578F76AD', N'52FCEACF-F8F0-48A2-A5BA-123BA1CC807D', N'CS0402', N'CS-2022-2023-Y4-02', 4, 40, N'2025-12-27 16:04:26'),
(N'1A1AB494-3FD6-423F-8194-5FA4DCF6C4D6', N'675EDBA2-9119-44A7-8651-D2A3578F76AD', N'D13443C2-264E-489F-9BA0-85CCCA4C7273', N'CS0101', N'CS-2023-2024-Y1-01', 1, 40, N'2025-12-27 16:04:26'),
(N'58DB0E9F-29C5-4BF5-A3BB-1DA02A164BA2', N'675EDBA2-9119-44A7-8651-D2A3578F76AD', N'D13443C2-264E-489F-9BA0-85CCCA4C7273', N'CS0102', N'CS-2023-2024-Y1-02', 1, 40, N'2025-12-27 16:04:26'),
(N'E12287D1-0505-4E9D-8F42-EE68F8D6EA4D', N'675EDBA2-9119-44A7-8651-D2A3578F76AD', N'D13443C2-264E-489F-9BA0-85CCCA4C7273', N'CS0201', N'CS-2023-2024-Y2-01', 2, 40, N'2025-12-27 16:04:26'),
(N'8C2154BA-CA33-45B8-8624-838D3AAA2082', N'675EDBA2-9119-44A7-8651-D2A3578F76AD', N'D13443C2-264E-489F-9BA0-85CCCA4C7273', N'CS0202', N'CS-2023-2024-Y2-02', 2, 40, N'2025-12-27 16:04:26'),
(N'B2879B12-ECCA-4E1D-9240-30CA8A9137F3', N'675EDBA2-9119-44A7-8651-D2A3578F76AD', N'D13443C2-264E-489F-9BA0-85CCCA4C7273', N'CS0301', N'CS-2023-2024-Y3-01', 3, 40, N'2025-12-27 16:04:26'),
(N'200F8490-D212-496D-A110-C3A3CEB29493', N'675EDBA2-9119-44A7-8651-D2A3578F76AD', N'D13443C2-264E-489F-9BA0-85CCCA4C7273', N'CS0302', N'CS-2023-2024-Y3-02', 3, 40, N'2025-12-27 16:04:26'),
(N'132EA4A1-D6FF-449F-83CD-89006514FA09', N'675EDBA2-9119-44A7-8651-D2A3578F76AD', N'D13443C2-264E-489F-9BA0-85CCCA4C7273', N'CS0401', N'CS-2023-2024-Y4-01', 4, 40, N'2025-12-27 16:04:26'),
(N'08395DB5-5D1A-477C-8117-3B92121C9A51', N'675EDBA2-9119-44A7-8651-D2A3578F76AD', N'D13443C2-264E-489F-9BA0-85CCCA4C7273', N'CS0402', N'CS-2023-2024-Y4-02', 4, 40, N'2025-12-27 16:04:26'),
(N'7CE4B5E7-BD74-4CA0-A490-DEC67EC2FF4E', N'675EDBA2-9119-44A7-8651-D2A3578F76AD', N'6CFDC765-7F11-4551-A912-23B72E6DACB9', N'CS0101', N'CS-2024-2025-Y1-01', 1, 40, N'2025-12-27 16:04:26'),
(N'781A55D4-1154-4698-AB7D-E1D313DD3038', N'675EDBA2-9119-44A7-8651-D2A3578F76AD', N'6CFDC765-7F11-4551-A912-23B72E6DACB9', N'CS0102', N'CS-2024-2025-Y1-02', 1, 40, N'2025-12-27 16:04:26'),
(N'CF665196-23E3-41C2-8AC8-836AD96F8355', N'675EDBA2-9119-44A7-8651-D2A3578F76AD', N'6CFDC765-7F11-4551-A912-23B72E6DACB9', N'CS0201', N'CS-2024-2025-Y2-01', 2, 40, N'2025-12-27 16:04:26'),
(N'EAD1261A-CD84-4DA7-AE7F-E0C329AE4F45', N'675EDBA2-9119-44A7-8651-D2A3578F76AD', N'6CFDC765-7F11-4551-A912-23B72E6DACB9', N'CS0202', N'CS-2024-2025-Y2-02', 2, 40, N'2025-12-27 16:04:26'),
(N'1A61F5BF-C5A3-4169-B8D7-E5C27814311E', N'675EDBA2-9119-44A7-8651-D2A3578F76AD', N'6CFDC765-7F11-4551-A912-23B72E6DACB9', N'CS0301', N'CS-2024-2025-Y3-01', 3, 40, N'2025-12-27 16:04:26'),
(N'34CAC767-4045-468B-88BA-559C42DCA099', N'675EDBA2-9119-44A7-8651-D2A3578F76AD', N'6CFDC765-7F11-4551-A912-23B72E6DACB9', N'CS0302', N'CS-2024-2025-Y3-02', 3, 40, N'2025-12-27 16:04:26'),
(N'7EA389A9-F72E-4208-8E14-683FBD6E15BC', N'675EDBA2-9119-44A7-8651-D2A3578F76AD', N'6CFDC765-7F11-4551-A912-23B72E6DACB9', N'CS0401', N'CS-2024-2025-Y4-01', 4, 40, N'2025-12-27 16:04:26'),
(N'9C919FDC-CC03-4028-8D15-A8783E9F525D', N'675EDBA2-9119-44A7-8651-D2A3578F76AD', N'6CFDC765-7F11-4551-A912-23B72E6DACB9', N'CS0402', N'CS-2024-2025-Y4-02', 4, 40, N'2025-12-27 16:04:26'),
(N'723F20B3-6D12-48EF-8828-3AB87D0BF2B8', N'62145234-21FE-404F-9FBE-2D5F09AD5645', N'52FCEACF-F8F0-48A2-A5BA-123BA1CC807D', N'DS0101', N'DS-2022-2023-Y1-01', 1, 40, N'2025-12-27 16:04:26'),
(N'1E31B321-7BD4-492B-A534-242435E08E02', N'62145234-21FE-404F-9FBE-2D5F09AD5645', N'52FCEACF-F8F0-48A2-A5BA-123BA1CC807D', N'DS0102', N'DS-2022-2023-Y1-02', 1, 40, N'2025-12-27 16:04:26'),
(N'CE177AE0-C498-47A4-8E63-CC5C7F8C1BAE', N'62145234-21FE-404F-9FBE-2D5F09AD5645', N'52FCEACF-F8F0-48A2-A5BA-123BA1CC807D', N'DS0201', N'DS-2022-2023-Y2-01', 2, 40, N'2025-12-27 16:04:26'),
(N'A214E6B5-0CC4-41DF-AA1D-FA039DC37347', N'62145234-21FE-404F-9FBE-2D5F09AD5645', N'52FCEACF-F8F0-48A2-A5BA-123BA1CC807D', N'DS0202', N'DS-2022-2023-Y2-02', 2, 40, N'2025-12-27 16:04:26'),
(N'6FD2E328-55EA-48E9-B66A-16975719A8F8', N'62145234-21FE-404F-9FBE-2D5F09AD5645', N'52FCEACF-F8F0-48A2-A5BA-123BA1CC807D', N'DS0301', N'DS-2022-2023-Y3-01', 3, 40, N'2025-12-27 16:04:26'),
(N'168211DF-447A-47EE-ABBA-F0FAE1D8C137', N'62145234-21FE-404F-9FBE-2D5F09AD5645', N'52FCEACF-F8F0-48A2-A5BA-123BA1CC807D', N'DS0302', N'DS-2022-2023-Y3-02', 3, 40, N'2025-12-27 16:04:26'),
(N'A0EB1FF0-B140-4A6B-9844-BE2DACA0D078', N'62145234-21FE-404F-9FBE-2D5F09AD5645', N'52FCEACF-F8F0-48A2-A5BA-123BA1CC807D', N'DS0401', N'DS-2022-2023-Y4-01', 4, 40, N'2025-12-27 16:04:26'),
(N'1109A195-DDF1-42D1-B6AB-F6179CA8B0B5', N'62145234-21FE-404F-9FBE-2D5F09AD5645', N'52FCEACF-F8F0-48A2-A5BA-123BA1CC807D', N'DS0402', N'DS-2022-2023-Y4-02', 4, 40, N'2025-12-27 16:04:26'),
(N'BC5EF021-57EB-4FD7-96C0-37B13952A24E', N'62145234-21FE-404F-9FBE-2D5F09AD5645', N'D13443C2-264E-489F-9BA0-85CCCA4C7273', N'DS0101', N'DS-2023-2024-Y1-01', 1, 40, N'2025-12-27 16:04:26'),
(N'49C0C519-0110-4B62-AD07-766D0BCA6D0D', N'62145234-21FE-404F-9FBE-2D5F09AD5645', N'D13443C2-264E-489F-9BA0-85CCCA4C7273', N'DS0102', N'DS-2023-2024-Y1-02', 1, 40, N'2025-12-27 16:04:26'),
(N'0E369D58-8B46-41D8-BEB2-31B279148EC7', N'62145234-21FE-404F-9FBE-2D5F09AD5645', N'D13443C2-264E-489F-9BA0-85CCCA4C7273', N'DS0201', N'DS-2023-2024-Y2-01', 2, 40, N'2025-12-27 16:04:26'),
(N'41228406-009E-4DE3-B3A4-EF411B68D698', N'62145234-21FE-404F-9FBE-2D5F09AD5645', N'D13443C2-264E-489F-9BA0-85CCCA4C7273', N'DS0202', N'DS-2023-2024-Y2-02', 2, 40, N'2025-12-27 16:04:26'),
(N'4B4EAEFA-BA4C-493D-9590-0C359E9BB9F0', N'62145234-21FE-404F-9FBE-2D5F09AD5645', N'D13443C2-264E-489F-9BA0-85CCCA4C7273', N'DS0301', N'DS-2023-2024-Y3-01', 3, 40, N'2025-12-27 16:04:26'),
(N'2A00AC16-A37C-41ED-9179-4B08BBF9D9F3', N'62145234-21FE-404F-9FBE-2D5F09AD5645', N'D13443C2-264E-489F-9BA0-85CCCA4C7273', N'DS0302', N'DS-2023-2024-Y3-02', 3, 40, N'2025-12-27 16:04:26'),
(N'4323E381-511F-49F9-9327-F6AD633CE217', N'62145234-21FE-404F-9FBE-2D5F09AD5645', N'D13443C2-264E-489F-9BA0-85CCCA4C7273', N'DS0401', N'DS-2023-2024-Y4-01', 4, 40, N'2025-12-27 16:04:26'),
(N'7C7AB10E-2C55-4F63-838D-0A1334CEB495', N'62145234-21FE-404F-9FBE-2D5F09AD5645', N'D13443C2-264E-489F-9BA0-85CCCA4C7273', N'DS0402', N'DS-2023-2024-Y4-02', 4, 40, N'2025-12-27 16:04:26'),
(N'75291664-51D2-49A3-98C2-524F3F545B8C', N'62145234-21FE-404F-9FBE-2D5F09AD5645', N'6CFDC765-7F11-4551-A912-23B72E6DACB9', N'DS0101', N'DS-2024-2025-Y1-01', 1, 40, N'2025-12-27 16:04:26'),
(N'52AEBDD5-99F5-4EDC-BC22-9855CEC015FE', N'62145234-21FE-404F-9FBE-2D5F09AD5645', N'6CFDC765-7F11-4551-A912-23B72E6DACB9', N'DS0102', N'DS-2024-2025-Y1-02', 1, 40, N'2025-12-27 16:04:26'),
(N'2A8985D7-9BE6-4B6B-ACFB-95CE1DB7E6C9', N'62145234-21FE-404F-9FBE-2D5F09AD5645', N'6CFDC765-7F11-4551-A912-23B72E6DACB9', N'DS0201', N'DS-2024-2025-Y2-01', 2, 40, N'2025-12-27 16:04:26'),
(N'8A7C4A2E-056A-4D12-864D-4595A3E66EDC', N'62145234-21FE-404F-9FBE-2D5F09AD5645', N'6CFDC765-7F11-4551-A912-23B72E6DACB9', N'DS0202', N'DS-2024-2025-Y2-02', 2, 40, N'2025-12-27 16:04:26'),
(N'27B1A10F-BB2F-4D2C-8F82-86E4A5C65C88', N'62145234-21FE-404F-9FBE-2D5F09AD5645', N'6CFDC765-7F11-4551-A912-23B72E6DACB9', N'DS0301', N'DS-2024-2025-Y3-01', 3, 40, N'2025-12-27 16:04:26'),
(N'E72715CA-5C83-4A61-8C7A-256D08FFEDF7', N'62145234-21FE-404F-9FBE-2D5F09AD5645', N'6CFDC765-7F11-4551-A912-23B72E6DACB9', N'DS0302', N'DS-2024-2025-Y3-02', 3, 40, N'2025-12-27 16:04:26'),
(N'3751D8CC-3A6A-44DA-A72E-355C5852F7D6', N'62145234-21FE-404F-9FBE-2D5F09AD5645', N'6CFDC765-7F11-4551-A912-23B72E6DACB9', N'DS0401', N'DS-2024-2025-Y4-01', 4, 40, N'2025-12-27 16:04:26'),
(N'E7E678FF-036A-4DE5-921A-FEEFC38E0E0E', N'62145234-21FE-404F-9FBE-2D5F09AD5645', N'6CFDC765-7F11-4551-A912-23B72E6DACB9', N'DS0402', N'DS-2024-2025-Y4-02', 4, 40, N'2025-12-27 16:04:26'),
(N'4AA468C0-855A-4757-825F-5C8F7A1291F4', N'A050906E-DB6B-4B5D-AF56-1D83711515E6', N'52FCEACF-F8F0-48A2-A5BA-123BA1CC807D', N'CE0101', N'CE-2022-2023-Y1-01', 1, 40, N'2025-12-27 16:04:26'),
(N'F201C12D-3FC2-4057-9876-C5EF96C37785', N'A050906E-DB6B-4B5D-AF56-1D83711515E6', N'52FCEACF-F8F0-48A2-A5BA-123BA1CC807D', N'CE0102', N'CE-2022-2023-Y1-02', 1, 40, N'2025-12-27 16:04:26'),
(N'61BCD568-7CCA-43A4-BE20-EBF00EEAB44B', N'A050906E-DB6B-4B5D-AF56-1D83711515E6', N'52FCEACF-F8F0-48A2-A5BA-123BA1CC807D', N'CE0201', N'CE-2022-2023-Y2-01', 2, 40, N'2025-12-27 16:04:26'),
(N'B22DD7B9-148B-43C2-8C7F-9090BD5A0098', N'A050906E-DB6B-4B5D-AF56-1D83711515E6', N'52FCEACF-F8F0-48A2-A5BA-123BA1CC807D', N'CE0202', N'CE-2022-2023-Y2-02', 2, 40, N'2025-12-27 16:04:26'),
(N'009ECA98-6B16-4009-8D77-1D293C1571CA', N'A050906E-DB6B-4B5D-AF56-1D83711515E6', N'52FCEACF-F8F0-48A2-A5BA-123BA1CC807D', N'CE0301', N'CE-2022-2023-Y3-01', 3, 40, N'2025-12-27 16:04:26'),
(N'8986EE39-918A-4884-887E-F97B1038C9E5', N'A050906E-DB6B-4B5D-AF56-1D83711515E6', N'52FCEACF-F8F0-48A2-A5BA-123BA1CC807D', N'CE0302', N'CE-2022-2023-Y3-02', 3, 40, N'2025-12-27 16:04:26'),
(N'7A6C9A35-EACB-44EE-B42A-8D5A4B18936E', N'A050906E-DB6B-4B5D-AF56-1D83711515E6', N'52FCEACF-F8F0-48A2-A5BA-123BA1CC807D', N'CE0401', N'CE-2022-2023-Y4-01', 4, 40, N'2025-12-27 16:04:26'),
(N'6A48D1C9-B5B1-441B-8FDB-8ADC44F5FBCA', N'A050906E-DB6B-4B5D-AF56-1D83711515E6', N'52FCEACF-F8F0-48A2-A5BA-123BA1CC807D', N'CE0402', N'CE-2022-2023-Y4-02', 4, 40, N'2025-12-27 16:04:26'),
(N'D7DA735F-D129-4C7D-9422-01DD5699F07A', N'A050906E-DB6B-4B5D-AF56-1D83711515E6', N'D13443C2-264E-489F-9BA0-85CCCA4C7273', N'CE0101', N'CE-2023-2024-Y1-01', 1, 40, N'2025-12-27 16:04:26'),
(N'11F35909-68C2-4FFA-B9A9-93641DFDA3AE', N'A050906E-DB6B-4B5D-AF56-1D83711515E6', N'D13443C2-264E-489F-9BA0-85CCCA4C7273', N'CE0102', N'CE-2023-2024-Y1-02', 1, 40, N'2025-12-27 16:04:26'),
(N'AAB556C4-FA03-4103-AF97-3FB636576E32', N'A050906E-DB6B-4B5D-AF56-1D83711515E6', N'D13443C2-264E-489F-9BA0-85CCCA4C7273', N'CE0201', N'CE-2023-2024-Y2-01', 2, 40, N'2025-12-27 16:04:26'),
(N'19CB89BB-7109-4436-981B-AD776BA157A3', N'A050906E-DB6B-4B5D-AF56-1D83711515E6', N'D13443C2-264E-489F-9BA0-85CCCA4C7273', N'CE0202', N'CE-2023-2024-Y2-02', 2, 40, N'2025-12-27 16:04:26'),
(N'E6C6700B-4C4F-4147-B61B-50F06B1C85AD', N'A050906E-DB6B-4B5D-AF56-1D83711515E6', N'D13443C2-264E-489F-9BA0-85CCCA4C7273', N'CE0301', N'CE-2023-2024-Y3-01', 3, 40, N'2025-12-27 16:04:26'),
(N'B2F24656-0928-409B-A7BF-1409354B69C7', N'A050906E-DB6B-4B5D-AF56-1D83711515E6', N'D13443C2-264E-489F-9BA0-85CCCA4C7273', N'CE0302', N'CE-2023-2024-Y3-02', 3, 40, N'2025-12-27 16:04:26'),
(N'769366E5-338C-413E-B98F-C6C3D7B0CEDE', N'A050906E-DB6B-4B5D-AF56-1D83711515E6', N'D13443C2-264E-489F-9BA0-85CCCA4C7273', N'CE0401', N'CE-2023-2024-Y4-01', 4, 40, N'2025-12-27 16:04:26'),
(N'3FB5C9B2-047D-4099-8C34-18BF57CC06B8', N'A050906E-DB6B-4B5D-AF56-1D83711515E6', N'D13443C2-264E-489F-9BA0-85CCCA4C7273', N'CE0402', N'CE-2023-2024-Y4-02', 4, 40, N'2025-12-27 16:04:26'),
(N'E6437840-A5EE-4B48-B011-7981A447C50D', N'A050906E-DB6B-4B5D-AF56-1D83711515E6', N'6CFDC765-7F11-4551-A912-23B72E6DACB9', N'CE0101', N'CE-2024-2025-Y1-01', 1, 40, N'2025-12-27 16:04:26'),
(N'5D325C99-F7F9-4406-8150-BA2774D821F8', N'A050906E-DB6B-4B5D-AF56-1D83711515E6', N'6CFDC765-7F11-4551-A912-23B72E6DACB9', N'CE0102', N'CE-2024-2025-Y1-02', 1, 40, N'2025-12-27 16:04:26'),
(N'F4DA9135-7169-4A87-B1B7-6A69238D80B7', N'A050906E-DB6B-4B5D-AF56-1D83711515E6', N'6CFDC765-7F11-4551-A912-23B72E6DACB9', N'CE0201', N'CE-2024-2025-Y2-01', 2, 40, N'2025-12-27 16:04:26'),
(N'BF07A483-8492-4BFC-817E-E6290C6591C5', N'A050906E-DB6B-4B5D-AF56-1D83711515E6', N'6CFDC765-7F11-4551-A912-23B72E6DACB9', N'CE0202', N'CE-2024-2025-Y2-02', 2, 40, N'2025-12-27 16:04:26'),
(N'AFDB55FE-5BA5-450E-BD90-62F33324CFB8', N'A050906E-DB6B-4B5D-AF56-1D83711515E6', N'6CFDC765-7F11-4551-A912-23B72E6DACB9', N'CE0301', N'CE-2024-2025-Y3-01', 3, 40, N'2025-12-27 16:04:26'),
(N'E08AC4D6-5CCE-4D54-9955-ECC63ED79E0E', N'A050906E-DB6B-4B5D-AF56-1D83711515E6', N'6CFDC765-7F11-4551-A912-23B72E6DACB9', N'CE0302', N'CE-2024-2025-Y3-02', 3, 40, N'2025-12-27 16:04:26'),
(N'958703D0-28F7-4F79-9549-4AF674E4D400', N'A050906E-DB6B-4B5D-AF56-1D83711515E6', N'6CFDC765-7F11-4551-A912-23B72E6DACB9', N'CE0401', N'CE-2024-2025-Y4-01', 4, 40, N'2025-12-27 16:04:26'),
(N'E5331D8C-28F6-46C9-9844-59FB1C72E299', N'A050906E-DB6B-4B5D-AF56-1D83711515E6', N'6CFDC765-7F11-4551-A912-23B72E6DACB9', N'CE0402', N'CE-2024-2025-Y4-02', 4, 40, N'2025-12-27 16:04:26'),
(N'FB17D3F0-AA9E-4B81-9847-D4E364E75957', N'7CC4E3EA-4AB4-4002-86E2-AF82D108CD5D', N'52FCEACF-F8F0-48A2-A5BA-123BA1CC807D', N'SE0101', N'SE-2022-2023-Y1-01', 1, 40, N'2025-12-27 16:04:26'),
(N'E20C7CA9-7E8E-4FAF-AB14-24CB413254E2', N'7CC4E3EA-4AB4-4002-86E2-AF82D108CD5D', N'52FCEACF-F8F0-48A2-A5BA-123BA1CC807D', N'SE0102', N'SE-2022-2023-Y1-02', 1, 40, N'2025-12-27 16:04:26'),
(N'67177E24-683E-468B-A24B-D93668403F54', N'7CC4E3EA-4AB4-4002-86E2-AF82D108CD5D', N'52FCEACF-F8F0-48A2-A5BA-123BA1CC807D', N'SE0201', N'SE-2022-2023-Y2-01', 2, 40, N'2025-12-27 16:04:26'),
(N'9E97F214-4F0C-400D-8BC6-A777CB071A4F', N'7CC4E3EA-4AB4-4002-86E2-AF82D108CD5D', N'52FCEACF-F8F0-48A2-A5BA-123BA1CC807D', N'SE0202', N'SE-2022-2023-Y2-02', 2, 40, N'2025-12-27 16:04:26'),
(N'04236298-00A1-446A-A58E-41C2C48B3D73', N'7CC4E3EA-4AB4-4002-86E2-AF82D108CD5D', N'52FCEACF-F8F0-48A2-A5BA-123BA1CC807D', N'SE0301', N'SE-2022-2023-Y3-01', 3, 40, N'2025-12-27 16:04:26'),
(N'B781AC4B-54CC-45A1-9B1E-9F827F3EA872', N'7CC4E3EA-4AB4-4002-86E2-AF82D108CD5D', N'52FCEACF-F8F0-48A2-A5BA-123BA1CC807D', N'SE0302', N'SE-2022-2023-Y3-02', 3, 40, N'2025-12-27 16:04:26'),
(N'64507709-8F43-44A8-9A3F-F879E7317E40', N'7CC4E3EA-4AB4-4002-86E2-AF82D108CD5D', N'52FCEACF-F8F0-48A2-A5BA-123BA1CC807D', N'SE0401', N'SE-2022-2023-Y4-01', 4, 40, N'2025-12-27 16:04:26'),
(N'E2809710-33DC-45BB-8372-2076CB6E8247', N'7CC4E3EA-4AB4-4002-86E2-AF82D108CD5D', N'52FCEACF-F8F0-48A2-A5BA-123BA1CC807D', N'SE0402', N'SE-2022-2023-Y4-02', 4, 40, N'2025-12-27 16:04:26'),
(N'5CA524DD-6B17-4218-8BF1-98EFF92F2DE0', N'7CC4E3EA-4AB4-4002-86E2-AF82D108CD5D', N'D13443C2-264E-489F-9BA0-85CCCA4C7273', N'SE0101', N'SE-2023-2024-Y1-01', 1, 40, N'2025-12-27 16:04:26'),
(N'E8C65A7B-0A54-4096-8433-FE916DFED1AD', N'7CC4E3EA-4AB4-4002-86E2-AF82D108CD5D', N'D13443C2-264E-489F-9BA0-85CCCA4C7273', N'SE0102', N'SE-2023-2024-Y1-02', 1, 40, N'2025-12-27 16:04:26'),
(N'56516E89-85C6-4B85-95B5-20C9488911E3', N'7CC4E3EA-4AB4-4002-86E2-AF82D108CD5D', N'D13443C2-264E-489F-9BA0-85CCCA4C7273', N'SE0201', N'SE-2023-2024-Y2-01', 2, 40, N'2025-12-27 16:04:26'),
(N'2A2DC2FE-CC95-4030-963F-06F15481C958', N'7CC4E3EA-4AB4-4002-86E2-AF82D108CD5D', N'D13443C2-264E-489F-9BA0-85CCCA4C7273', N'SE0202', N'SE-2023-2024-Y2-02', 2, 40, N'2025-12-27 16:04:26'),
(N'4E2334D6-8371-448E-BB5E-112E6CA8D933', N'7CC4E3EA-4AB4-4002-86E2-AF82D108CD5D', N'D13443C2-264E-489F-9BA0-85CCCA4C7273', N'SE0301', N'SE-2023-2024-Y3-01', 3, 40, N'2025-12-27 16:04:26'),
(N'63693907-1FB1-4CBC-B866-5E1CDBCD4868', N'7CC4E3EA-4AB4-4002-86E2-AF82D108CD5D', N'D13443C2-264E-489F-9BA0-85CCCA4C7273', N'SE0302', N'SE-2023-2024-Y3-02', 3, 40, N'2025-12-27 16:04:26'),
(N'D814CEF1-52E3-4667-A95C-61FF5CACD79C', N'7CC4E3EA-4AB4-4002-86E2-AF82D108CD5D', N'D13443C2-264E-489F-9BA0-85CCCA4C7273', N'SE0401', N'SE-2023-2024-Y4-01', 4, 40, N'2025-12-27 16:04:26'),
(N'3BF59CBF-4767-4F3C-ADD6-2194FD4B4EB2', N'7CC4E3EA-4AB4-4002-86E2-AF82D108CD5D', N'D13443C2-264E-489F-9BA0-85CCCA4C7273', N'SE0402', N'SE-2023-2024-Y4-02', 4, 40, N'2025-12-27 16:04:26'),
(N'39909412-4553-4FFF-BF03-9F2D446DCD13', N'7CC4E3EA-4AB4-4002-86E2-AF82D108CD5D', N'6CFDC765-7F11-4551-A912-23B72E6DACB9', N'SE0101', N'SE-2024-2025-Y1-01', 1, 40, N'2025-12-27 16:04:26'),
(N'5437330F-9240-4FBC-9667-C755EEC5A7E2', N'7CC4E3EA-4AB4-4002-86E2-AF82D108CD5D', N'6CFDC765-7F11-4551-A912-23B72E6DACB9', N'SE0102', N'SE-2024-2025-Y1-02', 1, 40, N'2025-12-27 16:04:26'),
(N'678A352D-4B70-48E3-BBBF-A0748C11EB25', N'7CC4E3EA-4AB4-4002-86E2-AF82D108CD5D', N'6CFDC765-7F11-4551-A912-23B72E6DACB9', N'SE0201', N'SE-2024-2025-Y2-01', 2, 40, N'2025-12-27 16:04:26'),
(N'3E91B800-1355-4CC7-9F4A-B20B9A80517F', N'7CC4E3EA-4AB4-4002-86E2-AF82D108CD5D', N'6CFDC765-7F11-4551-A912-23B72E6DACB9', N'SE0202', N'SE-2024-2025-Y2-02', 2, 40, N'2025-12-27 16:04:26'),
(N'6BF07DD3-EEB5-45C0-ACAD-A4E407085F96', N'7CC4E3EA-4AB4-4002-86E2-AF82D108CD5D', N'6CFDC765-7F11-4551-A912-23B72E6DACB9', N'SE0301', N'SE-2024-2025-Y3-01', 3, 40, N'2025-12-27 16:04:26'),
(N'00D0F2E2-AF43-4954-9915-C130674D4DFC', N'7CC4E3EA-4AB4-4002-86E2-AF82D108CD5D', N'6CFDC765-7F11-4551-A912-23B72E6DACB9', N'SE0302', N'SE-2024-2025-Y3-02', 3, 40, N'2025-12-27 16:04:26'),
(N'73F7E0B9-541E-4393-A89E-D2ADE8B2CE80', N'7CC4E3EA-4AB4-4002-86E2-AF82D108CD5D', N'6CFDC765-7F11-4551-A912-23B72E6DACB9', N'SE0401', N'SE-2024-2025-Y4-01', 4, 40, N'2025-12-27 16:04:26'),
(N'84F3AF02-5E05-4641-9504-E677E23213EA', N'7CC4E3EA-4AB4-4002-86E2-AF82D108CD5D', N'6CFDC765-7F11-4551-A912-23B72E6DACB9', N'SE0402', N'SE-2024-2025-Y4-02', 4, 40, N'2025-12-27 16:04:26'),
(N'0B56E2D4-D879-41D9-BBFE-2D0C49021159', N'1D0CA21C-C344-4EA7-AD89-B16478BE6631', N'52FCEACF-F8F0-48A2-A5BA-123BA1CC807D', N'IS0101', N'IS-2022-2023-Y1-01', 1, 40, N'2025-12-27 16:04:26'),
(N'CAF23FD7-285A-43D1-9AA8-57A357503741', N'1D0CA21C-C344-4EA7-AD89-B16478BE6631', N'52FCEACF-F8F0-48A2-A5BA-123BA1CC807D', N'IS0102', N'IS-2022-2023-Y1-02', 1, 40, N'2025-12-27 16:04:26'),
(N'F95C071E-2143-403D-9288-26C12D0D79C0', N'1D0CA21C-C344-4EA7-AD89-B16478BE6631', N'52FCEACF-F8F0-48A2-A5BA-123BA1CC807D', N'IS0201', N'IS-2022-2023-Y2-01', 2, 40, N'2025-12-27 16:04:26'),
(N'3335304F-6502-487F-812B-10313358ECB4', N'1D0CA21C-C344-4EA7-AD89-B16478BE6631', N'52FCEACF-F8F0-48A2-A5BA-123BA1CC807D', N'IS0202', N'IS-2022-2023-Y2-02', 2, 40, N'2025-12-27 16:04:26'),
(N'83BE69D4-19F7-4481-AFCF-7779EA6BAA13', N'1D0CA21C-C344-4EA7-AD89-B16478BE6631', N'52FCEACF-F8F0-48A2-A5BA-123BA1CC807D', N'IS0301', N'IS-2022-2023-Y3-01', 3, 40, N'2025-12-27 16:04:26'),
(N'FBC24315-CA82-418C-A30B-D01A379DB845', N'1D0CA21C-C344-4EA7-AD89-B16478BE6631', N'52FCEACF-F8F0-48A2-A5BA-123BA1CC807D', N'IS0302', N'IS-2022-2023-Y3-02', 3, 40, N'2025-12-27 16:04:26'),
(N'32762598-6601-43A3-8FB1-0F7073BEEB26', N'1D0CA21C-C344-4EA7-AD89-B16478BE6631', N'52FCEACF-F8F0-48A2-A5BA-123BA1CC807D', N'IS0401', N'IS-2022-2023-Y4-01', 4, 40, N'2025-12-27 16:04:26'),
(N'8B3BF743-9C5B-4290-973E-7B55FC39665E', N'1D0CA21C-C344-4EA7-AD89-B16478BE6631', N'52FCEACF-F8F0-48A2-A5BA-123BA1CC807D', N'IS0402', N'IS-2022-2023-Y4-02', 4, 40, N'2025-12-27 16:04:26'),
(N'D360355B-844A-4165-9271-C39BFD9C480B', N'1D0CA21C-C344-4EA7-AD89-B16478BE6631', N'D13443C2-264E-489F-9BA0-85CCCA4C7273', N'IS0101', N'IS-2023-2024-Y1-01', 1, 40, N'2025-12-27 16:04:26'),
(N'A246A3C4-7716-4171-9435-CB632B48B707', N'1D0CA21C-C344-4EA7-AD89-B16478BE6631', N'D13443C2-264E-489F-9BA0-85CCCA4C7273', N'IS0102', N'IS-2023-2024-Y1-02', 1, 40, N'2025-12-27 16:04:26'),
(N'C782C040-1207-4C12-B2B4-37062026F3EF', N'1D0CA21C-C344-4EA7-AD89-B16478BE6631', N'D13443C2-264E-489F-9BA0-85CCCA4C7273', N'IS0201', N'IS-2023-2024-Y2-01', 2, 40, N'2025-12-27 16:04:26'),
(N'93405661-1DC2-47CF-9AF3-541727DA0F0B', N'1D0CA21C-C344-4EA7-AD89-B16478BE6631', N'D13443C2-264E-489F-9BA0-85CCCA4C7273', N'IS0202', N'IS-2023-2024-Y2-02', 2, 40, N'2025-12-27 16:04:26'),
(N'ADC172D2-A05B-4B1B-8E44-ECC156A6A244', N'1D0CA21C-C344-4EA7-AD89-B16478BE6631', N'D13443C2-264E-489F-9BA0-85CCCA4C7273', N'IS0301', N'IS-2023-2024-Y3-01', 3, 40, N'2025-12-27 16:04:26'),
(N'70A6E94D-B32B-42CA-A28D-AFA2CB1BFB4D', N'1D0CA21C-C344-4EA7-AD89-B16478BE6631', N'D13443C2-264E-489F-9BA0-85CCCA4C7273', N'IS0302', N'IS-2023-2024-Y3-02', 3, 40, N'2025-12-27 16:04:26'),
(N'5097084F-69F5-4840-B489-3109E54344BC', N'1D0CA21C-C344-4EA7-AD89-B16478BE6631', N'D13443C2-264E-489F-9BA0-85CCCA4C7273', N'IS0401', N'IS-2023-2024-Y4-01', 4, 40, N'2025-12-27 16:04:26'),
(N'01344758-945D-41D7-9BE7-31EEA6CAE84E', N'1D0CA21C-C344-4EA7-AD89-B16478BE6631', N'D13443C2-264E-489F-9BA0-85CCCA4C7273', N'IS0402', N'IS-2023-2024-Y4-02', 4, 40, N'2025-12-27 16:04:26'),
(N'85DADB97-FA0C-4047-9D06-66AFBC4925E5', N'1D0CA21C-C344-4EA7-AD89-B16478BE6631', N'6CFDC765-7F11-4551-A912-23B72E6DACB9', N'IS0101', N'IS-2024-2025-Y1-01', 1, 40, N'2025-12-27 16:04:26'),
(N'4A9D6AAD-DC7B-4F15-B79F-93E956C69AF5', N'1D0CA21C-C344-4EA7-AD89-B16478BE6631', N'6CFDC765-7F11-4551-A912-23B72E6DACB9', N'IS0102', N'IS-2024-2025-Y1-02', 1, 40, N'2025-12-27 16:04:26'),
(N'A63791A6-B741-4A59-B16C-EBC9DBA03465', N'1D0CA21C-C344-4EA7-AD89-B16478BE6631', N'6CFDC765-7F11-4551-A912-23B72E6DACB9', N'IS0201', N'IS-2024-2025-Y2-01', 2, 40, N'2025-12-27 16:04:26'),
(N'9E9D938E-2EB6-4E8A-B97B-D3D5E7CE44AF', N'1D0CA21C-C344-4EA7-AD89-B16478BE6631', N'6CFDC765-7F11-4551-A912-23B72E6DACB9', N'IS0202', N'IS-2024-2025-Y2-02', 2, 40, N'2025-12-27 16:04:26'),
(N'0E72D5D4-9369-4729-BAA0-611EEFA2D140', N'1D0CA21C-C344-4EA7-AD89-B16478BE6631', N'6CFDC765-7F11-4551-A912-23B72E6DACB9', N'IS0301', N'IS-2024-2025-Y3-01', 3, 40, N'2025-12-27 16:04:26'),
(N'23C494F9-F186-45B5-B5F6-77B533CA41E5', N'1D0CA21C-C344-4EA7-AD89-B16478BE6631', N'6CFDC765-7F11-4551-A912-23B72E6DACB9', N'IS0302', N'IS-2024-2025-Y3-02', 3, 40, N'2025-12-27 16:04:26'),
(N'CEC167BD-3B69-4601-843F-6FC32B8E2664', N'1D0CA21C-C344-4EA7-AD89-B16478BE6631', N'6CFDC765-7F11-4551-A912-23B72E6DACB9', N'IS0401', N'IS-2024-2025-Y4-01', 4, 40, N'2025-12-27 16:04:26'),
(N'25CE213E-F7E3-4ABB-AD48-B9DB619EEA7B', N'1D0CA21C-C344-4EA7-AD89-B16478BE6631', N'6CFDC765-7F11-4551-A912-23B72E6DACB9', N'IS0402', N'IS-2024-2025-Y4-02', 4, 40, N'2025-12-27 16:04:26'),
(N'94AAE87F-8187-4243-9452-CD35B2C22BE3', N'FAF8F214-B3F8-40D7-83F8-934DEFE447F3', N'52FCEACF-F8F0-48A2-A5BA-123BA1CC807D', N'EE0101', N'EE-2022-2023-Y1-01', 1, 40, N'2025-12-27 16:04:26'),
(N'6643D275-2ED8-4406-832B-A09AECDB6D2C', N'FAF8F214-B3F8-40D7-83F8-934DEFE447F3', N'52FCEACF-F8F0-48A2-A5BA-123BA1CC807D', N'EE0102', N'EE-2022-2023-Y1-02', 1, 40, N'2025-12-27 16:04:26'),
(N'66769496-FACF-40E4-8E2B-212CA56639CD', N'FAF8F214-B3F8-40D7-83F8-934DEFE447F3', N'52FCEACF-F8F0-48A2-A5BA-123BA1CC807D', N'EE0201', N'EE-2022-2023-Y2-01', 2, 40, N'2025-12-27 16:04:26'),
(N'81C071EC-FE78-4500-A352-32DB18A0B5E7', N'FAF8F214-B3F8-40D7-83F8-934DEFE447F3', N'52FCEACF-F8F0-48A2-A5BA-123BA1CC807D', N'EE0202', N'EE-2022-2023-Y2-02', 2, 40, N'2025-12-27 16:04:26'),
(N'FBD3C50A-04A4-45F6-8372-C528C5589D26', N'FAF8F214-B3F8-40D7-83F8-934DEFE447F3', N'52FCEACF-F8F0-48A2-A5BA-123BA1CC807D', N'EE0301', N'EE-2022-2023-Y3-01', 3, 40, N'2025-12-27 16:04:26'),
(N'2DA37DA8-A619-4CAC-88ED-C1BA82BEC1C7', N'FAF8F214-B3F8-40D7-83F8-934DEFE447F3', N'52FCEACF-F8F0-48A2-A5BA-123BA1CC807D', N'EE0302', N'EE-2022-2023-Y3-02', 3, 40, N'2025-12-27 16:04:26'),
(N'55E749A7-9BD3-46B1-B40F-C4FE416B5D4F', N'FAF8F214-B3F8-40D7-83F8-934DEFE447F3', N'52FCEACF-F8F0-48A2-A5BA-123BA1CC807D', N'EE0401', N'EE-2022-2023-Y4-01', 4, 40, N'2025-12-27 16:04:26'),
(N'36B8A0D9-6B03-4F75-BC07-215BD1C57911', N'FAF8F214-B3F8-40D7-83F8-934DEFE447F3', N'52FCEACF-F8F0-48A2-A5BA-123BA1CC807D', N'EE0402', N'EE-2022-2023-Y4-02', 4, 40, N'2025-12-27 16:04:26'),
(N'1A4D730E-B2ED-4227-AE47-FBBF02A656DE', N'FAF8F214-B3F8-40D7-83F8-934DEFE447F3', N'D13443C2-264E-489F-9BA0-85CCCA4C7273', N'EE0101', N'EE-2023-2024-Y1-01', 1, 40, N'2025-12-27 16:04:26'),
(N'055559F3-2C27-4E62-86EF-A5E1BA46156A', N'FAF8F214-B3F8-40D7-83F8-934DEFE447F3', N'D13443C2-264E-489F-9BA0-85CCCA4C7273', N'EE0102', N'EE-2023-2024-Y1-02', 1, 40, N'2025-12-27 16:04:26'),
(N'638D5B36-7FE6-45A1-B650-05D71422FFBC', N'FAF8F214-B3F8-40D7-83F8-934DEFE447F3', N'D13443C2-264E-489F-9BA0-85CCCA4C7273', N'EE0201', N'EE-2023-2024-Y2-01', 2, 40, N'2025-12-27 16:04:26'),
(N'FC4FEBC7-5B53-4485-AB54-B4020871F009', N'FAF8F214-B3F8-40D7-83F8-934DEFE447F3', N'D13443C2-264E-489F-9BA0-85CCCA4C7273', N'EE0202', N'EE-2023-2024-Y2-02', 2, 40, N'2025-12-27 16:04:26'),
(N'B624B292-0C32-4754-9C81-A6ACBAA0385F', N'FAF8F214-B3F8-40D7-83F8-934DEFE447F3', N'D13443C2-264E-489F-9BA0-85CCCA4C7273', N'EE0301', N'EE-2023-2024-Y3-01', 3, 40, N'2025-12-27 16:04:26'),
(N'09F013EE-067E-4FBD-AF64-920C0011DCD7', N'FAF8F214-B3F8-40D7-83F8-934DEFE447F3', N'D13443C2-264E-489F-9BA0-85CCCA4C7273', N'EE0302', N'EE-2023-2024-Y3-02', 3, 40, N'2025-12-27 16:04:26'),
(N'2BA46BB2-AF83-4646-89E9-9D98F5CCE326', N'FAF8F214-B3F8-40D7-83F8-934DEFE447F3', N'D13443C2-264E-489F-9BA0-85CCCA4C7273', N'EE0401', N'EE-2023-2024-Y4-01', 4, 40, N'2025-12-27 16:04:26'),
(N'13895755-CA36-4EE0-BA3B-04BF433F2C85', N'FAF8F214-B3F8-40D7-83F8-934DEFE447F3', N'D13443C2-264E-489F-9BA0-85CCCA4C7273', N'EE0402', N'EE-2023-2024-Y4-02', 4, 40, N'2025-12-27 16:04:26'),
(N'312BCB67-25D1-4285-BC40-528AF42236FA', N'FAF8F214-B3F8-40D7-83F8-934DEFE447F3', N'6CFDC765-7F11-4551-A912-23B72E6DACB9', N'EE0101', N'EE-2024-2025-Y1-01', 1, 40, N'2025-12-27 16:04:26'),
(N'2D3F43AA-39C6-4076-B7A9-9EF05DB15392', N'FAF8F214-B3F8-40D7-83F8-934DEFE447F3', N'6CFDC765-7F11-4551-A912-23B72E6DACB9', N'EE0102', N'EE-2024-2025-Y1-02', 1, 40, N'2025-12-27 16:04:26'),
(N'4E9BE80E-C604-4CC4-8CC5-854F2F4EE498', N'FAF8F214-B3F8-40D7-83F8-934DEFE447F3', N'6CFDC765-7F11-4551-A912-23B72E6DACB9', N'EE0201', N'EE-2024-2025-Y2-01', 2, 40, N'2025-12-27 16:04:26'),
(N'82DA6D02-8146-469C-B7F4-2E65EBE13A3F', N'FAF8F214-B3F8-40D7-83F8-934DEFE447F3', N'6CFDC765-7F11-4551-A912-23B72E6DACB9', N'EE0202', N'EE-2024-2025-Y2-02', 2, 40, N'2025-12-27 16:04:26'),
(N'431CB55D-112E-498A-A75C-381C0028B205', N'FAF8F214-B3F8-40D7-83F8-934DEFE447F3', N'6CFDC765-7F11-4551-A912-23B72E6DACB9', N'EE0301', N'EE-2024-2025-Y3-01', 3, 40, N'2025-12-27 16:04:26'),
(N'E531BEC8-5C87-4761-A37A-DE2FD5F6ABA7', N'FAF8F214-B3F8-40D7-83F8-934DEFE447F3', N'6CFDC765-7F11-4551-A912-23B72E6DACB9', N'EE0302', N'EE-2024-2025-Y3-02', 3, 40, N'2025-12-27 16:04:26'),
(N'9E21B85A-1CD8-4EA2-9039-21BF198295C5', N'FAF8F214-B3F8-40D7-83F8-934DEFE447F3', N'6CFDC765-7F11-4551-A912-23B72E6DACB9', N'EE0401', N'EE-2024-2025-Y4-01', 4, 40, N'2025-12-27 16:04:26'),
(N'4F3751CD-79B8-4DBD-AAC3-DCE6CFF3751B', N'FAF8F214-B3F8-40D7-83F8-934DEFE447F3', N'6CFDC765-7F11-4551-A912-23B72E6DACB9', N'EE0402', N'EE-2024-2025-Y4-02', 4, 40, N'2025-12-27 16:04:26'),
(N'5072D05B-1E29-43C4-9B8C-413419A4D533', N'6D21FFCD-8573-4EF8-9C76-9DFD5D7AC9DA', N'52FCEACF-F8F0-48A2-A5BA-123BA1CC807D', N'CAE0101', N'CAE-2022-2023-Y1-01', 1, 40, N'2025-12-27 16:04:26'),
(N'5DD73DDA-9ACF-467D-B9EE-E22769159CE2', N'6D21FFCD-8573-4EF8-9C76-9DFD5D7AC9DA', N'52FCEACF-F8F0-48A2-A5BA-123BA1CC807D', N'CAE0102', N'CAE-2022-2023-Y1-02', 1, 40, N'2025-12-27 16:04:26'),
(N'96CDA872-6E71-46E5-B9CF-01AF94E4CC20', N'6D21FFCD-8573-4EF8-9C76-9DFD5D7AC9DA', N'52FCEACF-F8F0-48A2-A5BA-123BA1CC807D', N'CAE0201', N'CAE-2022-2023-Y2-01', 2, 40, N'2025-12-27 16:04:26'),
(N'A03A882F-31F7-45A6-B0EE-E105AC07479F', N'6D21FFCD-8573-4EF8-9C76-9DFD5D7AC9DA', N'52FCEACF-F8F0-48A2-A5BA-123BA1CC807D', N'CAE0202', N'CAE-2022-2023-Y2-02', 2, 40, N'2025-12-27 16:04:26'),
(N'26A48497-2FF4-441A-9D8F-A5DDDD0B7B42', N'6D21FFCD-8573-4EF8-9C76-9DFD5D7AC9DA', N'52FCEACF-F8F0-48A2-A5BA-123BA1CC807D', N'CAE0301', N'CAE-2022-2023-Y3-01', 3, 40, N'2025-12-27 16:04:26'),
(N'59D00ECD-AF38-4E4E-9ACF-45A89286BCF8', N'6D21FFCD-8573-4EF8-9C76-9DFD5D7AC9DA', N'52FCEACF-F8F0-48A2-A5BA-123BA1CC807D', N'CAE0302', N'CAE-2022-2023-Y3-02', 3, 40, N'2025-12-27 16:04:26'),
(N'45B4B917-7003-4BB3-95D4-CC23EFBDB308', N'6D21FFCD-8573-4EF8-9C76-9DFD5D7AC9DA', N'52FCEACF-F8F0-48A2-A5BA-123BA1CC807D', N'CAE0401', N'CAE-2022-2023-Y4-01', 4, 40, N'2025-12-27 16:04:26'),
(N'19B4C71F-D0EA-4ABD-B226-FB6C0BAE2975', N'6D21FFCD-8573-4EF8-9C76-9DFD5D7AC9DA', N'52FCEACF-F8F0-48A2-A5BA-123BA1CC807D', N'CAE0402', N'CAE-2022-2023-Y4-02', 4, 40, N'2025-12-27 16:04:26'),
(N'00263695-E4FB-4143-B187-19539BBBC4C3', N'6D21FFCD-8573-4EF8-9C76-9DFD5D7AC9DA', N'D13443C2-264E-489F-9BA0-85CCCA4C7273', N'CAE0101', N'CAE-2023-2024-Y1-01', 1, 40, N'2025-12-27 16:04:26'),
(N'B1463ECF-37DB-47F7-83FB-8F9AD1E9B2DC', N'6D21FFCD-8573-4EF8-9C76-9DFD5D7AC9DA', N'D13443C2-264E-489F-9BA0-85CCCA4C7273', N'CAE0102', N'CAE-2023-2024-Y1-02', 1, 40, N'2025-12-27 16:04:26'),
(N'65DCEB5D-7160-44FE-A8C6-505F12A9CE0B', N'6D21FFCD-8573-4EF8-9C76-9DFD5D7AC9DA', N'D13443C2-264E-489F-9BA0-85CCCA4C7273', N'CAE0201', N'CAE-2023-2024-Y2-01', 2, 40, N'2025-12-27 16:04:26'),
(N'9828EABD-4447-4A0A-AD7A-7DBB6E71D2E4', N'6D21FFCD-8573-4EF8-9C76-9DFD5D7AC9DA', N'D13443C2-264E-489F-9BA0-85CCCA4C7273', N'CAE0202', N'CAE-2023-2024-Y2-02', 2, 40, N'2025-12-27 16:04:26'),
(N'6DAD6440-7A81-4771-826F-DD891C05D91D', N'6D21FFCD-8573-4EF8-9C76-9DFD5D7AC9DA', N'D13443C2-264E-489F-9BA0-85CCCA4C7273', N'CAE0301', N'CAE-2023-2024-Y3-01', 3, 40, N'2025-12-27 16:04:26'),
(N'8115621A-BE93-4829-A5F5-4C0CD520BCE0', N'6D21FFCD-8573-4EF8-9C76-9DFD5D7AC9DA', N'D13443C2-264E-489F-9BA0-85CCCA4C7273', N'CAE0302', N'CAE-2023-2024-Y3-02', 3, 40, N'2025-12-27 16:04:26'),
(N'26A8161E-00AD-4187-B77E-86E2CE676FC3', N'6D21FFCD-8573-4EF8-9C76-9DFD5D7AC9DA', N'D13443C2-264E-489F-9BA0-85CCCA4C7273', N'CAE0401', N'CAE-2023-2024-Y4-01', 4, 40, N'2025-12-27 16:04:26'),
(N'FDA538F4-8D39-471F-95C2-D9FCB2E7898A', N'6D21FFCD-8573-4EF8-9C76-9DFD5D7AC9DA', N'D13443C2-264E-489F-9BA0-85CCCA4C7273', N'CAE0402', N'CAE-2023-2024-Y4-02', 4, 40, N'2025-12-27 16:04:26'),
(N'096265C9-9BA6-4B89-9762-5B0F942A9212', N'6D21FFCD-8573-4EF8-9C76-9DFD5D7AC9DA', N'6CFDC765-7F11-4551-A912-23B72E6DACB9', N'CAE0101', N'CAE-2024-2025-Y1-01', 1, 40, N'2025-12-27 16:04:26'),
(N'FB0C242D-C298-4973-B0A2-834A768B2724', N'6D21FFCD-8573-4EF8-9C76-9DFD5D7AC9DA', N'6CFDC765-7F11-4551-A912-23B72E6DACB9', N'CAE0102', N'CAE-2024-2025-Y1-02', 1, 40, N'2025-12-27 16:04:26'),
(N'34F8EC70-3F3F-4559-83DD-01DA640E20B0', N'6D21FFCD-8573-4EF8-9C76-9DFD5D7AC9DA', N'6CFDC765-7F11-4551-A912-23B72E6DACB9', N'CAE0201', N'CAE-2024-2025-Y2-01', 2, 40, N'2025-12-27 16:04:26'),
(N'4FFA9ACD-DE23-42B3-ABBC-EA496EFAC2B9', N'6D21FFCD-8573-4EF8-9C76-9DFD5D7AC9DA', N'6CFDC765-7F11-4551-A912-23B72E6DACB9', N'CAE0202', N'CAE-2024-2025-Y2-02', 2, 40, N'2025-12-27 16:04:26'),
(N'C084FB01-1CF3-4E36-B1C9-BDD9E6D2232C', N'6D21FFCD-8573-4EF8-9C76-9DFD5D7AC9DA', N'6CFDC765-7F11-4551-A912-23B72E6DACB9', N'CAE0301', N'CAE-2024-2025-Y3-01', 3, 40, N'2025-12-27 16:04:26'),
(N'FACB7268-C031-459D-A941-313E64E8B5F1', N'6D21FFCD-8573-4EF8-9C76-9DFD5D7AC9DA', N'6CFDC765-7F11-4551-A912-23B72E6DACB9', N'CAE0302', N'CAE-2024-2025-Y3-02', 3, 40, N'2025-12-27 16:04:26'),
(N'28ADE8D8-ADE7-4762-B916-1784BD4DD013', N'6D21FFCD-8573-4EF8-9C76-9DFD5D7AC9DA', N'6CFDC765-7F11-4551-A912-23B72E6DACB9', N'CAE0401', N'CAE-2024-2025-Y4-01', 4, 40, N'2025-12-27 16:04:26'),
(N'2DFD01DA-E882-4FC5-B729-BFAA5F2A0C37', N'6D21FFCD-8573-4EF8-9C76-9DFD5D7AC9DA', N'6CFDC765-7F11-4551-A912-23B72E6DACB9', N'CAE0402', N'CAE-2024-2025-Y4-02', 4, 40, N'2025-12-27 16:04:26'),
(N'2429C5F2-6B5A-49FF-BED5-ED34508AC6E4', N'954D9B01-C954-46A4-906E-6C4A654E714A', N'52FCEACF-F8F0-48A2-A5BA-123BA1CC807D', N'ECE0101', N'ECE-2022-2023-Y1-01', 1, 40, N'2025-12-27 16:04:26'),
(N'3A6C40DC-25C0-4AA4-91BF-E37D66CBBD94', N'954D9B01-C954-46A4-906E-6C4A654E714A', N'52FCEACF-F8F0-48A2-A5BA-123BA1CC807D', N'ECE0102', N'ECE-2022-2023-Y1-02', 1, 40, N'2025-12-27 16:04:26'),
(N'C70B0585-FC47-40E0-B334-DA8BCB911CCD', N'954D9B01-C954-46A4-906E-6C4A654E714A', N'52FCEACF-F8F0-48A2-A5BA-123BA1CC807D', N'ECE0201', N'ECE-2022-2023-Y2-01', 2, 40, N'2025-12-27 16:04:26'),
(N'C3CBADD6-22C3-4443-8815-80B0CEC90668', N'954D9B01-C954-46A4-906E-6C4A654E714A', N'52FCEACF-F8F0-48A2-A5BA-123BA1CC807D', N'ECE0202', N'ECE-2022-2023-Y2-02', 2, 40, N'2025-12-27 16:04:26'),
(N'ED6E3482-A688-4F3A-92C7-AA08D5F661E3', N'954D9B01-C954-46A4-906E-6C4A654E714A', N'52FCEACF-F8F0-48A2-A5BA-123BA1CC807D', N'ECE0301', N'ECE-2022-2023-Y3-01', 3, 40, N'2025-12-27 16:04:26'),
(N'0F938909-F442-4C78-8E44-0AAF24102F34', N'954D9B01-C954-46A4-906E-6C4A654E714A', N'52FCEACF-F8F0-48A2-A5BA-123BA1CC807D', N'ECE0302', N'ECE-2022-2023-Y3-02', 3, 40, N'2025-12-27 16:04:26'),
(N'305D1E9D-1520-489D-BEFB-587A670C8CDC', N'954D9B01-C954-46A4-906E-6C4A654E714A', N'52FCEACF-F8F0-48A2-A5BA-123BA1CC807D', N'ECE0401', N'ECE-2022-2023-Y4-01', 4, 40, N'2025-12-27 16:04:26'),
(N'01C44356-8A7D-427E-A6E3-029AEE7928A9', N'954D9B01-C954-46A4-906E-6C4A654E714A', N'52FCEACF-F8F0-48A2-A5BA-123BA1CC807D', N'ECE0402', N'ECE-2022-2023-Y4-02', 4, 40, N'2025-12-27 16:04:26'),
(N'E257DF45-AD09-46EF-B873-BDBB9A8321FB', N'954D9B01-C954-46A4-906E-6C4A654E714A', N'D13443C2-264E-489F-9BA0-85CCCA4C7273', N'ECE0101', N'ECE-2023-2024-Y1-01', 1, 40, N'2025-12-27 16:04:26'),
(N'DE4826D3-7202-4DA8-8E2F-5CC0509FF5F6', N'954D9B01-C954-46A4-906E-6C4A654E714A', N'D13443C2-264E-489F-9BA0-85CCCA4C7273', N'ECE0102', N'ECE-2023-2024-Y1-02', 1, 40, N'2025-12-27 16:04:26'),
(N'778A346D-C6B9-495E-A508-40F725AB5909', N'954D9B01-C954-46A4-906E-6C4A654E714A', N'D13443C2-264E-489F-9BA0-85CCCA4C7273', N'ECE0201', N'ECE-2023-2024-Y2-01', 2, 40, N'2025-12-27 16:04:26'),
(N'0CFC96A2-CC77-427E-ABEC-99B942FC4DB6', N'954D9B01-C954-46A4-906E-6C4A654E714A', N'D13443C2-264E-489F-9BA0-85CCCA4C7273', N'ECE0202', N'ECE-2023-2024-Y2-02', 2, 40, N'2025-12-27 16:04:26'),
(N'31BB70A2-8239-4FD4-900A-36A6C7DDCC11', N'954D9B01-C954-46A4-906E-6C4A654E714A', N'D13443C2-264E-489F-9BA0-85CCCA4C7273', N'ECE0301', N'ECE-2023-2024-Y3-01', 3, 40, N'2025-12-27 16:04:26'),
(N'1B0F4794-3CE8-4BDF-BF51-1827D4C284CA', N'954D9B01-C954-46A4-906E-6C4A654E714A', N'D13443C2-264E-489F-9BA0-85CCCA4C7273', N'ECE0302', N'ECE-2023-2024-Y3-02', 3, 40, N'2025-12-27 16:04:26'),
(N'EDC9E19B-7338-4DDE-8B3B-8E92CDF9BC69', N'954D9B01-C954-46A4-906E-6C4A654E714A', N'D13443C2-264E-489F-9BA0-85CCCA4C7273', N'ECE0401', N'ECE-2023-2024-Y4-01', 4, 40, N'2025-12-27 16:04:26'),
(N'625AD7A5-E60B-4411-A9CF-E1B694394413', N'954D9B01-C954-46A4-906E-6C4A654E714A', N'D13443C2-264E-489F-9BA0-85CCCA4C7273', N'ECE0402', N'ECE-2023-2024-Y4-02', 4, 40, N'2025-12-27 16:04:26'),
(N'4B6437FD-0A0E-457C-942E-CE11D1B7C906', N'954D9B01-C954-46A4-906E-6C4A654E714A', N'6CFDC765-7F11-4551-A912-23B72E6DACB9', N'ECE0101', N'ECE-2024-2025-Y1-01', 1, 40, N'2025-12-27 16:04:26'),
(N'5F1EA22E-038F-4D57-BB21-41DAC7114CA8', N'954D9B01-C954-46A4-906E-6C4A654E714A', N'6CFDC765-7F11-4551-A912-23B72E6DACB9', N'ECE0102', N'ECE-2024-2025-Y1-02', 1, 40, N'2025-12-27 16:04:26'),
(N'C262BE5B-51D0-47B6-BCDF-68B96C516054', N'954D9B01-C954-46A4-906E-6C4A654E714A', N'6CFDC765-7F11-4551-A912-23B72E6DACB9', N'ECE0201', N'ECE-2024-2025-Y2-01', 2, 40, N'2025-12-27 16:04:26'),
(N'1C1DDB4A-EDF0-4D05-850F-7F1BB9458029', N'954D9B01-C954-46A4-906E-6C4A654E714A', N'6CFDC765-7F11-4551-A912-23B72E6DACB9', N'ECE0202', N'ECE-2024-2025-Y2-02', 2, 40, N'2025-12-27 16:04:26'),
(N'E72650A8-F372-457D-8569-1185D2C2978A', N'954D9B01-C954-46A4-906E-6C4A654E714A', N'6CFDC765-7F11-4551-A912-23B72E6DACB9', N'ECE0301', N'ECE-2024-2025-Y3-01', 3, 40, N'2025-12-27 16:04:26'),
(N'A1E0B9A5-338E-4700-AC2A-2819EE49406B', N'954D9B01-C954-46A4-906E-6C4A654E714A', N'6CFDC765-7F11-4551-A912-23B72E6DACB9', N'ECE0302', N'ECE-2024-2025-Y3-02', 3, 40, N'2025-12-27 16:04:26'),
(N'4280D21F-A402-4757-9084-83DC4397FCCB', N'954D9B01-C954-46A4-906E-6C4A654E714A', N'6CFDC765-7F11-4551-A912-23B72E6DACB9', N'ECE0401', N'ECE-2024-2025-Y4-01', 4, 40, N'2025-12-27 16:04:26'),
(N'813D3DCC-2EF9-4D65-BEE6-23C0C8F4C790', N'954D9B01-C954-46A4-906E-6C4A654E714A', N'6CFDC765-7F11-4551-A912-23B72E6DACB9', N'ECE0402', N'ECE-2024-2025-Y4-02', 4, 40, N'2025-12-27 16:04:26'),
(N'E9B80DB9-E301-4418-8E62-5850CCDCB10B', N'901A40D9-779B-44ED-9785-86275332EFB9', N'52FCEACF-F8F0-48A2-A5BA-123BA1CC807D', N'TE0101', N'TE-2022-2023-Y1-01', 1, 40, N'2025-12-27 16:04:26'),
(N'140A5715-CB71-4D7E-8228-A165A673EEA5', N'901A40D9-779B-44ED-9785-86275332EFB9', N'52FCEACF-F8F0-48A2-A5BA-123BA1CC807D', N'TE0102', N'TE-2022-2023-Y1-02', 1, 40, N'2025-12-27 16:04:26'),
(N'F773D999-5CC2-4E39-AE7A-4361C1723462', N'901A40D9-779B-44ED-9785-86275332EFB9', N'52FCEACF-F8F0-48A2-A5BA-123BA1CC807D', N'TE0201', N'TE-2022-2023-Y2-01', 2, 40, N'2025-12-27 16:04:26'),
(N'C5F17437-6EB0-4496-89D1-9909393009F1', N'901A40D9-779B-44ED-9785-86275332EFB9', N'52FCEACF-F8F0-48A2-A5BA-123BA1CC807D', N'TE0202', N'TE-2022-2023-Y2-02', 2, 40, N'2025-12-27 16:04:26'),
(N'9809CEF0-FC0D-4959-8C83-FE9460CA2DD0', N'901A40D9-779B-44ED-9785-86275332EFB9', N'52FCEACF-F8F0-48A2-A5BA-123BA1CC807D', N'TE0301', N'TE-2022-2023-Y3-01', 3, 40, N'2025-12-27 16:04:26'),
(N'77F96654-F342-4E7B-87CA-CD795C14C380', N'901A40D9-779B-44ED-9785-86275332EFB9', N'52FCEACF-F8F0-48A2-A5BA-123BA1CC807D', N'TE0302', N'TE-2022-2023-Y3-02', 3, 40, N'2025-12-27 16:04:26'),
(N'6B3F5D6E-23B7-4EFE-941B-335DB33FE735', N'901A40D9-779B-44ED-9785-86275332EFB9', N'52FCEACF-F8F0-48A2-A5BA-123BA1CC807D', N'TE0401', N'TE-2022-2023-Y4-01', 4, 40, N'2025-12-27 16:04:26'),
(N'8BD9F9F6-D077-4FF8-B306-D209E569433E', N'901A40D9-779B-44ED-9785-86275332EFB9', N'52FCEACF-F8F0-48A2-A5BA-123BA1CC807D', N'TE0402', N'TE-2022-2023-Y4-02', 4, 40, N'2025-12-27 16:04:26'),
(N'DB61E251-3EF7-432C-89E9-46495F244E21', N'901A40D9-779B-44ED-9785-86275332EFB9', N'D13443C2-264E-489F-9BA0-85CCCA4C7273', N'TE0101', N'TE-2023-2024-Y1-01', 1, 40, N'2025-12-27 16:04:26'),
(N'2BC4DC99-9C7D-4899-A283-3377A1BFE92A', N'901A40D9-779B-44ED-9785-86275332EFB9', N'D13443C2-264E-489F-9BA0-85CCCA4C7273', N'TE0102', N'TE-2023-2024-Y1-02', 1, 40, N'2025-12-27 16:04:26'),
(N'A4999344-F9F6-444C-801A-49B95F9B44C9', N'901A40D9-779B-44ED-9785-86275332EFB9', N'D13443C2-264E-489F-9BA0-85CCCA4C7273', N'TE0201', N'TE-2023-2024-Y2-01', 2, 40, N'2025-12-27 16:04:26'),
(N'532BD779-C70D-4206-BF21-E3B3D359E054', N'901A40D9-779B-44ED-9785-86275332EFB9', N'D13443C2-264E-489F-9BA0-85CCCA4C7273', N'TE0202', N'TE-2023-2024-Y2-02', 2, 40, N'2025-12-27 16:04:26'),
(N'5CC81AB2-B00C-4611-8133-3062F558A8C9', N'901A40D9-779B-44ED-9785-86275332EFB9', N'D13443C2-264E-489F-9BA0-85CCCA4C7273', N'TE0301', N'TE-2023-2024-Y3-01', 3, 40, N'2025-12-27 16:04:26'),
(N'86A2F08E-C17F-4653-B8D0-74540150C610', N'901A40D9-779B-44ED-9785-86275332EFB9', N'D13443C2-264E-489F-9BA0-85CCCA4C7273', N'TE0302', N'TE-2023-2024-Y3-02', 3, 40, N'2025-12-27 16:04:26'),
(N'01E4DCAC-6F28-401D-9A88-2F2127CE8412', N'901A40D9-779B-44ED-9785-86275332EFB9', N'D13443C2-264E-489F-9BA0-85CCCA4C7273', N'TE0401', N'TE-2023-2024-Y4-01', 4, 40, N'2025-12-27 16:04:26'),
(N'9FDDEFAC-3D5B-4AD8-8F24-593F0C2DC21C', N'901A40D9-779B-44ED-9785-86275332EFB9', N'D13443C2-264E-489F-9BA0-85CCCA4C7273', N'TE0402', N'TE-2023-2024-Y4-02', 4, 40, N'2025-12-27 16:04:26'),
(N'E824E50F-ECDC-49FC-8474-0277FF7D671B', N'901A40D9-779B-44ED-9785-86275332EFB9', N'6CFDC765-7F11-4551-A912-23B72E6DACB9', N'TE0101', N'TE-2024-2025-Y1-01', 1, 40, N'2025-12-27 16:04:26'),
(N'0DE2C0E6-6A16-4893-A78A-7C966994446C', N'901A40D9-779B-44ED-9785-86275332EFB9', N'6CFDC765-7F11-4551-A912-23B72E6DACB9', N'TE0102', N'TE-2024-2025-Y1-02', 1, 40, N'2025-12-27 16:04:26'),
(N'70F48BB0-3ED0-4D90-B650-E0F09DCEE408', N'901A40D9-779B-44ED-9785-86275332EFB9', N'6CFDC765-7F11-4551-A912-23B72E6DACB9', N'TE0201', N'TE-2024-2025-Y2-01', 2, 40, N'2025-12-27 16:04:26'),
(N'7B18C2CF-5CAA-42DF-83FA-0B32C5693D73', N'901A40D9-779B-44ED-9785-86275332EFB9', N'6CFDC765-7F11-4551-A912-23B72E6DACB9', N'TE0202', N'TE-2024-2025-Y2-02', 2, 40, N'2025-12-27 16:04:26'),
(N'C7D28206-4E91-4C32-B2C5-D7E3BBC2F219', N'901A40D9-779B-44ED-9785-86275332EFB9', N'6CFDC765-7F11-4551-A912-23B72E6DACB9', N'TE0301', N'TE-2024-2025-Y3-01', 3, 40, N'2025-12-27 16:04:26'),
(N'2EDA4684-6971-4524-90E8-C3F035F0478B', N'901A40D9-779B-44ED-9785-86275332EFB9', N'6CFDC765-7F11-4551-A912-23B72E6DACB9', N'TE0302', N'TE-2024-2025-Y3-02', 3, 40, N'2025-12-27 16:04:26'),
(N'88111053-1FEE-419C-A4A0-612821FC6C20', N'901A40D9-779B-44ED-9785-86275332EFB9', N'6CFDC765-7F11-4551-A912-23B72E6DACB9', N'TE0401', N'TE-2024-2025-Y4-01', 4, 40, N'2025-12-27 16:04:26'),
(N'85071AFD-BAE6-4261-BCB5-9607C186C6AD', N'901A40D9-779B-44ED-9785-86275332EFB9', N'6CFDC765-7F11-4551-A912-23B72E6DACB9', N'TE0402', N'TE-2024-2025-Y4-02', 4, 40, N'2025-12-27 16:04:26'),
(N'F439C005-53F5-4468-AEBD-C63983F93669', N'3EDDDF28-82FC-4340-B1EA-ACB28B586ACF', N'52FCEACF-F8F0-48A2-A5BA-123BA1CC807D', N'ME0101', N'ME-2022-2023-Y1-01', 1, 40, N'2025-12-27 16:04:26'),
(N'92FA55D0-2E76-41DD-B491-AABCDD4A2912', N'3EDDDF28-82FC-4340-B1EA-ACB28B586ACF', N'52FCEACF-F8F0-48A2-A5BA-123BA1CC807D', N'ME0102', N'ME-2022-2023-Y1-02', 1, 40, N'2025-12-27 16:04:26'),
(N'C4CD6506-6693-4784-BE6A-B8E7580C6CD3', N'3EDDDF28-82FC-4340-B1EA-ACB28B586ACF', N'52FCEACF-F8F0-48A2-A5BA-123BA1CC807D', N'ME0201', N'ME-2022-2023-Y2-01', 2, 40, N'2025-12-27 16:04:26'),
(N'B2FA4058-2327-4566-B15C-0EF8B6D4E3C7', N'3EDDDF28-82FC-4340-B1EA-ACB28B586ACF', N'52FCEACF-F8F0-48A2-A5BA-123BA1CC807D', N'ME0202', N'ME-2022-2023-Y2-02', 2, 40, N'2025-12-27 16:04:26'),
(N'9027E756-29F8-4A4A-B88E-7D4F9E1EB3E7', N'3EDDDF28-82FC-4340-B1EA-ACB28B586ACF', N'52FCEACF-F8F0-48A2-A5BA-123BA1CC807D', N'ME0301', N'ME-2022-2023-Y3-01', 3, 40, N'2025-12-27 16:04:26'),
(N'DF91E636-82A0-4A18-A7F5-8176DD60EA74', N'3EDDDF28-82FC-4340-B1EA-ACB28B586ACF', N'52FCEACF-F8F0-48A2-A5BA-123BA1CC807D', N'ME0302', N'ME-2022-2023-Y3-02', 3, 40, N'2025-12-27 16:04:26'),
(N'E6504DBE-9C37-4BDB-AC10-77821941A0FD', N'3EDDDF28-82FC-4340-B1EA-ACB28B586ACF', N'52FCEACF-F8F0-48A2-A5BA-123BA1CC807D', N'ME0401', N'ME-2022-2023-Y4-01', 4, 40, N'2025-12-27 16:04:26'),
(N'5BBC5358-F145-4039-8546-05726866A713', N'3EDDDF28-82FC-4340-B1EA-ACB28B586ACF', N'52FCEACF-F8F0-48A2-A5BA-123BA1CC807D', N'ME0402', N'ME-2022-2023-Y4-02', 4, 40, N'2025-12-27 16:04:26'),
(N'E65DF32C-6831-458C-8C62-77611F743A2E', N'3EDDDF28-82FC-4340-B1EA-ACB28B586ACF', N'D13443C2-264E-489F-9BA0-85CCCA4C7273', N'ME0101', N'ME-2023-2024-Y1-01', 1, 40, N'2025-12-27 16:04:26'),
(N'D89BE5A5-54B5-4DBA-BF21-5CF168232EC2', N'3EDDDF28-82FC-4340-B1EA-ACB28B586ACF', N'D13443C2-264E-489F-9BA0-85CCCA4C7273', N'ME0102', N'ME-2023-2024-Y1-02', 1, 40, N'2025-12-27 16:04:26'),
(N'A8CD580B-1C2E-41B6-9EE2-85CAA01BB8DF', N'3EDDDF28-82FC-4340-B1EA-ACB28B586ACF', N'D13443C2-264E-489F-9BA0-85CCCA4C7273', N'ME0201', N'ME-2023-2024-Y2-01', 2, 40, N'2025-12-27 16:04:26'),
(N'C85DD677-DCB3-478C-BDE2-0FABD9583E92', N'3EDDDF28-82FC-4340-B1EA-ACB28B586ACF', N'D13443C2-264E-489F-9BA0-85CCCA4C7273', N'ME0202', N'ME-2023-2024-Y2-02', 2, 40, N'2025-12-27 16:04:26'),
(N'01D5C1E2-C489-493E-BF10-3AF5C76DC2EE', N'3EDDDF28-82FC-4340-B1EA-ACB28B586ACF', N'D13443C2-264E-489F-9BA0-85CCCA4C7273', N'ME0301', N'ME-2023-2024-Y3-01', 3, 40, N'2025-12-27 16:04:26'),
(N'8B182E76-2077-422C-828E-3AD2F750BBA2', N'3EDDDF28-82FC-4340-B1EA-ACB28B586ACF', N'D13443C2-264E-489F-9BA0-85CCCA4C7273', N'ME0302', N'ME-2023-2024-Y3-02', 3, 40, N'2025-12-27 16:04:26'),
(N'915B593B-B3D9-4139-A7C3-909B8A984739', N'3EDDDF28-82FC-4340-B1EA-ACB28B586ACF', N'D13443C2-264E-489F-9BA0-85CCCA4C7273', N'ME0401', N'ME-2023-2024-Y4-01', 4, 40, N'2025-12-27 16:04:26'),
(N'795CA624-A967-4915-BC02-BAF017394B21', N'3EDDDF28-82FC-4340-B1EA-ACB28B586ACF', N'D13443C2-264E-489F-9BA0-85CCCA4C7273', N'ME0402', N'ME-2023-2024-Y4-02', 4, 40, N'2025-12-27 16:04:26'),
(N'FAED220E-AB8C-42C9-B9D7-23ECCB78AFF6', N'3EDDDF28-82FC-4340-B1EA-ACB28B586ACF', N'6CFDC765-7F11-4551-A912-23B72E6DACB9', N'ME0101', N'ME-2024-2025-Y1-01', 1, 40, N'2025-12-27 16:04:26'),
(N'80B8BCE1-78B6-4BE5-911F-36B4DFE438A0', N'3EDDDF28-82FC-4340-B1EA-ACB28B586ACF', N'6CFDC765-7F11-4551-A912-23B72E6DACB9', N'ME0102', N'ME-2024-2025-Y1-02', 1, 40, N'2025-12-27 16:04:26'),
(N'4A39525F-1022-47B4-AB62-785992F6AA0D', N'3EDDDF28-82FC-4340-B1EA-ACB28B586ACF', N'6CFDC765-7F11-4551-A912-23B72E6DACB9', N'ME0201', N'ME-2024-2025-Y2-01', 2, 40, N'2025-12-27 16:04:26'),
(N'739E67D6-933F-4443-A0F7-EDCFE25631A1', N'3EDDDF28-82FC-4340-B1EA-ACB28B586ACF', N'6CFDC765-7F11-4551-A912-23B72E6DACB9', N'ME0202', N'ME-2024-2025-Y2-02', 2, 40, N'2025-12-27 16:04:26'),
(N'517E14FD-5B46-4858-888D-4EF082C963DB', N'3EDDDF28-82FC-4340-B1EA-ACB28B586ACF', N'6CFDC765-7F11-4551-A912-23B72E6DACB9', N'ME0301', N'ME-2024-2025-Y3-01', 3, 40, N'2025-12-27 16:04:26'),
(N'B8A3DD2A-09DC-4B7B-90BB-69A438C0FA02', N'3EDDDF28-82FC-4340-B1EA-ACB28B586ACF', N'6CFDC765-7F11-4551-A912-23B72E6DACB9', N'ME0302', N'ME-2024-2025-Y3-02', 3, 40, N'2025-12-27 16:04:26'),
(N'311855B1-42C4-4942-9DB8-481A52C1A316', N'3EDDDF28-82FC-4340-B1EA-ACB28B586ACF', N'6CFDC765-7F11-4551-A912-23B72E6DACB9', N'ME0401', N'ME-2024-2025-Y4-01', 4, 40, N'2025-12-27 16:04:26'),
(N'01C0F6A0-CD72-4BC8-AE7A-13E86FCF226B', N'3EDDDF28-82FC-4340-B1EA-ACB28B586ACF', N'6CFDC765-7F11-4551-A912-23B72E6DACB9', N'ME0402', N'ME-2024-2025-Y4-02', 4, 40, N'2025-12-27 16:04:26'),
(N'6F83C6AA-BA4B-48D6-82E6-ED5EABA8F555', N'304E45CF-EE74-4E2A-929A-2276436C4EC6', N'52FCEACF-F8F0-48A2-A5BA-123BA1CC807D', N'AE0101', N'AE-2022-2023-Y1-01', 1, 40, N'2025-12-27 16:04:26'),
(N'94A681E9-5EF0-43B8-8484-52D71AF08984', N'304E45CF-EE74-4E2A-929A-2276436C4EC6', N'52FCEACF-F8F0-48A2-A5BA-123BA1CC807D', N'AE0102', N'AE-2022-2023-Y1-02', 1, 40, N'2025-12-27 16:04:26'),
(N'738CE51F-D289-4420-BB41-A460D5DF4821', N'304E45CF-EE74-4E2A-929A-2276436C4EC6', N'52FCEACF-F8F0-48A2-A5BA-123BA1CC807D', N'AE0201', N'AE-2022-2023-Y2-01', 2, 40, N'2025-12-27 16:04:26'),
(N'D14AC06D-4E25-4E44-BFF3-AD1733873185', N'304E45CF-EE74-4E2A-929A-2276436C4EC6', N'52FCEACF-F8F0-48A2-A5BA-123BA1CC807D', N'AE0202', N'AE-2022-2023-Y2-02', 2, 40, N'2025-12-27 16:04:26'),
(N'1BEAE891-68DA-4DA0-B854-A5FC58D69966', N'304E45CF-EE74-4E2A-929A-2276436C4EC6', N'52FCEACF-F8F0-48A2-A5BA-123BA1CC807D', N'AE0301', N'AE-2022-2023-Y3-01', 3, 40, N'2025-12-27 16:04:26'),
(N'62AED540-D7D3-48BE-A305-8BA1393FCA03', N'304E45CF-EE74-4E2A-929A-2276436C4EC6', N'52FCEACF-F8F0-48A2-A5BA-123BA1CC807D', N'AE0302', N'AE-2022-2023-Y3-02', 3, 40, N'2025-12-27 16:04:26'),
(N'4C0B9FA3-ACA7-4AA3-BFC2-D4B0B15A1E71', N'304E45CF-EE74-4E2A-929A-2276436C4EC6', N'52FCEACF-F8F0-48A2-A5BA-123BA1CC807D', N'AE0401', N'AE-2022-2023-Y4-01', 4, 40, N'2025-12-27 16:04:26'),
(N'D5680536-6988-4561-992D-B8E91E655498', N'304E45CF-EE74-4E2A-929A-2276436C4EC6', N'52FCEACF-F8F0-48A2-A5BA-123BA1CC807D', N'AE0402', N'AE-2022-2023-Y4-02', 4, 40, N'2025-12-27 16:04:26'),
(N'97B28C72-836C-4A35-9E95-38883A56B540', N'304E45CF-EE74-4E2A-929A-2276436C4EC6', N'D13443C2-264E-489F-9BA0-85CCCA4C7273', N'AE0101', N'AE-2023-2024-Y1-01', 1, 40, N'2025-12-27 16:04:26'),
(N'C7FF2D80-9FB3-4F4F-8769-9D8CE9B8BDB9', N'304E45CF-EE74-4E2A-929A-2276436C4EC6', N'D13443C2-264E-489F-9BA0-85CCCA4C7273', N'AE0102', N'AE-2023-2024-Y1-02', 1, 40, N'2025-12-27 16:04:26'),
(N'0EC10911-8E52-434D-9672-3509047EA1C6', N'304E45CF-EE74-4E2A-929A-2276436C4EC6', N'D13443C2-264E-489F-9BA0-85CCCA4C7273', N'AE0201', N'AE-2023-2024-Y2-01', 2, 40, N'2025-12-27 16:04:26'),
(N'1452B91D-3FD8-40C3-9DED-CC36DD0E5A7E', N'304E45CF-EE74-4E2A-929A-2276436C4EC6', N'D13443C2-264E-489F-9BA0-85CCCA4C7273', N'AE0202', N'AE-2023-2024-Y2-02', 2, 40, N'2025-12-27 16:04:26'),
(N'9F5A9A36-02A0-43C3-9D73-EDD25574D6FD', N'304E45CF-EE74-4E2A-929A-2276436C4EC6', N'D13443C2-264E-489F-9BA0-85CCCA4C7273', N'AE0301', N'AE-2023-2024-Y3-01', 3, 40, N'2025-12-27 16:04:26'),
(N'CD485CB6-0ED8-4B24-B11E-0AF7E07C9FDA', N'304E45CF-EE74-4E2A-929A-2276436C4EC6', N'D13443C2-264E-489F-9BA0-85CCCA4C7273', N'AE0302', N'AE-2023-2024-Y3-02', 3, 40, N'2025-12-27 16:04:26'),
(N'64BCDE65-8216-4241-A2F1-8E37ABD1FD31', N'304E45CF-EE74-4E2A-929A-2276436C4EC6', N'D13443C2-264E-489F-9BA0-85CCCA4C7273', N'AE0401', N'AE-2023-2024-Y4-01', 4, 40, N'2025-12-27 16:04:26'),
(N'D27EA6A9-A8A9-4457-91CD-FECE8137736D', N'304E45CF-EE74-4E2A-929A-2276436C4EC6', N'D13443C2-264E-489F-9BA0-85CCCA4C7273', N'AE0402', N'AE-2023-2024-Y4-02', 4, 40, N'2025-12-27 16:04:26'),
(N'7A30D5D5-13C8-43DC-8F37-A946D2CFF489', N'304E45CF-EE74-4E2A-929A-2276436C4EC6', N'6CFDC765-7F11-4551-A912-23B72E6DACB9', N'AE0101', N'AE-2024-2025-Y1-01', 1, 40, N'2025-12-27 16:04:26'),
(N'EB34AF37-C9F7-4843-B3EC-941BECD3860B', N'304E45CF-EE74-4E2A-929A-2276436C4EC6', N'6CFDC765-7F11-4551-A912-23B72E6DACB9', N'AE0102', N'AE-2024-2025-Y1-02', 1, 40, N'2025-12-27 16:04:26'),
(N'400EB59E-D100-47B0-B7CC-4D0C7C3C4762', N'304E45CF-EE74-4E2A-929A-2276436C4EC6', N'6CFDC765-7F11-4551-A912-23B72E6DACB9', N'AE0201', N'AE-2024-2025-Y2-01', 2, 40, N'2025-12-27 16:04:26'),
(N'195B0FA0-9487-4FE7-83CE-64CE541A5CCC', N'304E45CF-EE74-4E2A-929A-2276436C4EC6', N'6CFDC765-7F11-4551-A912-23B72E6DACB9', N'AE0202', N'AE-2024-2025-Y2-02', 2, 40, N'2025-12-27 16:04:26'),
(N'35BA38F4-BFC8-4C0D-A0B7-D8F8D869768B', N'304E45CF-EE74-4E2A-929A-2276436C4EC6', N'6CFDC765-7F11-4551-A912-23B72E6DACB9', N'AE0301', N'AE-2024-2025-Y3-01', 3, 40, N'2025-12-27 16:04:26'),
(N'40E0B372-2558-4230-B4D6-0C67552CB3A1', N'304E45CF-EE74-4E2A-929A-2276436C4EC6', N'6CFDC765-7F11-4551-A912-23B72E6DACB9', N'AE0302', N'AE-2024-2025-Y3-02', 3, 40, N'2025-12-27 16:04:26'),
(N'D35A49C4-8207-46B6-AB74-8AA09E5D9EA0', N'304E45CF-EE74-4E2A-929A-2276436C4EC6', N'6CFDC765-7F11-4551-A912-23B72E6DACB9', N'AE0401', N'AE-2024-2025-Y4-01', 4, 40, N'2025-12-27 16:04:26'),
(N'4335B1B2-E99A-4F71-962C-000CF6A15919', N'304E45CF-EE74-4E2A-929A-2276436C4EC6', N'6CFDC765-7F11-4551-A912-23B72E6DACB9', N'AE0402', N'AE-2024-2025-Y4-02', 4, 40, N'2025-12-27 16:04:26'),
(N'6B9F221C-E379-4E0E-BCFF-15FDA04B1364', N'0FC0A0CD-69AD-46E1-A1D0-E9F75A2F4D9E', N'52FCEACF-F8F0-48A2-A5BA-123BA1CC807D', N'MFE0101', N'MFE-2022-2023-Y1-01', 1, 40, N'2025-12-27 16:04:26'),
(N'E5E1CB05-9019-4F98-8CDC-BA433CD12C67', N'0FC0A0CD-69AD-46E1-A1D0-E9F75A2F4D9E', N'52FCEACF-F8F0-48A2-A5BA-123BA1CC807D', N'MFE0102', N'MFE-2022-2023-Y1-02', 1, 40, N'2025-12-27 16:04:26'),
(N'C64CFD78-7E95-4B20-B333-9968ED2912C7', N'0FC0A0CD-69AD-46E1-A1D0-E9F75A2F4D9E', N'52FCEACF-F8F0-48A2-A5BA-123BA1CC807D', N'MFE0201', N'MFE-2022-2023-Y2-01', 2, 40, N'2025-12-27 16:04:26'),
(N'53A954BC-9D9A-4A24-A235-C4FCA418B21E', N'0FC0A0CD-69AD-46E1-A1D0-E9F75A2F4D9E', N'52FCEACF-F8F0-48A2-A5BA-123BA1CC807D', N'MFE0202', N'MFE-2022-2023-Y2-02', 2, 40, N'2025-12-27 16:04:26'),
(N'AF7F6F5B-F005-4BC0-A67E-6AE83E1AA3B1', N'0FC0A0CD-69AD-46E1-A1D0-E9F75A2F4D9E', N'52FCEACF-F8F0-48A2-A5BA-123BA1CC807D', N'MFE0301', N'MFE-2022-2023-Y3-01', 3, 40, N'2025-12-27 16:04:26'),
(N'DEAAF121-FE77-475D-98E7-85D603E80F0C', N'0FC0A0CD-69AD-46E1-A1D0-E9F75A2F4D9E', N'52FCEACF-F8F0-48A2-A5BA-123BA1CC807D', N'MFE0302', N'MFE-2022-2023-Y3-02', 3, 40, N'2025-12-27 16:04:26'),
(N'E5BAB0D9-7735-404C-85C4-49DD978877D2', N'0FC0A0CD-69AD-46E1-A1D0-E9F75A2F4D9E', N'52FCEACF-F8F0-48A2-A5BA-123BA1CC807D', N'MFE0401', N'MFE-2022-2023-Y4-01', 4, 40, N'2025-12-27 16:04:26'),
(N'05B018C4-86ED-4F62-89D1-DEF296CA1283', N'0FC0A0CD-69AD-46E1-A1D0-E9F75A2F4D9E', N'52FCEACF-F8F0-48A2-A5BA-123BA1CC807D', N'MFE0402', N'MFE-2022-2023-Y4-02', 4, 40, N'2025-12-27 16:04:26'),
(N'5263A816-800F-42F9-86D9-06B2184A2F78', N'0FC0A0CD-69AD-46E1-A1D0-E9F75A2F4D9E', N'D13443C2-264E-489F-9BA0-85CCCA4C7273', N'MFE0101', N'MFE-2023-2024-Y1-01', 1, 40, N'2025-12-27 16:04:26'),
(N'B4DFE74E-3151-495D-B154-392C23D0FB07', N'0FC0A0CD-69AD-46E1-A1D0-E9F75A2F4D9E', N'D13443C2-264E-489F-9BA0-85CCCA4C7273', N'MFE0102', N'MFE-2023-2024-Y1-02', 1, 40, N'2025-12-27 16:04:26'),
(N'ABADC8ED-0C27-4447-8003-090B6B57FB5A', N'0FC0A0CD-69AD-46E1-A1D0-E9F75A2F4D9E', N'D13443C2-264E-489F-9BA0-85CCCA4C7273', N'MFE0201', N'MFE-2023-2024-Y2-01', 2, 40, N'2025-12-27 16:04:26'),
(N'26F8939C-C103-4ECC-9BAF-E0ED2FF47FB9', N'0FC0A0CD-69AD-46E1-A1D0-E9F75A2F4D9E', N'D13443C2-264E-489F-9BA0-85CCCA4C7273', N'MFE0202', N'MFE-2023-2024-Y2-02', 2, 40, N'2025-12-27 16:04:26'),
(N'FC006A18-6CFE-4256-8B52-201ECEBDBF6D', N'0FC0A0CD-69AD-46E1-A1D0-E9F75A2F4D9E', N'D13443C2-264E-489F-9BA0-85CCCA4C7273', N'MFE0301', N'MFE-2023-2024-Y3-01', 3, 40, N'2025-12-27 16:04:26'),
(N'57E3A0AB-0AE0-42FA-A159-650B7B1F931F', N'0FC0A0CD-69AD-46E1-A1D0-E9F75A2F4D9E', N'D13443C2-264E-489F-9BA0-85CCCA4C7273', N'MFE0302', N'MFE-2023-2024-Y3-02', 3, 40, N'2025-12-27 16:04:26'),
(N'9473C49C-159E-41EC-8C3C-7EAF25BF7E8A', N'0FC0A0CD-69AD-46E1-A1D0-E9F75A2F4D9E', N'D13443C2-264E-489F-9BA0-85CCCA4C7273', N'MFE0401', N'MFE-2023-2024-Y4-01', 4, 40, N'2025-12-27 16:04:26'),
(N'2ABE4D17-0531-4623-9142-C8EDACE7F4CC', N'0FC0A0CD-69AD-46E1-A1D0-E9F75A2F4D9E', N'D13443C2-264E-489F-9BA0-85CCCA4C7273', N'MFE0402', N'MFE-2023-2024-Y4-02', 4, 40, N'2025-12-27 16:04:26'),
(N'DEEE2BFC-1163-438A-AE53-8471E5D9BAD9', N'0FC0A0CD-69AD-46E1-A1D0-E9F75A2F4D9E', N'6CFDC765-7F11-4551-A912-23B72E6DACB9', N'MFE0101', N'MFE-2024-2025-Y1-01', 1, 40, N'2025-12-27 16:04:26'),
(N'6D5E2FB5-1194-434D-9106-AB18F6058592', N'0FC0A0CD-69AD-46E1-A1D0-E9F75A2F4D9E', N'6CFDC765-7F11-4551-A912-23B72E6DACB9', N'MFE0102', N'MFE-2024-2025-Y1-02', 1, 40, N'2025-12-27 16:04:26'),
(N'2066935A-2D0C-41C3-B01D-703C6992E315', N'0FC0A0CD-69AD-46E1-A1D0-E9F75A2F4D9E', N'6CFDC765-7F11-4551-A912-23B72E6DACB9', N'MFE0201', N'MFE-2024-2025-Y2-01', 2, 40, N'2025-12-27 16:04:26'),
(N'D8FEE982-5416-49CD-9C12-6FB6BDB0414F', N'0FC0A0CD-69AD-46E1-A1D0-E9F75A2F4D9E', N'6CFDC765-7F11-4551-A912-23B72E6DACB9', N'MFE0202', N'MFE-2024-2025-Y2-02', 2, 40, N'2025-12-27 16:04:26'),
(N'23B8426A-476B-4677-9EA4-E7F1F0AFCEEA', N'0FC0A0CD-69AD-46E1-A1D0-E9F75A2F4D9E', N'6CFDC765-7F11-4551-A912-23B72E6DACB9', N'MFE0301', N'MFE-2024-2025-Y3-01', 3, 40, N'2025-12-27 16:04:26'),
(N'CB4E8953-17E8-41DE-805C-A7D6C439A1FC', N'0FC0A0CD-69AD-46E1-A1D0-E9F75A2F4D9E', N'6CFDC765-7F11-4551-A912-23B72E6DACB9', N'MFE0302', N'MFE-2024-2025-Y3-02', 3, 40, N'2025-12-27 16:04:26'),
(N'904F2CA8-9D64-45D5-9BA7-5B13458DBEC1', N'0FC0A0CD-69AD-46E1-A1D0-E9F75A2F4D9E', N'6CFDC765-7F11-4551-A912-23B72E6DACB9', N'MFE0401', N'MFE-2024-2025-Y4-01', 4, 40, N'2025-12-27 16:04:26'),
(N'65B24DEB-5B22-4388-A98F-7184D7CFDDD9', N'0FC0A0CD-69AD-46E1-A1D0-E9F75A2F4D9E', N'6CFDC765-7F11-4551-A912-23B72E6DACB9', N'MFE0402', N'MFE-2024-2025-Y4-02', 4, 40, N'2025-12-27 16:04:26'),
(N'20039ADB-2603-4F4E-922F-E194031B1FC5', N'84A75F51-AFF1-4F7C-AC55-9DF53F362BC8', N'52FCEACF-F8F0-48A2-A5BA-123BA1CC807D', N'MCE0101', N'MCE-2022-2023-Y1-01', 1, 40, N'2025-12-27 16:04:26'),
(N'9A187187-48F0-47D0-938C-DAC80F8C58B5', N'84A75F51-AFF1-4F7C-AC55-9DF53F362BC8', N'52FCEACF-F8F0-48A2-A5BA-123BA1CC807D', N'MCE0102', N'MCE-2022-2023-Y1-02', 1, 40, N'2025-12-27 16:04:26'),
(N'AD20F212-A439-415B-9696-4AE00CCDD1C2', N'84A75F51-AFF1-4F7C-AC55-9DF53F362BC8', N'52FCEACF-F8F0-48A2-A5BA-123BA1CC807D', N'MCE0201', N'MCE-2022-2023-Y2-01', 2, 40, N'2025-12-27 16:04:26'),
(N'006EA372-CF74-4067-9677-FAE63EB7AF89', N'84A75F51-AFF1-4F7C-AC55-9DF53F362BC8', N'52FCEACF-F8F0-48A2-A5BA-123BA1CC807D', N'MCE0202', N'MCE-2022-2023-Y2-02', 2, 40, N'2025-12-27 16:04:26'),
(N'22A61491-3A60-42F5-8B5F-F414E2F26D60', N'84A75F51-AFF1-4F7C-AC55-9DF53F362BC8', N'52FCEACF-F8F0-48A2-A5BA-123BA1CC807D', N'MCE0301', N'MCE-2022-2023-Y3-01', 3, 40, N'2025-12-27 16:04:26'),
(N'6E315193-5B96-48A9-89B9-27BB546D73F8', N'84A75F51-AFF1-4F7C-AC55-9DF53F362BC8', N'52FCEACF-F8F0-48A2-A5BA-123BA1CC807D', N'MCE0302', N'MCE-2022-2023-Y3-02', 3, 40, N'2025-12-27 16:04:26'),
(N'54C3CC84-A42A-4095-84FE-37236A8440F9', N'84A75F51-AFF1-4F7C-AC55-9DF53F362BC8', N'52FCEACF-F8F0-48A2-A5BA-123BA1CC807D', N'MCE0401', N'MCE-2022-2023-Y4-01', 4, 40, N'2025-12-27 16:04:26'),
(N'52D3C35E-8EE5-4115-95F0-98DB9477B88E', N'84A75F51-AFF1-4F7C-AC55-9DF53F362BC8', N'52FCEACF-F8F0-48A2-A5BA-123BA1CC807D', N'MCE0402', N'MCE-2022-2023-Y4-02', 4, 40, N'2025-12-27 16:04:26'),
(N'1BF4F668-EF66-4409-8D70-5A887AD9A978', N'84A75F51-AFF1-4F7C-AC55-9DF53F362BC8', N'D13443C2-264E-489F-9BA0-85CCCA4C7273', N'MCE0101', N'MCE-2023-2024-Y1-01', 1, 40, N'2025-12-27 16:04:26'),
(N'9E3ECF80-BC22-47FF-8C64-BB41E135709B', N'84A75F51-AFF1-4F7C-AC55-9DF53F362BC8', N'D13443C2-264E-489F-9BA0-85CCCA4C7273', N'MCE0102', N'MCE-2023-2024-Y1-02', 1, 40, N'2025-12-27 16:04:26'),
(N'8F604C2B-9850-4971-9897-46B1A4FA2DBC', N'84A75F51-AFF1-4F7C-AC55-9DF53F362BC8', N'D13443C2-264E-489F-9BA0-85CCCA4C7273', N'MCE0201', N'MCE-2023-2024-Y2-01', 2, 40, N'2025-12-27 16:04:26'),
(N'63E1B01A-5BB9-4A33-B759-160C797B0146', N'84A75F51-AFF1-4F7C-AC55-9DF53F362BC8', N'D13443C2-264E-489F-9BA0-85CCCA4C7273', N'MCE0202', N'MCE-2023-2024-Y2-02', 2, 40, N'2025-12-27 16:04:26'),
(N'1ACF0D66-0CC4-4EE2-A371-4721EBA33B3F', N'84A75F51-AFF1-4F7C-AC55-9DF53F362BC8', N'D13443C2-264E-489F-9BA0-85CCCA4C7273', N'MCE0301', N'MCE-2023-2024-Y3-01', 3, 40, N'2025-12-27 16:04:26'),
(N'286DC064-E3A9-4894-B580-89D073419FE4', N'84A75F51-AFF1-4F7C-AC55-9DF53F362BC8', N'D13443C2-264E-489F-9BA0-85CCCA4C7273', N'MCE0302', N'MCE-2023-2024-Y3-02', 3, 40, N'2025-12-27 16:04:26'),
(N'B716A12E-F4B1-47A9-A7CA-DC4729D226C8', N'84A75F51-AFF1-4F7C-AC55-9DF53F362BC8', N'D13443C2-264E-489F-9BA0-85CCCA4C7273', N'MCE0401', N'MCE-2023-2024-Y4-01', 4, 40, N'2025-12-27 16:04:26'),
(N'4AB68F6C-AFBA-43F9-B013-7951E501DA7D', N'84A75F51-AFF1-4F7C-AC55-9DF53F362BC8', N'D13443C2-264E-489F-9BA0-85CCCA4C7273', N'MCE0402', N'MCE-2023-2024-Y4-02', 4, 40, N'2025-12-27 16:04:26'),
(N'09459080-FF74-41CB-94B8-A2154138FDB0', N'84A75F51-AFF1-4F7C-AC55-9DF53F362BC8', N'6CFDC765-7F11-4551-A912-23B72E6DACB9', N'MCE0101', N'MCE-2024-2025-Y1-01', 1, 40, N'2025-12-27 16:04:26'),
(N'B0F994E9-B43F-451D-A634-7D896824349A', N'84A75F51-AFF1-4F7C-AC55-9DF53F362BC8', N'6CFDC765-7F11-4551-A912-23B72E6DACB9', N'MCE0102', N'MCE-2024-2025-Y1-02', 1, 40, N'2025-12-27 16:04:26'),
(N'FD775006-0B46-4EF7-87A3-43EBB76935B4', N'84A75F51-AFF1-4F7C-AC55-9DF53F362BC8', N'6CFDC765-7F11-4551-A912-23B72E6DACB9', N'MCE0201', N'MCE-2024-2025-Y2-01', 2, 40, N'2025-12-27 16:04:26'),
(N'A7C80F10-5047-486E-8820-F0A553AF51EE', N'84A75F51-AFF1-4F7C-AC55-9DF53F362BC8', N'6CFDC765-7F11-4551-A912-23B72E6DACB9', N'MCE0202', N'MCE-2024-2025-Y2-02', 2, 40, N'2025-12-27 16:04:26'),
(N'F312E6B4-F4DE-408A-8DCF-6B18E796F92F', N'84A75F51-AFF1-4F7C-AC55-9DF53F362BC8', N'6CFDC765-7F11-4551-A912-23B72E6DACB9', N'MCE0301', N'MCE-2024-2025-Y3-01', 3, 40, N'2025-12-27 16:04:26'),
(N'6C8AF375-77C9-4DF0-8FE0-5F8FB23CB85A', N'84A75F51-AFF1-4F7C-AC55-9DF53F362BC8', N'6CFDC765-7F11-4551-A912-23B72E6DACB9', N'MCE0302', N'MCE-2024-2025-Y3-02', 3, 40, N'2025-12-27 16:04:26'),
(N'4B9066FB-2B63-4C62-8FDE-41B8D09A6620', N'84A75F51-AFF1-4F7C-AC55-9DF53F362BC8', N'6CFDC765-7F11-4551-A912-23B72E6DACB9', N'MCE0401', N'MCE-2024-2025-Y4-01', 4, 40, N'2025-12-27 16:04:26'),
(N'650DAFE7-7582-4962-92E1-ED09AC38E6BB', N'84A75F51-AFF1-4F7C-AC55-9DF53F362BC8', N'6CFDC765-7F11-4551-A912-23B72E6DACB9', N'MCE0402', N'MCE-2024-2025-Y4-02', 4, 40, N'2025-12-27 16:04:26');


-- ============================================

-- STUDENT DATA

-- ============================================

INSERT INTO student (student_id, user_id, student_code, class_id, enrollment_date, graduation_date, status) VALUES
(N'13EE90FC-83E6-4B7F-A52E-78B1B8DD34F8', N'E7734040-EA11-4499-B971-8D5B916161C8', N'TEST001', N'1A1AB494-3FD6-423F-8194-5FA4DCF6C4D6', N'2025-02-08', NULL, N'active'),
(N'20E8D03A-7648-4904-972A-E148D2B70278', N'1882BF3F-F76F-4D48-8319-DF05A22FFE07', N'TEST002', N'1A1AB494-3FD6-423F-8194-5FA4DCF6C4D6', N'2025-08-27', NULL, N'active'),
(N'8CFE1909-9711-4069-876A-8748FEAEACCE', N'0BDD044E-CB54-4A3C-9AF1-A2EFCE569DCC', N'TEST003', N'1A1AB494-3FD6-423F-8194-5FA4DCF6C4D6', N'2025-04-12', NULL, N'active'),
(N'A35C2B37-4108-465D-BD56-ED058C29B5E7', N'5961D952-48A0-46F5-94C7-40EDC2BD02C2', N'TEST004', N'1A1AB494-3FD6-423F-8194-5FA4DCF6C4D6', N'2025-01-20', NULL, N'active'),
(N'30F10E7F-2899-4E90-91A9-834AD35D14C0', N'58ACD54C-A625-49EE-AD71-7DCF3FF14E98', N'TEST005', N'1A1AB494-3FD6-423F-8194-5FA4DCF6C4D6', N'2025-11-07', NULL, N'active'),
(N'A2347010-D0C9-4B15-8766-98F997468DBD', N'22261F46-CC7E-4CD0-9ECD-1CDE8BAA53A2', N'TEST006', N'1A1AB494-3FD6-423F-8194-5FA4DCF6C4D6', N'2025-06-20', NULL, N'active'),
(N'D6BB5253-3A25-43A3-93E6-4AD256A30DC6', N'694027FC-8213-4365-BE48-E6BEF174483D', N'TEST007', N'1A1AB494-3FD6-423F-8194-5FA4DCF6C4D6', N'2025-09-20', NULL, N'active'),
(N'26E737EE-91B3-4935-90C4-83CDC1F932EA', N'BC3BF08F-547C-4367-84F0-A14347C4102C', N'S20210008', N'1A1AB494-3FD6-423F-8194-5FA4DCF6C4D6', N'2025-04-30', NULL, N'active'),
(N'2A4F0C81-7B4D-4750-AFC1-17817A1FF447', N'BBB2CA33-7D39-480D-80D6-4D69BB31A80C', N'S20210009', N'1A1AB494-3FD6-423F-8194-5FA4DCF6C4D6', N'2025-10-28', NULL, N'active'),
(N'33DF06F6-AEE3-48F4-9AFF-F9DBD086B109', N'12732482-1A4C-4E9F-A0C6-09B65B7268E8', N'S20210010', N'1A1AB494-3FD6-423F-8194-5FA4DCF6C4D6', N'2025-11-03', NULL, N'active'),
(N'9E9EBD69-C832-4D78-B7E5-673F0115BC4A', N'5EE4B9D5-C23C-4D00-9AAD-73D4C60CCB93', N'S20210011', N'1A1AB494-3FD6-423F-8194-5FA4DCF6C4D6', N'2025-12-26', NULL, N'active'),
(N'C5D314F3-5842-4A48-BC77-08748F064AE9', N'542A50ED-0F9E-47C2-9216-07C0D29FFF50', N'S20210012', N'1A1AB494-3FD6-423F-8194-5FA4DCF6C4D6', N'2025-07-05', NULL, N'active'),
(N'4797DE51-45DE-45D6-9561-0CEAECA8C288', N'B0689F50-4E63-4559-BD50-CFC7B567A022', N'S20210013', N'1A1AB494-3FD6-423F-8194-5FA4DCF6C4D6', N'2025-04-13', NULL, N'active'),
(N'85113154-C5A5-4E08-A76F-65B28CA1F885', N'8EACA602-F11F-4F3F-AC0B-7555924DC5C0', N'S20210014', N'1A1AB494-3FD6-423F-8194-5FA4DCF6C4D6', N'2025-09-20', NULL, N'active'),
(N'41ADF38A-EFF9-498A-9A16-0A8FEF7A33FE', N'14DBDF83-2717-4A87-92E9-E34551496916', N'S20210015', N'1A1AB494-3FD6-423F-8194-5FA4DCF6C4D6', N'2025-09-24', NULL, N'active'),
(N'26183151-DC44-4E28-9381-6B3E77CD4342', N'8F8CE87D-775A-430E-BFF5-3951D723082C', N'S20210016', N'1A1AB494-3FD6-423F-8194-5FA4DCF6C4D6', N'2025-05-29', NULL, N'active'),
(N'36E20069-A768-4708-B395-5959A217D166', N'7F7B0661-EE04-47EA-99B7-AA7FEC43AD1E', N'S20210017', N'1A1AB494-3FD6-423F-8194-5FA4DCF6C4D6', N'2025-07-19', NULL, N'active'),
(N'51FACF29-C833-4EC8-9767-2C56F4A718A1', N'427B2D1B-631A-4771-B311-125B46D0F39F', N'S20210018', N'1A1AB494-3FD6-423F-8194-5FA4DCF6C4D6', N'2025-05-11', NULL, N'active'),
(N'539A9062-7EA2-41A2-9B7E-AF03F9B28F99', N'28A24306-65C3-4488-9AB9-D79C3F6DE766', N'S20210019', N'1A1AB494-3FD6-423F-8194-5FA4DCF6C4D6', N'2025-09-30', NULL, N'active'),
(N'3F345758-A4CB-46D9-851E-9A9B24351653', N'4D04AB34-E2B9-4395-AD58-717E68C49745', N'S20210020', N'1A1AB494-3FD6-423F-8194-5FA4DCF6C4D6', N'2025-09-11', NULL, N'active'),
(N'D49E2C73-ED6D-4F7A-84CA-362877477F5F', N'2FACAAFB-7371-4FAE-9F58-4C0B3B1AD9D0', N'S20210021', N'1A1AB494-3FD6-423F-8194-5FA4DCF6C4D6', N'2025-12-12', NULL, N'active'),
(N'00782E95-1BF8-488F-A98B-72F8C211FD5F', N'EC9AE4E2-E127-438C-9914-DBBD58F81F24', N'S20210022', N'1A1AB494-3FD6-423F-8194-5FA4DCF6C4D6', N'2025-09-27', NULL, N'active'),
(N'90CE72BA-F1C3-44E1-847D-344206F7DDE4', N'9ACAE340-69E5-465A-93D3-69E0D781820A', N'S20210023', N'1A1AB494-3FD6-423F-8194-5FA4DCF6C4D6', N'2025-10-08', NULL, N'active'),
(N'568A1A24-4D2D-4AD4-BA7B-86D32F6D8844', N'7A3CBBA8-05C2-44D9-8E1A-634D9F14E8BF', N'S20210024', N'1A1AB494-3FD6-423F-8194-5FA4DCF6C4D6', N'2025-05-10', NULL, N'active'),
(N'0AA2ECAE-A6FC-4EE8-91EB-B8E8AE301413', N'EA58FE44-247B-405E-9900-0C336296A53F', N'S20210025', N'1A1AB494-3FD6-423F-8194-5FA4DCF6C4D6', N'2025-10-20', NULL, N'active'),
(N'59FDE0E6-901E-4067-B1AC-AA62A6A5DA60', N'4A0EEA51-4A27-4064-A103-4B89E7FFCE6F', N'S20210026', N'1A1AB494-3FD6-423F-8194-5FA4DCF6C4D6', N'2025-03-31', NULL, N'active'),
(N'4619268B-AA03-4ECD-848E-B325C964CCBC', N'A7991284-B499-4F1A-8132-CF07FADDA01E', N'S20210027', N'1A1AB494-3FD6-423F-8194-5FA4DCF6C4D6', N'2025-10-01', NULL, N'active'),
(N'B3379139-DA1F-4AE1-B88E-743DB5D2FD05', N'CB27947D-FB7C-49BA-AC22-3B1A6646996B', N'S20210028', N'1A1AB494-3FD6-423F-8194-5FA4DCF6C4D6', N'2025-07-23', NULL, N'active'),
(N'A9C3AECB-AB8A-446E-B067-04E306146B4F', N'E15E457D-7E6B-4678-8F33-7143E0048299', N'S20210029', N'1A1AB494-3FD6-423F-8194-5FA4DCF6C4D6', N'2025-02-03', NULL, N'active'),
(N'308B7050-2AC4-40B1-997A-62687F831EEA', N'6AF12348-2C4F-446A-96BA-864B9EAC32A2', N'S20210030', N'1A1AB494-3FD6-423F-8194-5FA4DCF6C4D6', N'2025-03-21', NULL, N'active'),
(N'2CB7E3E9-1484-42D4-A5BE-B418A58ED6CC', N'5606EAA2-40A5-4857-8E6E-9C824883858F', N'S20210031', N'1A1AB494-3FD6-423F-8194-5FA4DCF6C4D6', N'2025-11-28', N'2025-08-28', N'active'),
(N'F4E26824-EB18-4D2A-8B8B-7BC68BEC2AC7', N'D95BE64B-13B1-4FA8-93B4-9E590A7C33DE', N'S20210032', N'1A1AB494-3FD6-423F-8194-5FA4DCF6C4D6', N'2025-11-19', NULL, N'active'),
(N'CE067B96-C2F4-4748-AEA5-6537DE5FBDCE', N'571F7E25-679A-4F7F-847B-65B854899561', N'S20210033', N'1A1AB494-3FD6-423F-8194-5FA4DCF6C4D6', N'2025-08-17', NULL, N'active'),
(N'A02C931B-3FB7-4093-980F-857F5D9A2DE2', N'7F9A1D1F-7619-4155-8049-ECE8770E04B1', N'S20210034', N'1A1AB494-3FD6-423F-8194-5FA4DCF6C4D6', N'2025-08-28', NULL, N'active'),
(N'E7342DA1-30C7-44EB-BD09-6F0735FF3CCD', N'FE9241F9-DB5F-4B7F-B6BA-DE4987C911C6', N'S20210035', N'1A1AB494-3FD6-423F-8194-5FA4DCF6C4D6', N'2025-01-13', NULL, N'active'),
(N'9D6B07A4-7EEB-4E4A-BAFD-E6D91B96CF8A', N'7E56FC0C-00CB-4985-BBB6-E55774566010', N'S20210036', N'58DB0E9F-29C5-4BF5-A3BB-1DA02A164BA2', N'2025-05-05', NULL, N'active'),
(N'0519D63C-C23A-476D-BE3B-4A43C1710A9A', N'E40DA9EA-5268-4A2C-A1D4-B5BDC37EE86A', N'S20210037', N'58DB0E9F-29C5-4BF5-A3BB-1DA02A164BA2', N'2025-04-03', NULL, N'active'),
(N'AFB128A5-3376-4929-A17B-437AF28A85B6', N'31D2D649-4E09-43FD-9466-889A68D8A711', N'S20210038', N'58DB0E9F-29C5-4BF5-A3BB-1DA02A164BA2', N'2025-06-07', NULL, N'active'),
(N'C80D9695-3506-4884-B366-1DFA58DAE25F', N'C1707BAF-F87F-4CEB-B656-EEE0D63FB524', N'S20210039', N'58DB0E9F-29C5-4BF5-A3BB-1DA02A164BA2', N'2025-11-19', NULL, N'active'),
(N'E74C8049-E5CE-41BB-8E5F-3CBDA13E24A9', N'36BE0EAB-9BD6-473D-8BA0-536A42BC465E', N'S20210040', N'58DB0E9F-29C5-4BF5-A3BB-1DA02A164BA2', N'2025-10-30', NULL, N'active'),
(N'F41795D9-D9E7-43F9-BDCC-F7374CFC2F10', N'DE7A82E2-3348-42BD-85A8-3BACC599E571', N'S20210041', N'58DB0E9F-29C5-4BF5-A3BB-1DA02A164BA2', N'2025-08-26', NULL, N'active'),
(N'52D0C248-A944-43E9-A16F-A8A81C5F5E9D', N'A4A2DDD4-2722-4DA3-B861-81FF3ECE59F5', N'S20210042', N'58DB0E9F-29C5-4BF5-A3BB-1DA02A164BA2', N'2025-05-01', NULL, N'active'),
(N'FD60C0F0-7E2C-4D18-A9E8-56119AE00737', N'94E8878D-BC0C-4BF3-B16A-CC93CC888B2F', N'S20210043', N'58DB0E9F-29C5-4BF5-A3BB-1DA02A164BA2', N'2025-03-22', NULL, N'active'),
(N'551A42B9-086E-48F5-8EF2-41D8F94570A1', N'36344017-AE75-4938-8C75-169452588424', N'S20210044', N'58DB0E9F-29C5-4BF5-A3BB-1DA02A164BA2', N'2025-03-16', NULL, N'active'),
(N'820B92EE-F2E4-4887-BA72-42F47051A1CA', N'BDB12CD8-6740-4198-A5F2-389A52B8F6B0', N'S20210045', N'58DB0E9F-29C5-4BF5-A3BB-1DA02A164BA2', N'2025-07-11', NULL, N'active'),
(N'CBAB4ED5-2C95-43DF-9E97-138A41780786', N'E01F9537-78ED-4286-902C-FC570E17621F', N'S20210046', N'58DB0E9F-29C5-4BF5-A3BB-1DA02A164BA2', N'2025-07-17', NULL, N'active'),
(N'C2B46F5D-4592-4679-89B5-6D0E9A4AA286', N'7643C449-AB14-4D11-80A4-050680AD76BE', N'S20210047', N'58DB0E9F-29C5-4BF5-A3BB-1DA02A164BA2', N'2025-05-13', NULL, N'active'),
(N'CBFF494D-E594-45AD-A92A-78EE9F5A74D9', N'CF9D301F-D85C-45A8-AFF5-AA94157E0265', N'S20210048', N'58DB0E9F-29C5-4BF5-A3BB-1DA02A164BA2', N'2025-06-23', NULL, N'active'),
(N'333205F4-4C56-4EAA-9E68-1D2A0F485979', N'8A8B82C0-4190-42AD-BDAE-E4BCEF8653E5', N'S20210049', N'58DB0E9F-29C5-4BF5-A3BB-1DA02A164BA2', N'2025-01-26', NULL, N'active'),
(N'30E7DE20-7528-4057-BC65-92B320104132', N'617BE97D-2A5A-4477-A738-D19F47B6D598', N'S20210050', N'58DB0E9F-29C5-4BF5-A3BB-1DA02A164BA2', N'2025-09-01', NULL, N'active'),
(N'C4E90DDB-CA02-49CE-B31A-35C4793D188A', N'A341A0D8-57FE-4CF1-A57C-62CD2094DC26', N'S20210051', N'58DB0E9F-29C5-4BF5-A3BB-1DA02A164BA2', N'2025-09-09', NULL, N'active'),
(N'A0BD8AB2-41AB-4ECF-AECC-86E729E12C2A', N'6D8BB00D-C895-4F95-879E-4ABE36E7C4A2', N'S20210052', N'58DB0E9F-29C5-4BF5-A3BB-1DA02A164BA2', N'2025-07-02', NULL, N'active'),
(N'0051F217-4EA8-4F74-AD13-FBE6DCAA948F', N'B6A04916-DE9E-4705-A185-AF90719B6C8B', N'S20210053', N'58DB0E9F-29C5-4BF5-A3BB-1DA02A164BA2', N'2025-07-09', NULL, N'active'),
(N'6D45E4BB-16C3-4095-AE53-034AD611D540', N'7F9763C0-89B6-436C-9A7F-7C9F82A74081', N'S20210054', N'58DB0E9F-29C5-4BF5-A3BB-1DA02A164BA2', N'2025-11-27', N'2025-09-24', N'active'),
(N'6460865C-A845-43F9-BA5F-6A3FB76AF0F7', N'84E55A19-7959-4C81-A5C7-035EDB045AA7', N'S20210055', N'58DB0E9F-29C5-4BF5-A3BB-1DA02A164BA2', N'2025-12-15', NULL, N'active'),
(N'E9646A6E-78CD-45B8-8F6D-0C3958032F72', N'94E550B5-E351-4C55-9928-16DA10151D67', N'S20210056', N'58DB0E9F-29C5-4BF5-A3BB-1DA02A164BA2', N'2025-05-02', NULL, N'active'),
(N'BDF30921-DF04-4B0D-A39F-DEF2D4A58643', N'86425D44-C804-4D52-8282-AD1DC71093F7', N'S20210057', N'58DB0E9F-29C5-4BF5-A3BB-1DA02A164BA2', N'2025-09-18', NULL, N'active'),
(N'7CD1353D-1A48-40C9-B7FC-790297809357', N'74BD4758-4944-44DB-993D-BDBA558A0EEF', N'S20210058', N'58DB0E9F-29C5-4BF5-A3BB-1DA02A164BA2', N'2025-01-11', NULL, N'active'),
(N'D325341F-1F9E-46E9-AC0D-593678293CF2', N'8E6349C1-5A68-498B-A573-62EA95164278', N'S20210059', N'58DB0E9F-29C5-4BF5-A3BB-1DA02A164BA2', N'2025-03-20', NULL, N'active'),
(N'01076371-6454-43A5-AD4E-FD971E06CE34', N'AF8A77B4-8B80-4CE4-8EB6-E22EA5AF073E', N'S20210060', N'58DB0E9F-29C5-4BF5-A3BB-1DA02A164BA2', N'2025-09-14', NULL, N'active'),
(N'BEF4236C-8A28-495F-A69E-0B54DD04FC83', N'0C18EE20-B812-4001-B47D-D5AAEA636743', N'S20210061', N'58DB0E9F-29C5-4BF5-A3BB-1DA02A164BA2', N'2025-10-29', NULL, N'active'),
(N'28DAAA9B-F244-4A81-BFD7-A1863A538BBC', N'D5A476BC-1880-49F4-A0DE-82E780E3EBC9', N'S20210062', N'58DB0E9F-29C5-4BF5-A3BB-1DA02A164BA2', N'2025-10-08', NULL, N'active'),
(N'673E52D2-5AD1-4857-8E8F-87DB88B0DD68', N'62DC0669-E900-4AB7-8EB9-30AF519543CE', N'S20210063', N'58DB0E9F-29C5-4BF5-A3BB-1DA02A164BA2', N'2025-08-18', N'2025-04-04', N'active'),
(N'655C06E5-184E-4FA9-92C7-DA1A0CE5885F', N'ADD17B53-2776-4990-A615-A34533E20701', N'S20210064', N'58DB0E9F-29C5-4BF5-A3BB-1DA02A164BA2', N'2025-03-25', NULL, N'active'),
(N'86EBCE22-3DC3-48FE-8FE1-B6DD594AA52E', N'85C56CA9-3921-4FDF-8E4D-13DC504FB953', N'S20210065', N'58DB0E9F-29C5-4BF5-A3BB-1DA02A164BA2', N'2025-10-23', NULL, N'active'),
(N'B07DB66C-98F7-4D2D-AC0E-7D7A85E60AED', N'009704E0-7C9D-48E7-B3CE-82BC680F4260', N'S20210066', N'58DB0E9F-29C5-4BF5-A3BB-1DA02A164BA2', N'2025-11-26', NULL, N'active'),
(N'E3ABC976-8569-4C34-B3F3-7BA2A76E1090', N'FE009364-19E0-4F5B-A5FE-B5C3458EDAB8', N'S20210067', N'58DB0E9F-29C5-4BF5-A3BB-1DA02A164BA2', N'2025-04-17', NULL, N'active'),
(N'B64EC5EC-28CC-41E4-962B-A65F94AB6E9E', N'745E6461-C292-46A6-80D3-1D8526022FB6', N'S20210068', N'58DB0E9F-29C5-4BF5-A3BB-1DA02A164BA2', N'2025-12-17', NULL, N'active'),
(N'386D507C-57C2-4EB4-89B3-D6F9BB5C4E58', N'2E033DAE-3E8D-48B8-9F38-AD2EED30EC61', N'S20210069', N'58DB0E9F-29C5-4BF5-A3BB-1DA02A164BA2', N'2025-08-01', NULL, N'active'),
(N'BE29FA69-C68A-42B8-BA43-8C5B85DF1802', N'5B28E772-EF28-4A6D-B5E7-9950F81E33C7', N'S20210070', N'58DB0E9F-29C5-4BF5-A3BB-1DA02A164BA2', N'2025-09-12', NULL, N'active'),
(N'311A4954-D565-4355-924F-26BCF1B977B9', N'DDDCA755-3EBA-4BA7-81C1-AABFCB58AF70', N'S20210071', N'E12287D1-0505-4E9D-8F42-EE68F8D6EA4D', N'2024-11-01', NULL, N'active'),
(N'74647C74-6D02-4F68-ADDA-A7C4079E32A4', N'1D0B1605-8F12-484D-BCDA-1DED73F57EAB', N'S20210072', N'E12287D1-0505-4E9D-8F42-EE68F8D6EA4D', N'2024-04-10', NULL, N'active'),
(N'3F39671F-13B7-4192-B08D-25E81DA82403', N'0D3E62E8-B8DC-4723-8801-D54BFE39772D', N'S20210073', N'E12287D1-0505-4E9D-8F42-EE68F8D6EA4D', N'2024-08-08', NULL, N'active'),
(N'A8B754AF-7B3B-4135-9189-E72F3702A992', N'BB9E9339-7C45-48F2-95C2-7E0CB6B7F9FF', N'S20210074', N'E12287D1-0505-4E9D-8F42-EE68F8D6EA4D', N'2024-03-22', NULL, N'active'),
(N'1F16C8BD-D055-4407-A575-9BCF25A4A045', N'F59E973A-F086-49D1-A11E-139D9A617C64', N'S20210075', N'E12287D1-0505-4E9D-8F42-EE68F8D6EA4D', N'2024-01-23', NULL, N'active'),
(N'F301A2CF-2BFD-480E-9AED-BCDCD1691C2D', N'11E45469-7927-455F-B9CE-569E20738D1C', N'S20210076', N'E12287D1-0505-4E9D-8F42-EE68F8D6EA4D', N'2024-06-02', NULL, N'active'),
(N'0C6D841C-566F-4D8D-9101-7589049BA95A', N'641724A7-ADC2-43E1-B951-E3965949520D', N'S20210077', N'E12287D1-0505-4E9D-8F42-EE68F8D6EA4D', N'2024-01-29', NULL, N'active'),
(N'33D63243-B086-4AA1-874C-8D28059619E6', N'EC6F16C8-E5AB-4498-9439-5DE9D9D5CCB0', N'S20210078', N'E12287D1-0505-4E9D-8F42-EE68F8D6EA4D', N'2024-05-31', NULL, N'active'),
(N'0DC7C1A7-B8D3-411F-856F-EE831756B76F', N'7822534D-94AE-4CBA-AA77-A11465843A35', N'S20210079', N'E12287D1-0505-4E9D-8F42-EE68F8D6EA4D', N'2024-07-04', NULL, N'active'),
(N'1BED1F90-051E-4803-88A2-D1A7A68EB86F', N'5451F6A1-2B46-4359-9DBA-62C17704B917', N'S20210080', N'E12287D1-0505-4E9D-8F42-EE68F8D6EA4D', N'2024-02-24', NULL, N'active'),
(N'9CCDCFD5-E32B-4540-8799-4189DE9DEB03', N'9A1B8304-F8BD-46A9-98D6-610532B7D223', N'S20210081', N'E12287D1-0505-4E9D-8F42-EE68F8D6EA4D', N'2024-09-30', NULL, N'active'),
(N'55BED877-994D-44ED-BE7E-B8099C2BC4EC', N'0D75B841-E1E0-4529-A6DC-5791B4900BB9', N'S20210082', N'E12287D1-0505-4E9D-8F42-EE68F8D6EA4D', N'2024-06-17', NULL, N'active'),
(N'6DADDC89-B5B8-4D6C-953F-5EA223D0AC03', N'E2A979AB-773C-4DBD-BAD5-65943EDC5F50', N'S20210083', N'E12287D1-0505-4E9D-8F42-EE68F8D6EA4D', N'2024-08-27', NULL, N'active'),
(N'402CDF2F-7341-494B-874E-AF37CBE491BD', N'F46F2EA2-CB0C-43BB-A0E6-64AE74DF6F34', N'S20210084', N'E12287D1-0505-4E9D-8F42-EE68F8D6EA4D', N'2024-03-16', NULL, N'active'),
(N'59681513-3B95-4903-93B0-CA1C11C0CCAB', N'5471A457-799E-45F5-A584-0A9AB14A4B9A', N'S20210085', N'E12287D1-0505-4E9D-8F42-EE68F8D6EA4D', N'2024-03-03', NULL, N'active'),
(N'9DD2BB48-FDC6-4DDA-AFCE-9A6F4D1A776F', N'80D39BEC-34F8-4D3F-9190-DC06506B1A6E', N'S20210086', N'E12287D1-0505-4E9D-8F42-EE68F8D6EA4D', N'2024-01-15', NULL, N'active'),
(N'3B7769EE-6E6B-452D-8913-C86E64398AFF', N'7E8DC29D-EBE9-435B-A8BD-30328B21CD66', N'S20210087', N'E12287D1-0505-4E9D-8F42-EE68F8D6EA4D', N'2024-08-17', NULL, N'active'),
(N'E35CE598-3DE1-45EF-9F97-0BF3287F1A37', N'C5BA98C9-DA7B-4BD9-9149-AEEE1CF272F9', N'S20210088', N'E12287D1-0505-4E9D-8F42-EE68F8D6EA4D', N'2024-09-22', NULL, N'active'),
(N'E424D182-8840-46D1-979E-424C88FF71AD', N'10A3C250-3D43-4BF0-B06A-AF8DF7CE2C80', N'S20210089', N'E12287D1-0505-4E9D-8F42-EE68F8D6EA4D', N'2024-01-12', NULL, N'active'),
(N'F8C237E9-F543-4879-8D47-FC92E415ECB1', N'57A68D83-59F8-43D3-B3B7-F020FB4D74FE', N'S20210090', N'E12287D1-0505-4E9D-8F42-EE68F8D6EA4D', N'2024-03-25', NULL, N'active'),
(N'6BCB2555-4E03-4C9C-9AEF-B8847FDAA704', N'022C2233-8975-4DAE-9C01-15D06D2D4473', N'S20210091', N'E12287D1-0505-4E9D-8F42-EE68F8D6EA4D', N'2024-03-28', NULL, N'active'),
(N'61345F7F-571B-4894-A97F-2CBE87DECEFE', N'82BA62AB-5DFE-4DF7-ADDF-586A173444E0', N'S20210092', N'E12287D1-0505-4E9D-8F42-EE68F8D6EA4D', N'2024-05-10', NULL, N'active'),
(N'7F72EB21-46F2-4539-94D4-91802C8E0F17', N'9614180A-0320-4E14-B8B6-E2B5A931782A', N'S20210093', N'E12287D1-0505-4E9D-8F42-EE68F8D6EA4D', N'2024-09-29', NULL, N'active'),
(N'19B54E14-8A9A-437D-A1CD-619AF2AE3D8B', N'530193B5-4708-4993-A914-F453A01A3D39', N'S20210094', N'E12287D1-0505-4E9D-8F42-EE68F8D6EA4D', N'2024-12-22', NULL, N'active'),
(N'76EBFCED-D2CB-4AEB-A849-30D757AF1B87', N'1C1969D1-34D2-41C6-8B5D-46D8553B7130', N'S20210095', N'E12287D1-0505-4E9D-8F42-EE68F8D6EA4D', N'2024-10-11', NULL, N'active'),
(N'87F66132-21D9-4E8A-820E-C21040830376', N'46B4C675-CA42-4565-93C6-A6E9C27F77DB', N'S20210096', N'E12287D1-0505-4E9D-8F42-EE68F8D6EA4D', N'2024-08-04', NULL, N'active'),
(N'090EC8AA-7D81-4FCF-9C64-58538DF2F611', N'80347045-0410-4857-8AB3-3688B4AC7863', N'S20210097', N'E12287D1-0505-4E9D-8F42-EE68F8D6EA4D', N'2024-06-07', NULL, N'active'),
(N'585EF02B-6115-4899-B1D4-DB27F2D6A86E', N'CD46E053-C9E8-4E92-B267-09D50A2F233B', N'S20210098', N'E12287D1-0505-4E9D-8F42-EE68F8D6EA4D', N'2024-10-06', NULL, N'active'),
(N'0A69D693-12D8-4F2E-8CE3-4ECE6F06A2B9', N'A3CA59C1-180A-428A-9CB4-18B4298AF71A', N'S20210099', N'E12287D1-0505-4E9D-8F42-EE68F8D6EA4D', N'2024-10-26', NULL, N'active'),
(N'8677F14C-40B0-4218-9FD6-2D9F05ABDA41', N'9A048112-0810-4FCB-83A2-D099D7818BF2', N'S20210100', N'E12287D1-0505-4E9D-8F42-EE68F8D6EA4D', N'2024-10-20', NULL, N'active'),
(N'29DF0F4D-081C-441A-8248-99D24B78AB75', N'DFBB99D6-AA69-41F2-958D-B4D8428DC0EB', N'S20210101', N'E12287D1-0505-4E9D-8F42-EE68F8D6EA4D', N'2024-09-11', NULL, N'active'),
(N'4416A81D-3837-4DEC-8A6D-498E2A59B3B4', N'6F2728BB-C88D-40E2-BAB0-FE54AD7DD97F', N'S20210102', N'E12287D1-0505-4E9D-8F42-EE68F8D6EA4D', N'2024-05-26', NULL, N'active'),
(N'8034AB8F-9649-4ACF-85A6-2D2EAA802E2B', N'13A20AB2-05DB-44A8-AE8F-061849A096F1', N'S20210103', N'E12287D1-0505-4E9D-8F42-EE68F8D6EA4D', N'2024-08-01', NULL, N'active'),
(N'A395ECF1-50D8-434B-AB3B-EFB6627781F4', N'5C057E90-AC49-46EB-A079-EACFB4990C06', N'S20210104', N'E12287D1-0505-4E9D-8F42-EE68F8D6EA4D', N'2024-08-14', NULL, N'active'),
(N'6FF3CFCB-8430-4108-9FEB-BE1DFFB8A400', N'B612B279-965D-4A7D-9B5F-00B6640DD220', N'S20210105', N'E12287D1-0505-4E9D-8F42-EE68F8D6EA4D', N'2024-10-30', NULL, N'active'),
(N'BBAE74B0-1C8E-4CFA-8A82-AEA2F42E4D83', N'46CC4A7B-6317-4111-8E4B-34EE404264FD', N'S20210106', N'8C2154BA-CA33-45B8-8624-838D3AAA2082', N'2024-10-12', NULL, N'active'),
(N'0BC0CC23-4E07-4E85-BC91-0BBF869D1009', N'03D849FA-749F-423B-BFA7-CE692C45FFFC', N'S20210107', N'8C2154BA-CA33-45B8-8624-838D3AAA2082', N'2024-10-22', NULL, N'active');


-- ============================================

-- STAFF DATA

-- ============================================

INSERT INTO staff (staff_id, user_id, employee_code, position, hire_date) VALUES
(N'EAE40105-330C-4EF3-89E3-0849D718351E', N'29CF77E6-258C-4A86-B78D-2A94DE508564', N'E20200001', N'technician', N'2021-11-02'),
(N'478A027C-D884-48CD-B9DB-B01B2BC4145D', N'A8394F12-87AD-48E1-985B-121DC04F4EAB', N'E20200002', N'administrator', N'2022-06-07'),
(N'EE78F71C-54A4-4C90-B35B-020EAD4C3669', N'BDDFAEA1-E79B-401B-AE0C-34F60939BDEF', N'E20200003', N'administrator', N'2023-10-23'),
(N'790AA7D6-3153-4882-82C8-20C0797A57C0', N'253AC6A0-038C-4FE5-B9CF-441A0BA152E2', N'E20200004', N'technician', N'2020-12-29'),
(N'527418F8-3DA3-484E-AA63-94CA22F2DAF7', N'18C717AB-83F3-4D15-AA08-6E19B2552B24', N'E20200005', N'technician', N'2023-11-04'),
(N'CE695107-7730-482C-A269-53612E564038', N'E23BCC4A-466F-4451-80C1-79AB77D1CDD6', N'E20200006', N'manager', N'2023-05-23'),
(N'316F1470-6219-4F00-9C52-C3D2FD96C0D0', N'DA4259F4-4CCC-450C-B6BE-8B983033EDD9', N'E20200007', N'supervisor', N'2021-10-23'),
(N'B61BCBFB-216C-4BB0-A62B-3EA92FC07DAA', N'A87DACDD-DBFE-4CBE-90ED-92BA096A0319', N'E20200008', N'technician', N'2021-09-24'),
(N'110F9863-47B6-4996-A3D1-811B9DB127F0', N'0A0377EC-F5AC-4DC1-B9B9-94DA7F70DDD0', N'E20200009', N'administrator', N'2021-02-21'),
(N'317A74CA-0C52-4248-9E56-059BEBE46CA6', N'840B6566-9FC7-4E30-AD0F-C47A3C877F46', N'E20200010', N'technician', N'2023-05-27'),
(N'01EC894E-D403-4D36-9FEE-01286B20B753', N'7C738365-5A0A-486F-AD02-85D22A431855', N'E20200011', N'supervisor', N'2023-01-29');


-- ============================================

-- PAGE SIZES AND PRICING CONFIGURATION DATA

-- ============================================

INSERT INTO page_size (page_size_id, size_name, width_mm, height_mm, created_at) VALUES
(N'A306B69A-88AB-4B93-9E1C-5B533D2342D6', N'A3', 297.0, 420.0, N'2025-09-05 16:04:26'),
(N'8B8E3FD2-7C34-4EFF-8020-644358B7F3BC', N'A4', 210.0, 297.0, N'2025-09-05 16:04:26'),
(N'8DF6E67B-F38A-4D7A-B5B7-F790C96F6B58', N'A5', 148.0, 210.0, N'2025-09-05 16:04:26');

INSERT INTO semester (semester_id, academic_year_id, term_name, start_date, end_date, created_at) VALUES
(N'9BD3F808-9937-4A60-8B5F-6457CB877152', N'52FCEACF-F8F0-48A2-A5BA-123BA1CC807D', N'fall', N'2022-09-01', N'2022-12-31', N'2025-12-27 16:04:26'),
(N'ED9FF24E-5BC5-41EF-8D03-65DC74B068A7', N'52FCEACF-F8F0-48A2-A5BA-123BA1CC807D', N'spring', N'2023-01-01', N'2023-05-31', N'2025-12-27 16:04:26'),
(N'4BB403BB-3E7A-4329-B1AD-C53A35C57272', N'52FCEACF-F8F0-48A2-A5BA-123BA1CC807D', N'summer', N'2023-06-01', N'2023-08-31', N'2025-12-27 16:04:26'),
(N'4CD41089-286F-4412-85F7-0FADE4E1E1D8', N'D13443C2-264E-489F-9BA0-85CCCA4C7273', N'fall', N'2023-09-01', N'2023-12-31', N'2025-12-27 16:04:26'),
(N'1F193FDA-E6C7-4CB5-A265-3809BBB644D2', N'D13443C2-264E-489F-9BA0-85CCCA4C7273', N'spring', N'2024-01-01', N'2024-05-31', N'2025-12-27 16:04:26'),
(N'952165BA-E023-4948-96D4-2E5F42475CEB', N'D13443C2-264E-489F-9BA0-85CCCA4C7273', N'summer', N'2024-06-01', N'2024-08-31', N'2025-12-27 16:04:26'),
(N'AA45F8D0-EE61-44E7-A696-CADFC48AC23D', N'6CFDC765-7F11-4551-A912-23B72E6DACB9', N'fall', N'2024-09-01', N'2024-12-31', N'2025-12-27 16:04:26'),
(N'1452CA15-8ADF-4C45-904F-D48BF33DEFAB', N'6CFDC765-7F11-4551-A912-23B72E6DACB9', N'spring', N'2025-01-01', N'2025-05-31', N'2025-12-27 16:04:26'),
(N'AF550994-3B43-4BAD-9B76-A14CDBC0B676', N'6CFDC765-7F11-4551-A912-23B72E6DACB9', N'summer', N'2025-06-01', N'2025-08-31', N'2025-12-27 16:04:26');


-- Page Size Prices

INSERT INTO page_size_price (price_id, page_size_id, page_price, is_active, created_at, updated_at) VALUES
(N'504D93D9-1621-4EAF-B4D9-123FB4B87FA6', N'A306B69A-88AB-4B93-9E1C-5B533D2342D6', 2000, 1, N'2025-03-02 16:04:26', N'2025-03-02 16:04:26'),
(N'57C220B1-B1A8-421D-A4E0-0751783A4C25', N'8B8E3FD2-7C34-4EFF-8020-644358B7F3BC', 1000, 1, N'2025-03-02 16:04:26', N'2025-03-02 16:04:26'),
(N'780076EF-5AB2-4E6D-9862-18A341744541', N'8DF6E67B-F38A-4D7A-B5B7-F790C96F6B58', 500, 1, N'2025-03-02 16:04:26', N'2025-03-02 16:04:26');


-- System Page Allocation (Initial Inventory)

INSERT INTO system_page_allocation (allocation_id, page_size_id, quantity, created_at, updated_at) VALUES
(N'7263F6EE-A7E4-4A3E-8174-4DBB8346E297', N'A306B69A-88AB-4B93-9E1C-5B533D2342D6', 5000, N'2025-03-25 16:04:26', N'2025-03-25 16:04:26'),
(N'DB3C11F0-3217-41F4-ACA9-603CF7C72005', N'8B8E3FD2-7C34-4EFF-8020-644358B7F3BC', 10000, N'2025-03-25 16:04:26', N'2025-03-25 16:04:26'),
(N'C810B338-78A6-42FF-ABE5-CEFE93CC3F3B', N'8DF6E67B-F38A-4D7A-B5B7-F790C96F6B58', 8000, N'2025-03-25 16:04:26', N'2025-03-25 16:04:26');


-- Color Modes

INSERT INTO color_mode (color_mode_id, color_mode_name, description, created_at) VALUES
(N'D07FCDF0-698C-4519-95DE-D1681B27CC85', N'black-white', N'Black and white printing', N'2025-06-30 16:04:26'),
(N'86B8E210-EA9E-42BC-9B94-89A2B51132EB', N'grayscale', N'Grayscale printing', N'2025-06-30 16:04:26'),
(N'5F1ACF80-FD2F-4B79-8C07-434BC555EF28', N'color', N'Color printing', N'2025-06-30 16:04:26');


-- Color Mode Prices

INSERT INTO color_mode_price (setting_id, color_mode_id, price_multiplier, is_active, created_at, updated_at) VALUES
(N'BCE840C3-57B4-4692-93A9-07271368E87F', N'D07FCDF0-698C-4519-95DE-D1681B27CC85', 1.0, 1, N'2025-06-30 16:04:26', N'2025-06-30 16:04:26'),
(N'B17DFFD1-C2EA-4AB5-A267-8AB1B539536C', N'86B8E210-EA9E-42BC-9B94-89A2B51132EB', 1.2, 1, N'2025-06-30 16:04:26', N'2025-06-30 16:04:26'),
(N'47A6A72A-76D2-494A-83BC-F6B7E0AE7126', N'5F1ACF80-FD2F-4B79-8C07-434BC555EF28', 2.2, 1, N'2025-06-30 16:04:26', N'2025-06-30 16:04:26');


-- Page Discount Packages

INSERT INTO page_discount_package (package_id, min_pages, discount_percentage, package_name, description, is_active, created_at, updated_at) VALUES
(N'D2471CD4-D02C-496E-83D1-9402DC05B5E0', 50, 0.0, N'50 pages', N'50 pages: no discount', 1, N'2025-06-30 16:04:26', N'2025-06-30 16:04:26'),
(N'8977CDF8-766D-4B25-AA48-BB9FAB4D012E', 100, 0.1, N'100 pages', N'100 pages: 10% discount', 1, N'2025-06-30 16:04:26', N'2025-06-30 16:04:26'),
(N'F67DE9DD-66AF-4298-81AC-30802982654B', 200, 0.125, N'200 pages', N'200 pages: 12.5% discount', 1, N'2025-06-30 16:04:26', N'2025-06-30 16:04:26'),
(N'58ECC1EC-48FB-4E32-8D23-FD8CAAD238CB', 500, 0.2, N'500 pages', N'500 pages: 20% discount', 1, N'2025-06-30 16:04:26', N'2025-06-30 16:04:26');


-- ============================================

-- BALANCE AND PAYMENT SYSTEM DATA

-- ============================================


-- Deposit Bonus Packages

INSERT INTO deposit_bonus_package (package_id, amount_cap, bonus_percentage, package_name, description, is_active, created_at, updated_at) VALUES
(N'3507377D-0A13-4438-B00C-8067022838AA', 50000, 0.0, N'Basic Package', N'Deposit 50,000₫, bonus 0₫ (0%), total receive 50,000₫.', 1, N'2025-11-09 16:04:26', N'2025-11-09 16:04:26'),
(N'4F721CCF-E398-4287-B7B8-F31AA6A7ECEA', 100000, 0.1, N'Save Package', N'Deposit 100,000₫, bonus 10,000₫ (10%), total receive 110,000₫.', 1, N'2025-08-03 16:04:26', N'2025-08-03 16:04:26'),
(N'5F85C002-5695-4D84-A30D-C21E5FFB03D4', 200000, 0.25, N'Christmas Package', N'Deposit 200,000₫, bonus 50,000₫ (25%), total receive 250,000₫.', 1, N'2025-11-26 16:04:26', N'2025-11-26 16:04:26'),
(N'67B76793-3EEF-491C-A74E-BDADA25669C2', 500000, 0.3, N'Super Save Package', N'Deposit 500,000₫, bonus 150,000₫ (30%), total receive 650,000₫.', 1, N'2025-08-05 16:04:26', N'2025-08-05 16:04:26');


-- Semester Bonuses

INSERT INTO semester_bonus (bonus_id, semester_id, bonus_amount, description, created_at, created_by) VALUES
(N'81721B6A-DDC1-45C3-B7E0-48CFB0F6BBA7', N'9BD3F808-9937-4A60-8B5F-6457CB877152', 125000, N'Semester bonus for fall semester', N'2022-09-01 00:00:00', N'316F1470-6219-4F00-9C52-C3D2FD96C0D0'),
(N'559B7870-B2F6-4BFD-A74E-351481058227', N'ED9FF24E-5BC5-41EF-8D03-65DC74B068A7', 125000, N'Semester bonus for spring semester', N'2023-01-01 00:00:00', N'316F1470-6219-4F00-9C52-C3D2FD96C0D0'),
(N'910B6985-2692-4EF9-8517-C55C679EE711', N'4BB403BB-3E7A-4329-B1AD-C53A35C57272', 125000, N'Semester bonus for summer semester', N'2023-06-01 00:00:00', N'316F1470-6219-4F00-9C52-C3D2FD96C0D0'),
(N'F37B263C-47DB-48F0-BB12-DCF92E3BCF5E', N'4CD41089-286F-4412-85F7-0FADE4E1E1D8', 125000, N'Semester bonus for fall semester', N'2023-09-01 00:00:00', N'316F1470-6219-4F00-9C52-C3D2FD96C0D0'),
(N'43E6CB9B-9954-4335-B49E-B373AD163E58', N'1F193FDA-E6C7-4CB5-A265-3809BBB644D2', 125000, N'Semester bonus for spring semester', N'2024-01-01 00:00:00', N'316F1470-6219-4F00-9C52-C3D2FD96C0D0'),
(N'CFD9676C-FD43-481E-8401-0CA3FBEABA63', N'952165BA-E023-4948-96D4-2E5F42475CEB', 125000, N'Semester bonus for summer semester', N'2024-06-01 00:00:00', N'316F1470-6219-4F00-9C52-C3D2FD96C0D0'),
(N'014642C9-C42C-4E7D-BA35-9ED0860D4AFE', N'AA45F8D0-EE61-44E7-A696-CADFC48AC23D', 125000, N'Semester bonus for fall semester', N'2024-09-01 00:00:00', N'316F1470-6219-4F00-9C52-C3D2FD96C0D0'),
(N'15BE7F73-B23D-4441-A40D-868CEF39281E', N'1452CA15-8ADF-4C45-904F-D48BF33DEFAB', 125000, N'Semester bonus for spring semester', N'2025-01-01 00:00:00', N'316F1470-6219-4F00-9C52-C3D2FD96C0D0'),
(N'E299C31F-8B97-471F-9BD0-72AFDAF120CE', N'AF550994-3B43-4BAD-9B76-A14CDBC0B676', 125000, N'Semester bonus for summer semester', N'2025-06-01 00:00:00', N'316F1470-6219-4F00-9C52-C3D2FD96C0D0');


-- Student Semester Bonuses

INSERT INTO student_semester_bonus (student_bonus_id, student_id, semester_bonus_id, semester_id, received, received_date, created_at) VALUES
(N'73F7C6C8-F107-4CFB-8B00-BDAA9AE1E5AD', N'13EE90FC-83E6-4B7F-A52E-78B1B8DD34F8', N'E299C31F-8B97-471F-9BD0-72AFDAF120CE', N'AF550994-3B43-4BAD-9B76-A14CDBC0B676', 1, N'2025-06-26', N'2025-06-01 00:00:00'),
(N'3B9DDD7C-07DE-43FD-98DC-9875A66839D1', N'8CFE1909-9711-4069-876A-8748FEAEACCE', N'E299C31F-8B97-471F-9BD0-72AFDAF120CE', N'AF550994-3B43-4BAD-9B76-A14CDBC0B676', 1, N'2025-06-30', N'2025-06-01 00:00:00'),
(N'19E37503-C399-47FF-8A4A-4285EBF3CAAC', N'A35C2B37-4108-465D-BD56-ED058C29B5E7', N'E299C31F-8B97-471F-9BD0-72AFDAF120CE', N'AF550994-3B43-4BAD-9B76-A14CDBC0B676', 1, N'2025-06-23', N'2025-06-01 00:00:00'),
(N'7F5DFB7B-B57C-4DB2-940C-7A2D570F2510', N'26E737EE-91B3-4935-90C4-83CDC1F932EA', N'E299C31F-8B97-471F-9BD0-72AFDAF120CE', N'AF550994-3B43-4BAD-9B76-A14CDBC0B676', 1, N'2025-06-15', N'2025-06-01 00:00:00'),
(N'4189F7D0-32FC-45B4-85A0-EA7083B829CE', N'4797DE51-45DE-45D6-9561-0CEAECA8C288', N'E299C31F-8B97-471F-9BD0-72AFDAF120CE', N'AF550994-3B43-4BAD-9B76-A14CDBC0B676', 0, NULL, N'2025-06-01 00:00:00'),
(N'7FF31FCA-127D-411E-B374-7D2C0C3AB5E1', N'26183151-DC44-4E28-9381-6B3E77CD4342', N'E299C31F-8B97-471F-9BD0-72AFDAF120CE', N'AF550994-3B43-4BAD-9B76-A14CDBC0B676', 1, N'2025-06-16', N'2025-06-01 00:00:00'),
(N'0768A915-D834-465E-8027-DD6CA0D90A76', N'51FACF29-C833-4EC8-9767-2C56F4A718A1', N'E299C31F-8B97-471F-9BD0-72AFDAF120CE', N'AF550994-3B43-4BAD-9B76-A14CDBC0B676', 1, N'2025-06-10', N'2025-06-01 00:00:00'),
(N'E02AE28E-E056-442C-8578-FCC2B7EB06D1', N'568A1A24-4D2D-4AD4-BA7B-86D32F6D8844', N'E299C31F-8B97-471F-9BD0-72AFDAF120CE', N'AF550994-3B43-4BAD-9B76-A14CDBC0B676', 1, N'2025-06-12', N'2025-06-01 00:00:00'),
(N'C407DA15-C3BD-4321-AB04-0F1C0239673F', N'59FDE0E6-901E-4067-B1AC-AA62A6A5DA60', N'E299C31F-8B97-471F-9BD0-72AFDAF120CE', N'AF550994-3B43-4BAD-9B76-A14CDBC0B676', 1, N'2025-06-01', N'2025-06-01 00:00:00'),
(N'99843704-D978-4000-B427-E160B7244070', N'A9C3AECB-AB8A-446E-B067-04E306146B4F', N'E299C31F-8B97-471F-9BD0-72AFDAF120CE', N'AF550994-3B43-4BAD-9B76-A14CDBC0B676', 1, N'2025-06-22', N'2025-06-01 00:00:00'),
(N'656B214E-1A54-45F2-B877-9D00E48B7E64', N'308B7050-2AC4-40B1-997A-62687F831EEA', N'E299C31F-8B97-471F-9BD0-72AFDAF120CE', N'AF550994-3B43-4BAD-9B76-A14CDBC0B676', 1, N'2025-06-01', N'2025-06-01 00:00:00'),
(N'13836F6B-2EE1-4E3A-BA05-585A309F8913', N'E7342DA1-30C7-44EB-BD09-6F0735FF3CCD', N'E299C31F-8B97-471F-9BD0-72AFDAF120CE', N'AF550994-3B43-4BAD-9B76-A14CDBC0B676', 1, N'2025-06-07', N'2025-06-01 00:00:00'),
(N'E23D2EFB-4CCC-40C6-ACAF-911381B445D6', N'9D6B07A4-7EEB-4E4A-BAFD-E6D91B96CF8A', N'E299C31F-8B97-471F-9BD0-72AFDAF120CE', N'AF550994-3B43-4BAD-9B76-A14CDBC0B676', 0, NULL, N'2025-06-01 00:00:00'),
(N'982142DB-3AA9-4B79-94B5-D93F86429238', N'0519D63C-C23A-476D-BE3B-4A43C1710A9A', N'E299C31F-8B97-471F-9BD0-72AFDAF120CE', N'AF550994-3B43-4BAD-9B76-A14CDBC0B676', 1, N'2025-06-26', N'2025-06-01 00:00:00'),
(N'3C0AAD38-6C35-46B4-A122-7DFD74D3A299', N'52D0C248-A944-43E9-A16F-A8A81C5F5E9D', N'E299C31F-8B97-471F-9BD0-72AFDAF120CE', N'AF550994-3B43-4BAD-9B76-A14CDBC0B676', 0, NULL, N'2025-06-01 00:00:00'),
(N'2F4A2CC3-D5B6-402F-9886-D71D7D21F745', N'FD60C0F0-7E2C-4D18-A9E8-56119AE00737', N'E299C31F-8B97-471F-9BD0-72AFDAF120CE', N'AF550994-3B43-4BAD-9B76-A14CDBC0B676', 0, NULL, N'2025-06-01 00:00:00'),
(N'BF2FACFE-FB11-409F-9D59-7976D7E62B8D', N'551A42B9-086E-48F5-8EF2-41D8F94570A1', N'E299C31F-8B97-471F-9BD0-72AFDAF120CE', N'AF550994-3B43-4BAD-9B76-A14CDBC0B676', 1, N'2025-06-06', N'2025-06-01 00:00:00'),
(N'5873BBE8-DD51-410E-950A-AAF0450E305D', N'C2B46F5D-4592-4679-89B5-6D0E9A4AA286', N'E299C31F-8B97-471F-9BD0-72AFDAF120CE', N'AF550994-3B43-4BAD-9B76-A14CDBC0B676', 1, N'2025-06-20', N'2025-06-01 00:00:00'),
(N'4EF02473-3F67-48CB-8572-C04EBA8DF37E', N'333205F4-4C56-4EAA-9E68-1D2A0F485979', N'E299C31F-8B97-471F-9BD0-72AFDAF120CE', N'AF550994-3B43-4BAD-9B76-A14CDBC0B676', 1, N'2025-06-15', N'2025-06-01 00:00:00'),
(N'E64543B5-B540-4CF9-92ED-30E0819827EA', N'E9646A6E-78CD-45B8-8F6D-0C3958032F72', N'E299C31F-8B97-471F-9BD0-72AFDAF120CE', N'AF550994-3B43-4BAD-9B76-A14CDBC0B676', 1, N'2025-06-11', N'2025-06-01 00:00:00'),
(N'AE604FBF-6B95-42F7-90A5-58A7D6E3591F', N'7CD1353D-1A48-40C9-B7FC-790297809357', N'E299C31F-8B97-471F-9BD0-72AFDAF120CE', N'AF550994-3B43-4BAD-9B76-A14CDBC0B676', 1, N'2025-06-01', N'2025-06-01 00:00:00'),
(N'08A8AF71-02CF-4B1E-8C6B-DCD004EBA964', N'D325341F-1F9E-46E9-AC0D-593678293CF2', N'E299C31F-8B97-471F-9BD0-72AFDAF120CE', N'AF550994-3B43-4BAD-9B76-A14CDBC0B676', 1, N'2025-06-10', N'2025-06-01 00:00:00'),
(N'2390DB4A-C37A-4E26-BB28-5784937D8809', N'655C06E5-184E-4FA9-92C7-DA1A0CE5885F', N'E299C31F-8B97-471F-9BD0-72AFDAF120CE', N'AF550994-3B43-4BAD-9B76-A14CDBC0B676', 0, NULL, N'2025-06-01 00:00:00'),
(N'9FD873AE-C184-429C-88B2-843056764E92', N'E3ABC976-8569-4C34-B3F3-7BA2A76E1090', N'E299C31F-8B97-471F-9BD0-72AFDAF120CE', N'AF550994-3B43-4BAD-9B76-A14CDBC0B676', 1, N'2025-06-27', N'2025-06-01 00:00:00'),
(N'52D880FD-439D-413F-86A1-414E7016639A', N'311A4954-D565-4355-924F-26BCF1B977B9', N'15BE7F73-B23D-4441-A40D-868CEF39281E', N'1452CA15-8ADF-4C45-904F-D48BF33DEFAB', 1, N'2025-01-03', N'2025-01-01 00:00:00'),
(N'3BAEB996-EB0F-4621-98D8-3EF398DDD760', N'311A4954-D565-4355-924F-26BCF1B977B9', N'E299C31F-8B97-471F-9BD0-72AFDAF120CE', N'AF550994-3B43-4BAD-9B76-A14CDBC0B676', 0, NULL, N'2025-06-01 00:00:00'),
(N'9037E0DC-61CC-4256-814D-F77633AA3CB4', N'74647C74-6D02-4F68-ADDA-A7C4079E32A4', N'CFD9676C-FD43-481E-8401-0CA3FBEABA63', N'952165BA-E023-4948-96D4-2E5F42475CEB', 1, N'2024-06-15', N'2024-06-01 00:00:00'),
(N'785E6D3D-0910-42F1-9D90-C5174DD755A9', N'74647C74-6D02-4F68-ADDA-A7C4079E32A4', N'014642C9-C42C-4E7D-BA35-9ED0860D4AFE', N'AA45F8D0-EE61-44E7-A696-CADFC48AC23D', 1, N'2024-09-26', N'2024-09-01 00:00:00'),
(N'0A2D9CF9-F9AA-422A-A9BF-DD05EC465CF9', N'74647C74-6D02-4F68-ADDA-A7C4079E32A4', N'15BE7F73-B23D-4441-A40D-868CEF39281E', N'1452CA15-8ADF-4C45-904F-D48BF33DEFAB', 0, NULL, N'2025-01-01 00:00:00'),
(N'04A26CAC-ABA1-4FC3-AA78-8AF949165B93', N'74647C74-6D02-4F68-ADDA-A7C4079E32A4', N'E299C31F-8B97-471F-9BD0-72AFDAF120CE', N'AF550994-3B43-4BAD-9B76-A14CDBC0B676', 0, NULL, N'2025-06-01 00:00:00'),
(N'D8C0EFC4-A9C2-4EAD-BC58-E346583C747B', N'3F39671F-13B7-4192-B08D-25E81DA82403', N'014642C9-C42C-4E7D-BA35-9ED0860D4AFE', N'AA45F8D0-EE61-44E7-A696-CADFC48AC23D', 1, N'2024-10-01', N'2024-09-01 00:00:00'),
(N'C66FFEAD-9BB8-4D57-A9F7-4671B41CDDF2', N'3F39671F-13B7-4192-B08D-25E81DA82403', N'15BE7F73-B23D-4441-A40D-868CEF39281E', N'1452CA15-8ADF-4C45-904F-D48BF33DEFAB', 1, N'2025-01-18', N'2025-01-01 00:00:00'),
(N'9283350F-CB7D-4DE1-A114-7F86FBC9B0B5', N'3F39671F-13B7-4192-B08D-25E81DA82403', N'E299C31F-8B97-471F-9BD0-72AFDAF120CE', N'AF550994-3B43-4BAD-9B76-A14CDBC0B676', 1, N'2025-06-01', N'2025-06-01 00:00:00'),
(N'70C2D56D-C6E0-4655-B5F1-63209D121C0D', N'A8B754AF-7B3B-4135-9189-E72F3702A992', N'CFD9676C-FD43-481E-8401-0CA3FBEABA63', N'952165BA-E023-4948-96D4-2E5F42475CEB', 1, N'2024-06-14', N'2024-06-01 00:00:00'),
(N'8D465BEB-A62A-459B-AE2B-6AC7A9338651', N'A8B754AF-7B3B-4135-9189-E72F3702A992', N'014642C9-C42C-4E7D-BA35-9ED0860D4AFE', N'AA45F8D0-EE61-44E7-A696-CADFC48AC23D', 0, NULL, N'2024-09-01 00:00:00'),
(N'85B0DDFD-F28E-4078-8D32-E0BA3F235505', N'A8B754AF-7B3B-4135-9189-E72F3702A992', N'15BE7F73-B23D-4441-A40D-868CEF39281E', N'1452CA15-8ADF-4C45-904F-D48BF33DEFAB', 0, NULL, N'2025-01-01 00:00:00'),
(N'751481D1-B878-4459-8A5D-35CB059596AB', N'A8B754AF-7B3B-4135-9189-E72F3702A992', N'E299C31F-8B97-471F-9BD0-72AFDAF120CE', N'AF550994-3B43-4BAD-9B76-A14CDBC0B676', 1, N'2025-06-15', N'2025-06-01 00:00:00'),
(N'2B892AC5-2473-488F-965D-FE2B731F9062', N'1F16C8BD-D055-4407-A575-9BCF25A4A045', N'CFD9676C-FD43-481E-8401-0CA3FBEABA63', N'952165BA-E023-4948-96D4-2E5F42475CEB', 1, N'2024-06-08', N'2024-06-01 00:00:00'),
(N'0ECB92D0-2FF4-408C-8883-809F616FA34B', N'1F16C8BD-D055-4407-A575-9BCF25A4A045', N'014642C9-C42C-4E7D-BA35-9ED0860D4AFE', N'AA45F8D0-EE61-44E7-A696-CADFC48AC23D', 1, N'2024-09-24', N'2024-09-01 00:00:00'),
(N'67030564-6946-474B-9150-683C4D23A817', N'1F16C8BD-D055-4407-A575-9BCF25A4A045', N'15BE7F73-B23D-4441-A40D-868CEF39281E', N'1452CA15-8ADF-4C45-904F-D48BF33DEFAB', 1, N'2025-01-12', N'2025-01-01 00:00:00'),
(N'A9EF7DE5-E95A-4AEA-81E0-E9C31597C7E6', N'1F16C8BD-D055-4407-A575-9BCF25A4A045', N'E299C31F-8B97-471F-9BD0-72AFDAF120CE', N'AF550994-3B43-4BAD-9B76-A14CDBC0B676', 1, N'2025-06-10', N'2025-06-01 00:00:00'),
(N'4F4C6E1E-17ED-4837-B686-0E5DC0E17500', N'F301A2CF-2BFD-480E-9AED-BCDCD1691C2D', N'014642C9-C42C-4E7D-BA35-9ED0860D4AFE', N'AA45F8D0-EE61-44E7-A696-CADFC48AC23D', 1, N'2024-10-01', N'2024-09-01 00:00:00'),
(N'2078FF44-8C77-4F8D-9675-86455FE4724D', N'F301A2CF-2BFD-480E-9AED-BCDCD1691C2D', N'15BE7F73-B23D-4441-A40D-868CEF39281E', N'1452CA15-8ADF-4C45-904F-D48BF33DEFAB', 1, N'2025-01-28', N'2025-01-01 00:00:00'),
(N'6A3C80FA-6A53-45D7-A7E0-161FA13FC69A', N'F301A2CF-2BFD-480E-9AED-BCDCD1691C2D', N'E299C31F-8B97-471F-9BD0-72AFDAF120CE', N'AF550994-3B43-4BAD-9B76-A14CDBC0B676', 1, N'2025-06-04', N'2025-06-01 00:00:00'),
(N'C956929A-A8F1-4134-8BA4-3F727D52DA44', N'0C6D841C-566F-4D8D-9101-7589049BA95A', N'CFD9676C-FD43-481E-8401-0CA3FBEABA63', N'952165BA-E023-4948-96D4-2E5F42475CEB', 0, NULL, N'2024-06-01 00:00:00'),
(N'9B5797C2-167C-4C3D-B634-ECE462854149', N'0C6D841C-566F-4D8D-9101-7589049BA95A', N'014642C9-C42C-4E7D-BA35-9ED0860D4AFE', N'AA45F8D0-EE61-44E7-A696-CADFC48AC23D', 1, N'2024-09-29', N'2024-09-01 00:00:00'),
(N'B2E4A308-2E54-43DA-8842-892C65685F40', N'0C6D841C-566F-4D8D-9101-7589049BA95A', N'15BE7F73-B23D-4441-A40D-868CEF39281E', N'1452CA15-8ADF-4C45-904F-D48BF33DEFAB', 0, NULL, N'2025-01-01 00:00:00'),
(N'26686447-7427-4F33-BA8C-D910232251F2', N'0C6D841C-566F-4D8D-9101-7589049BA95A', N'E299C31F-8B97-471F-9BD0-72AFDAF120CE', N'AF550994-3B43-4BAD-9B76-A14CDBC0B676', 1, N'2025-06-02', N'2025-06-01 00:00:00'),
(N'DF99E564-60EC-4151-8FFB-DA2B08FB1F37', N'33D63243-B086-4AA1-874C-8D28059619E6', N'CFD9676C-FD43-481E-8401-0CA3FBEABA63', N'952165BA-E023-4948-96D4-2E5F42475CEB', 1, N'2024-06-12', N'2024-06-01 00:00:00'),
(N'855A11FA-1E30-46EA-BEAE-0310EB25CB5F', N'33D63243-B086-4AA1-874C-8D28059619E6', N'014642C9-C42C-4E7D-BA35-9ED0860D4AFE', N'AA45F8D0-EE61-44E7-A696-CADFC48AC23D', 1, N'2024-09-02', N'2024-09-01 00:00:00'),
(N'EB7BD321-1826-4CEE-9BE5-943E7C220F9D', N'33D63243-B086-4AA1-874C-8D28059619E6', N'15BE7F73-B23D-4441-A40D-868CEF39281E', N'1452CA15-8ADF-4C45-904F-D48BF33DEFAB', 1, N'2025-01-19', N'2025-01-01 00:00:00'),
(N'91C26CBC-078D-479A-B09D-D61138C32290', N'33D63243-B086-4AA1-874C-8D28059619E6', N'E299C31F-8B97-471F-9BD0-72AFDAF120CE', N'AF550994-3B43-4BAD-9B76-A14CDBC0B676', 0, NULL, N'2025-06-01 00:00:00'),
(N'BDB4BAA6-5A64-4B8B-9AD8-94B0E03CD03C', N'0DC7C1A7-B8D3-411F-856F-EE831756B76F', N'014642C9-C42C-4E7D-BA35-9ED0860D4AFE', N'AA45F8D0-EE61-44E7-A696-CADFC48AC23D', 0, NULL, N'2024-09-01 00:00:00'),
(N'63FDA4AF-E164-4609-B8C4-C7BC97A6B6D9', N'0DC7C1A7-B8D3-411F-856F-EE831756B76F', N'15BE7F73-B23D-4441-A40D-868CEF39281E', N'1452CA15-8ADF-4C45-904F-D48BF33DEFAB', 1, N'2025-01-22', N'2025-01-01 00:00:00'),
(N'7A5855D1-8879-4645-ADB8-9BC462E13571', N'0DC7C1A7-B8D3-411F-856F-EE831756B76F', N'E299C31F-8B97-471F-9BD0-72AFDAF120CE', N'AF550994-3B43-4BAD-9B76-A14CDBC0B676', 1, N'2025-06-02', N'2025-06-01 00:00:00'),
(N'C3C2CC1B-6FE6-4482-B176-725CC55E7752', N'1BED1F90-051E-4803-88A2-D1A7A68EB86F', N'CFD9676C-FD43-481E-8401-0CA3FBEABA63', N'952165BA-E023-4948-96D4-2E5F42475CEB', 1, N'2024-06-25', N'2024-06-01 00:00:00'),
(N'D8B6E2B5-A97F-429B-B571-CE41D23F66EB', N'1BED1F90-051E-4803-88A2-D1A7A68EB86F', N'014642C9-C42C-4E7D-BA35-9ED0860D4AFE', N'AA45F8D0-EE61-44E7-A696-CADFC48AC23D', 1, N'2024-09-17', N'2024-09-01 00:00:00'),
(N'A28A2A47-2197-4B2A-A2BD-5F0A4CA23E75', N'1BED1F90-051E-4803-88A2-D1A7A68EB86F', N'15BE7F73-B23D-4441-A40D-868CEF39281E', N'1452CA15-8ADF-4C45-904F-D48BF33DEFAB', 1, N'2025-01-16', N'2025-01-01 00:00:00'),
(N'1AF2C2DA-3980-4B74-A45C-D482F2C6AC60', N'1BED1F90-051E-4803-88A2-D1A7A68EB86F', N'E299C31F-8B97-471F-9BD0-72AFDAF120CE', N'AF550994-3B43-4BAD-9B76-A14CDBC0B676', 1, N'2025-06-23', N'2025-06-01 00:00:00'),
(N'5E455877-C007-4CC8-98F5-EEE3EE5C9B2C', N'9CCDCFD5-E32B-4540-8799-4189DE9DEB03', N'15BE7F73-B23D-4441-A40D-868CEF39281E', N'1452CA15-8ADF-4C45-904F-D48BF33DEFAB', 1, N'2025-01-28', N'2025-01-01 00:00:00'),
(N'1E052085-BDDD-4604-9FD7-AF6D9F6D0FC0', N'9CCDCFD5-E32B-4540-8799-4189DE9DEB03', N'E299C31F-8B97-471F-9BD0-72AFDAF120CE', N'AF550994-3B43-4BAD-9B76-A14CDBC0B676', 0, NULL, N'2025-06-01 00:00:00'),
(N'29014E2E-BB42-4B83-8907-53C1C2245B6B', N'55BED877-994D-44ED-BE7E-B8099C2BC4EC', N'014642C9-C42C-4E7D-BA35-9ED0860D4AFE', N'AA45F8D0-EE61-44E7-A696-CADFC48AC23D', 1, N'2024-09-10', N'2024-09-01 00:00:00'),
(N'2B91ACC2-023C-4671-BB4B-DF7FFEBDD0AD', N'55BED877-994D-44ED-BE7E-B8099C2BC4EC', N'15BE7F73-B23D-4441-A40D-868CEF39281E', N'1452CA15-8ADF-4C45-904F-D48BF33DEFAB', 1, N'2025-01-05', N'2025-01-01 00:00:00'),
(N'44934B15-25A3-49F7-924C-27B30A52FE17', N'55BED877-994D-44ED-BE7E-B8099C2BC4EC', N'E299C31F-8B97-471F-9BD0-72AFDAF120CE', N'AF550994-3B43-4BAD-9B76-A14CDBC0B676', 1, N'2025-06-04', N'2025-06-01 00:00:00'),
(N'85271731-0CC1-44C5-BA8D-D939075C30F4', N'6DADDC89-B5B8-4D6C-953F-5EA223D0AC03', N'014642C9-C42C-4E7D-BA35-9ED0860D4AFE', N'AA45F8D0-EE61-44E7-A696-CADFC48AC23D', 0, NULL, N'2024-09-01 00:00:00'),
(N'E11F56F0-997D-4AD6-9458-FF339DAD2EFD', N'6DADDC89-B5B8-4D6C-953F-5EA223D0AC03', N'15BE7F73-B23D-4441-A40D-868CEF39281E', N'1452CA15-8ADF-4C45-904F-D48BF33DEFAB', 1, N'2025-01-11', N'2025-01-01 00:00:00'),
(N'59611687-BEA1-4E6C-A390-3AC485CE73B5', N'6DADDC89-B5B8-4D6C-953F-5EA223D0AC03', N'E299C31F-8B97-471F-9BD0-72AFDAF120CE', N'AF550994-3B43-4BAD-9B76-A14CDBC0B676', 1, N'2025-06-20', N'2025-06-01 00:00:00'),
(N'6DB61205-92AB-4790-99BC-911832303EE9', N'402CDF2F-7341-494B-874E-AF37CBE491BD', N'CFD9676C-FD43-481E-8401-0CA3FBEABA63', N'952165BA-E023-4948-96D4-2E5F42475CEB', 1, N'2024-06-18', N'2024-06-01 00:00:00'),
(N'E03BFC1A-7341-4BEA-8014-4FED7BDC00E9', N'402CDF2F-7341-494B-874E-AF37CBE491BD', N'014642C9-C42C-4E7D-BA35-9ED0860D4AFE', N'AA45F8D0-EE61-44E7-A696-CADFC48AC23D', 1, N'2024-09-14', N'2024-09-01 00:00:00'),
(N'04221F1D-912C-458B-A795-C4D39FDD92D9', N'402CDF2F-7341-494B-874E-AF37CBE491BD', N'15BE7F73-B23D-4441-A40D-868CEF39281E', N'1452CA15-8ADF-4C45-904F-D48BF33DEFAB', 0, NULL, N'2025-01-01 00:00:00'),
(N'A95F618E-D5C9-4D35-A349-F2D2C28BE73C', N'402CDF2F-7341-494B-874E-AF37CBE491BD', N'E299C31F-8B97-471F-9BD0-72AFDAF120CE', N'AF550994-3B43-4BAD-9B76-A14CDBC0B676', 1, N'2025-06-26', N'2025-06-01 00:00:00'),
(N'0AC6E5E7-E5C4-48B5-86FE-54A79BE9B70B', N'59681513-3B95-4903-93B0-CA1C11C0CCAB', N'CFD9676C-FD43-481E-8401-0CA3FBEABA63', N'952165BA-E023-4948-96D4-2E5F42475CEB', 1, N'2024-06-24', N'2024-06-01 00:00:00'),
(N'21518094-EF70-49D8-9DFA-07B21D60F599', N'59681513-3B95-4903-93B0-CA1C11C0CCAB', N'014642C9-C42C-4E7D-BA35-9ED0860D4AFE', N'AA45F8D0-EE61-44E7-A696-CADFC48AC23D', 1, N'2024-09-06', N'2024-09-01 00:00:00'),
(N'08DFA15D-38EA-45EA-99A2-E05EC3EEB5E9', N'59681513-3B95-4903-93B0-CA1C11C0CCAB', N'15BE7F73-B23D-4441-A40D-868CEF39281E', N'1452CA15-8ADF-4C45-904F-D48BF33DEFAB', 1, N'2025-01-27', N'2025-01-01 00:00:00'),
(N'26372DC3-4980-4D30-8038-0934269E9935', N'59681513-3B95-4903-93B0-CA1C11C0CCAB', N'E299C31F-8B97-471F-9BD0-72AFDAF120CE', N'AF550994-3B43-4BAD-9B76-A14CDBC0B676', 0, NULL, N'2025-06-01 00:00:00'),
(N'0048470E-9541-4D7D-BD63-F47C48DDA96C', N'9DD2BB48-FDC6-4DDA-AFCE-9A6F4D1A776F', N'CFD9676C-FD43-481E-8401-0CA3FBEABA63', N'952165BA-E023-4948-96D4-2E5F42475CEB', 1, N'2024-06-25', N'2024-06-01 00:00:00'),
(N'14CA7059-3C94-463A-881B-177047A37E8A', N'9DD2BB48-FDC6-4DDA-AFCE-9A6F4D1A776F', N'014642C9-C42C-4E7D-BA35-9ED0860D4AFE', N'AA45F8D0-EE61-44E7-A696-CADFC48AC23D', 1, N'2024-09-19', N'2024-09-01 00:00:00'),
(N'95C15A87-58C1-4A30-ADCD-BADB63A8C921', N'9DD2BB48-FDC6-4DDA-AFCE-9A6F4D1A776F', N'15BE7F73-B23D-4441-A40D-868CEF39281E', N'1452CA15-8ADF-4C45-904F-D48BF33DEFAB', 0, NULL, N'2025-01-01 00:00:00'),
(N'BAC9679F-E3AA-4374-AB77-BBB2D0352452', N'9DD2BB48-FDC6-4DDA-AFCE-9A6F4D1A776F', N'E299C31F-8B97-471F-9BD0-72AFDAF120CE', N'AF550994-3B43-4BAD-9B76-A14CDBC0B676', 1, N'2025-06-15', N'2025-06-01 00:00:00'),
(N'C855AC72-C0AE-4CAE-B630-9AA8A060B53A', N'3B7769EE-6E6B-452D-8913-C86E64398AFF', N'014642C9-C42C-4E7D-BA35-9ED0860D4AFE', N'AA45F8D0-EE61-44E7-A696-CADFC48AC23D', 1, N'2024-09-25', N'2024-09-01 00:00:00'),
(N'47EA037F-C452-4718-B221-A8166C2F1F39', N'3B7769EE-6E6B-452D-8913-C86E64398AFF', N'15BE7F73-B23D-4441-A40D-868CEF39281E', N'1452CA15-8ADF-4C45-904F-D48BF33DEFAB', 1, N'2025-01-14', N'2025-01-01 00:00:00'),
(N'5D01BC8B-3CB6-43E9-9E6E-9C2BEA36E2CA', N'3B7769EE-6E6B-452D-8913-C86E64398AFF', N'E299C31F-8B97-471F-9BD0-72AFDAF120CE', N'AF550994-3B43-4BAD-9B76-A14CDBC0B676', 1, N'2025-06-24', N'2025-06-01 00:00:00'),
(N'75A31654-7F39-4956-B4E0-0E929FD6324E', N'E35CE598-3DE1-45EF-9F97-0BF3287F1A37', N'15BE7F73-B23D-4441-A40D-868CEF39281E', N'1452CA15-8ADF-4C45-904F-D48BF33DEFAB', 1, N'2025-01-02', N'2025-01-01 00:00:00'),
(N'85C6CD52-A71D-4F6B-B176-85FB265E9EB1', N'E35CE598-3DE1-45EF-9F97-0BF3287F1A37', N'E299C31F-8B97-471F-9BD0-72AFDAF120CE', N'AF550994-3B43-4BAD-9B76-A14CDBC0B676', 1, N'2025-06-04', N'2025-06-01 00:00:00'),
(N'B09D1F70-9F4C-4740-AB10-96C8440EDD57', N'E424D182-8840-46D1-979E-424C88FF71AD', N'CFD9676C-FD43-481E-8401-0CA3FBEABA63', N'952165BA-E023-4948-96D4-2E5F42475CEB', 1, N'2024-06-18', N'2024-06-01 00:00:00'),
(N'3B405D58-F496-4C82-8F21-A231BA201634', N'E424D182-8840-46D1-979E-424C88FF71AD', N'014642C9-C42C-4E7D-BA35-9ED0860D4AFE', N'AA45F8D0-EE61-44E7-A696-CADFC48AC23D', 1, N'2024-09-23', N'2024-09-01 00:00:00'),
(N'5118810B-A1CD-4965-97F2-F27223964987', N'E424D182-8840-46D1-979E-424C88FF71AD', N'15BE7F73-B23D-4441-A40D-868CEF39281E', N'1452CA15-8ADF-4C45-904F-D48BF33DEFAB', 0, NULL, N'2025-01-01 00:00:00'),
(N'59DCC869-2D9C-42D5-881B-07AD39548E4B', N'E424D182-8840-46D1-979E-424C88FF71AD', N'E299C31F-8B97-471F-9BD0-72AFDAF120CE', N'AF550994-3B43-4BAD-9B76-A14CDBC0B676', 1, N'2025-06-09', N'2025-06-01 00:00:00'),
(N'B054284F-E248-45F8-885F-466C73B0C00C', N'F8C237E9-F543-4879-8D47-FC92E415ECB1', N'CFD9676C-FD43-481E-8401-0CA3FBEABA63', N'952165BA-E023-4948-96D4-2E5F42475CEB', 1, N'2024-06-02', N'2024-06-01 00:00:00'),
(N'810A6999-15A9-48C9-8F95-81E3AE265470', N'F8C237E9-F543-4879-8D47-FC92E415ECB1', N'014642C9-C42C-4E7D-BA35-9ED0860D4AFE', N'AA45F8D0-EE61-44E7-A696-CADFC48AC23D', 1, N'2024-09-13', N'2024-09-01 00:00:00'),
(N'E3F9F0CF-B98B-4EC5-89D5-0DCC3675D73C', N'F8C237E9-F543-4879-8D47-FC92E415ECB1', N'15BE7F73-B23D-4441-A40D-868CEF39281E', N'1452CA15-8ADF-4C45-904F-D48BF33DEFAB', 1, N'2025-01-06', N'2025-01-01 00:00:00'),
(N'AD7AC4E1-6959-477C-AA81-EDFCD0918D66', N'F8C237E9-F543-4879-8D47-FC92E415ECB1', N'E299C31F-8B97-471F-9BD0-72AFDAF120CE', N'AF550994-3B43-4BAD-9B76-A14CDBC0B676', 1, N'2025-06-07', N'2025-06-01 00:00:00'),
(N'DCDFA586-A256-4987-8536-22CF704BC7DC', N'6BCB2555-4E03-4C9C-9AEF-B8847FDAA704', N'CFD9676C-FD43-481E-8401-0CA3FBEABA63', N'952165BA-E023-4948-96D4-2E5F42475CEB', 1, N'2024-06-21', N'2024-06-01 00:00:00'),
(N'B6802604-E3D8-4AE2-8732-BC33C6F7FC49', N'6BCB2555-4E03-4C9C-9AEF-B8847FDAA704', N'014642C9-C42C-4E7D-BA35-9ED0860D4AFE', N'AA45F8D0-EE61-44E7-A696-CADFC48AC23D', 1, N'2024-09-27', N'2024-09-01 00:00:00'),
(N'9D8CA49D-9A9E-450F-B1A3-AB0C88C284F0', N'6BCB2555-4E03-4C9C-9AEF-B8847FDAA704', N'15BE7F73-B23D-4441-A40D-868CEF39281E', N'1452CA15-8ADF-4C45-904F-D48BF33DEFAB', 1, N'2025-01-15', N'2025-01-01 00:00:00'),
(N'D01F28B9-FCD4-4B56-AD77-EE35F2E23CF4', N'6BCB2555-4E03-4C9C-9AEF-B8847FDAA704', N'E299C31F-8B97-471F-9BD0-72AFDAF120CE', N'AF550994-3B43-4BAD-9B76-A14CDBC0B676', 1, N'2025-06-07', N'2025-06-01 00:00:00'),
(N'730B4466-3532-4429-8E8F-204AFC821133', N'61345F7F-571B-4894-A97F-2CBE87DECEFE', N'CFD9676C-FD43-481E-8401-0CA3FBEABA63', N'952165BA-E023-4948-96D4-2E5F42475CEB', 1, N'2024-06-18', N'2024-06-01 00:00:00'),
(N'361EC1C2-EFEB-4400-83D5-24B0735B52F3', N'61345F7F-571B-4894-A97F-2CBE87DECEFE', N'014642C9-C42C-4E7D-BA35-9ED0860D4AFE', N'AA45F8D0-EE61-44E7-A696-CADFC48AC23D', 1, N'2024-09-15', N'2024-09-01 00:00:00'),
(N'F218EE98-49D9-488B-92FA-1F4468796615', N'61345F7F-571B-4894-A97F-2CBE87DECEFE', N'15BE7F73-B23D-4441-A40D-868CEF39281E', N'1452CA15-8ADF-4C45-904F-D48BF33DEFAB', 0, NULL, N'2025-01-01 00:00:00'),
(N'9865AAC9-CA31-483E-A3AE-9EA125976868', N'61345F7F-571B-4894-A97F-2CBE87DECEFE', N'E299C31F-8B97-471F-9BD0-72AFDAF120CE', N'AF550994-3B43-4BAD-9B76-A14CDBC0B676', 1, N'2025-06-15', N'2025-06-01 00:00:00'),
(N'D5F05844-906C-4419-A15E-A0D15216CC8F', N'7F72EB21-46F2-4539-94D4-91802C8E0F17', N'15BE7F73-B23D-4441-A40D-868CEF39281E', N'1452CA15-8ADF-4C45-904F-D48BF33DEFAB', 1, N'2025-01-25', N'2025-01-01 00:00:00'),
(N'17982414-C553-4C9E-957A-2E817397757D', N'7F72EB21-46F2-4539-94D4-91802C8E0F17', N'E299C31F-8B97-471F-9BD0-72AFDAF120CE', N'AF550994-3B43-4BAD-9B76-A14CDBC0B676', 0, NULL, N'2025-06-01 00:00:00'),
(N'BB5C25AF-BE9D-4ABF-8CFE-80D01CBFF78B', N'19B54E14-8A9A-437D-A1CD-619AF2AE3D8B', N'15BE7F73-B23D-4441-A40D-868CEF39281E', N'1452CA15-8ADF-4C45-904F-D48BF33DEFAB', 1, N'2025-01-10', N'2025-01-01 00:00:00'),
(N'1182AF34-0FA9-4B2D-B48F-0445354E0DA1', N'19B54E14-8A9A-437D-A1CD-619AF2AE3D8B', N'E299C31F-8B97-471F-9BD0-72AFDAF120CE', N'AF550994-3B43-4BAD-9B76-A14CDBC0B676', 0, NULL, N'2025-06-01 00:00:00'),
(N'DFC61EEE-7718-482E-8FA5-B2F821757595', N'76EBFCED-D2CB-4AEB-A849-30D757AF1B87', N'15BE7F73-B23D-4441-A40D-868CEF39281E', N'1452CA15-8ADF-4C45-904F-D48BF33DEFAB', 1, N'2025-01-14', N'2025-01-01 00:00:00'),
(N'D88A1F60-0FC1-4A24-8F80-523394DB3A1F', N'76EBFCED-D2CB-4AEB-A849-30D757AF1B87', N'E299C31F-8B97-471F-9BD0-72AFDAF120CE', N'AF550994-3B43-4BAD-9B76-A14CDBC0B676', 0, NULL, N'2025-06-01 00:00:00'),
(N'0C8014C4-9132-4107-9E9A-946DF039592D', N'87F66132-21D9-4E8A-820E-C21040830376', N'014642C9-C42C-4E7D-BA35-9ED0860D4AFE', N'AA45F8D0-EE61-44E7-A696-CADFC48AC23D', 1, N'2024-09-16', N'2024-09-01 00:00:00'),
(N'1DB7CDBC-5447-445B-BA3A-85EC7BE1EC8B', N'87F66132-21D9-4E8A-820E-C21040830376', N'15BE7F73-B23D-4441-A40D-868CEF39281E', N'1452CA15-8ADF-4C45-904F-D48BF33DEFAB', 1, N'2025-01-09', N'2025-01-01 00:00:00'),
(N'8BA490ED-73FA-4592-8D9E-A654B2709988', N'87F66132-21D9-4E8A-820E-C21040830376', N'E299C31F-8B97-471F-9BD0-72AFDAF120CE', N'AF550994-3B43-4BAD-9B76-A14CDBC0B676', 1, N'2025-06-01', N'2025-06-01 00:00:00'),
(N'6839E617-F286-4898-BA0A-7D6526E7C83F', N'090EC8AA-7D81-4FCF-9C64-58538DF2F611', N'014642C9-C42C-4E7D-BA35-9ED0860D4AFE', N'AA45F8D0-EE61-44E7-A696-CADFC48AC23D', 1, N'2024-09-10', N'2024-09-01 00:00:00'),
(N'8D154508-1DDE-406A-976C-16A95AFAEDB4', N'090EC8AA-7D81-4FCF-9C64-58538DF2F611', N'15BE7F73-B23D-4441-A40D-868CEF39281E', N'1452CA15-8ADF-4C45-904F-D48BF33DEFAB', 0, NULL, N'2025-01-01 00:00:00'),
(N'7BB5D433-746D-4CB2-9AC0-0DAF5FBE1936', N'090EC8AA-7D81-4FCF-9C64-58538DF2F611', N'E299C31F-8B97-471F-9BD0-72AFDAF120CE', N'AF550994-3B43-4BAD-9B76-A14CDBC0B676', 1, N'2025-06-02', N'2025-06-01 00:00:00'),
(N'EB1917DF-EB85-451A-BE22-5C4F8C53ADF1', N'585EF02B-6115-4899-B1D4-DB27F2D6A86E', N'15BE7F73-B23D-4441-A40D-868CEF39281E', N'1452CA15-8ADF-4C45-904F-D48BF33DEFAB', 1, N'2025-01-30', N'2025-01-01 00:00:00'),
(N'B17349B7-ABA2-4777-94E6-59A364DC1BA3', N'585EF02B-6115-4899-B1D4-DB27F2D6A86E', N'E299C31F-8B97-471F-9BD0-72AFDAF120CE', N'AF550994-3B43-4BAD-9B76-A14CDBC0B676', 1, N'2025-06-01', N'2025-06-01 00:00:00'),
(N'4ADBBD94-74E4-4401-8C65-3E0560A56526', N'0A69D693-12D8-4F2E-8CE3-4ECE6F06A2B9', N'15BE7F73-B23D-4441-A40D-868CEF39281E', N'1452CA15-8ADF-4C45-904F-D48BF33DEFAB', 0, NULL, N'2025-01-01 00:00:00'),
(N'2B76EA58-5B56-4318-B66F-2FBB8F7A6D6D', N'0A69D693-12D8-4F2E-8CE3-4ECE6F06A2B9', N'E299C31F-8B97-471F-9BD0-72AFDAF120CE', N'AF550994-3B43-4BAD-9B76-A14CDBC0B676', 0, NULL, N'2025-06-01 00:00:00'),
(N'80A25B6F-ED6D-48EB-8BBD-0AB8749B0D21', N'8677F14C-40B0-4218-9FD6-2D9F05ABDA41', N'15BE7F73-B23D-4441-A40D-868CEF39281E', N'1452CA15-8ADF-4C45-904F-D48BF33DEFAB', 1, N'2025-01-17', N'2025-01-01 00:00:00'),
(N'DC0CBEF6-4244-47C2-96D1-B223EC705828', N'8677F14C-40B0-4218-9FD6-2D9F05ABDA41', N'E299C31F-8B97-471F-9BD0-72AFDAF120CE', N'AF550994-3B43-4BAD-9B76-A14CDBC0B676', 0, NULL, N'2025-06-01 00:00:00'),
(N'40C410F6-10C3-47C1-9B49-6EBC0A68D43C', N'29DF0F4D-081C-441A-8248-99D24B78AB75', N'15BE7F73-B23D-4441-A40D-868CEF39281E', N'1452CA15-8ADF-4C45-904F-D48BF33DEFAB', 1, N'2025-01-28', N'2025-01-01 00:00:00'),
(N'C77D8659-8F35-4BFE-A82D-BBF65D586D7A', N'29DF0F4D-081C-441A-8248-99D24B78AB75', N'E299C31F-8B97-471F-9BD0-72AFDAF120CE', N'AF550994-3B43-4BAD-9B76-A14CDBC0B676', 1, N'2025-06-01', N'2025-06-01 00:00:00'),
(N'CF6FAF59-8E5E-4D0B-B4F3-7A60994651A2', N'4416A81D-3837-4DEC-8A6D-498E2A59B3B4', N'CFD9676C-FD43-481E-8401-0CA3FBEABA63', N'952165BA-E023-4948-96D4-2E5F42475CEB', 1, N'2024-06-05', N'2024-06-01 00:00:00'),
(N'F6CD8160-66B1-406F-90E0-C36BAA2AFD9B', N'4416A81D-3837-4DEC-8A6D-498E2A59B3B4', N'014642C9-C42C-4E7D-BA35-9ED0860D4AFE', N'AA45F8D0-EE61-44E7-A696-CADFC48AC23D', 1, N'2024-09-01', N'2024-09-01 00:00:00'),
(N'B80AC669-2D0E-446D-AAF4-2476A84A9DEF', N'4416A81D-3837-4DEC-8A6D-498E2A59B3B4', N'15BE7F73-B23D-4441-A40D-868CEF39281E', N'1452CA15-8ADF-4C45-904F-D48BF33DEFAB', 0, NULL, N'2025-01-01 00:00:00'),
(N'3A3A0FFC-0566-4E7E-A4AE-0F913DBD26D0', N'4416A81D-3837-4DEC-8A6D-498E2A59B3B4', N'E299C31F-8B97-471F-9BD0-72AFDAF120CE', N'AF550994-3B43-4BAD-9B76-A14CDBC0B676', 1, N'2025-06-28', N'2025-06-01 00:00:00'),
(N'EB14F303-A4E9-4495-8A9B-528302114E95', N'8034AB8F-9649-4ACF-85A6-2D2EAA802E2B', N'014642C9-C42C-4E7D-BA35-9ED0860D4AFE', N'AA45F8D0-EE61-44E7-A696-CADFC48AC23D', 1, N'2024-09-27', N'2024-09-01 00:00:00'),
(N'BA699F76-2ECE-43C2-B2C5-E5EA4229258B', N'8034AB8F-9649-4ACF-85A6-2D2EAA802E2B', N'15BE7F73-B23D-4441-A40D-868CEF39281E', N'1452CA15-8ADF-4C45-904F-D48BF33DEFAB', 1, N'2025-01-25', N'2025-01-01 00:00:00'),
(N'1AC5B989-6727-493C-B2BD-EC3DED29B363', N'8034AB8F-9649-4ACF-85A6-2D2EAA802E2B', N'E299C31F-8B97-471F-9BD0-72AFDAF120CE', N'AF550994-3B43-4BAD-9B76-A14CDBC0B676', 1, N'2025-06-04', N'2025-06-01 00:00:00'),
(N'986A91F1-AFB6-4CE4-8A48-4DAD069C1B10', N'A395ECF1-50D8-434B-AB3B-EFB6627781F4', N'014642C9-C42C-4E7D-BA35-9ED0860D4AFE', N'AA45F8D0-EE61-44E7-A696-CADFC48AC23D', 1, N'2024-09-16', N'2024-09-01 00:00:00'),
(N'71CFFD6A-76A0-4299-BFE3-8DB3F65884D2', N'A395ECF1-50D8-434B-AB3B-EFB6627781F4', N'15BE7F73-B23D-4441-A40D-868CEF39281E', N'1452CA15-8ADF-4C45-904F-D48BF33DEFAB', 1, N'2025-01-09', N'2025-01-01 00:00:00'),
(N'7C023366-7D02-4F86-A5FA-AAE56EEBC647', N'A395ECF1-50D8-434B-AB3B-EFB6627781F4', N'E299C31F-8B97-471F-9BD0-72AFDAF120CE', N'AF550994-3B43-4BAD-9B76-A14CDBC0B676', 1, N'2025-06-04', N'2025-06-01 00:00:00'),
(N'99BAD6E0-0521-4F91-BE19-71D3A22F6896', N'6FF3CFCB-8430-4108-9FEB-BE1DFFB8A400', N'15BE7F73-B23D-4441-A40D-868CEF39281E', N'1452CA15-8ADF-4C45-904F-D48BF33DEFAB', 1, N'2025-01-27', N'2025-01-01 00:00:00'),
(N'7E92C4D1-5655-4B88-AD5C-8DC992D0056F', N'6FF3CFCB-8430-4108-9FEB-BE1DFFB8A400', N'E299C31F-8B97-471F-9BD0-72AFDAF120CE', N'AF550994-3B43-4BAD-9B76-A14CDBC0B676', 1, N'2025-06-21', N'2025-06-01 00:00:00'),
(N'0B2A7012-A1F6-4563-BCB4-BA1AE185280E', N'BBAE74B0-1C8E-4CFA-8A82-AEA2F42E4D83', N'15BE7F73-B23D-4441-A40D-868CEF39281E', N'1452CA15-8ADF-4C45-904F-D48BF33DEFAB', 1, N'2025-01-03', N'2025-01-01 00:00:00'),
(N'B3A9F1D1-D264-402D-B4AD-8D087E775FEF', N'BBAE74B0-1C8E-4CFA-8A82-AEA2F42E4D83', N'E299C31F-8B97-471F-9BD0-72AFDAF120CE', N'AF550994-3B43-4BAD-9B76-A14CDBC0B676', 1, N'2025-06-24', N'2025-06-01 00:00:00'),
(N'F7BCDD36-1792-43A0-81E5-E0AE8CB98E3A', N'0BC0CC23-4E07-4E85-BC91-0BBF869D1009', N'15BE7F73-B23D-4441-A40D-868CEF39281E', N'1452CA15-8ADF-4C45-904F-D48BF33DEFAB', 1, N'2025-01-29', N'2025-01-01 00:00:00'),
(N'7AA425DF-A1A0-4D85-B681-BEC9FB13C609', N'0BC0CC23-4E07-4E85-BC91-0BBF869D1009', N'E299C31F-8B97-471F-9BD0-72AFDAF120CE', N'AF550994-3B43-4BAD-9B76-A14CDBC0B676', 0, NULL, N'2025-06-01 00:00:00');


-- Deposits

INSERT INTO deposit (deposit_id, deposit_code, student_id, deposit_amount, bonus_amount, total_credited, deposit_bonus_package_id, payment_method, payment_reference, payment_status, transaction_date, expired_at, cancellation_reason) VALUES
(N'F0C5C707-BF73-465D-987F-311A087BB93A', N'LP3097G5', N'13EE90FC-83E6-4B7F-A52E-78B1B8DD34F8', 750000, 225000, 975000, N'67B76793-3EEF-491C-A74E-BDADA25669C2', N'Credit Card', N'DEP-776050', N'completed', N'2025-07-24 16:04:26', NULL, NULL),
(N'B7B7363C-6109-44F7-835D-FB70E8082BF3', N'ROI66PGW', N'13EE90FC-83E6-4B7F-A52E-78B1B8DD34F8', 375000, 93750, 468750, N'5F85C002-5695-4D84-A30D-C21E5FFB03D4', N'Campus Card', N'DEP-390357', N'completed', N'2025-12-23 16:04:26', NULL, NULL),
(N'A1E8537E-6506-4240-AA9D-DE1BD8DBB2E0', N'9R64W2YZ', N'13EE90FC-83E6-4B7F-A52E-78B1B8DD34F8', 750000, 225000, 975000, N'67B76793-3EEF-491C-A74E-BDADA25669C2', N'E-Wallet', N'DEP-967219', N'completed', N'2025-08-25 16:04:26', NULL, NULL),
(N'44838FF1-39CC-4354-BBC7-33C8E6292BBC', N'G89N6P0R', N'13EE90FC-83E6-4B7F-A52E-78B1B8DD34F8', 2500000, 750000, 3250000, N'67B76793-3EEF-491C-A74E-BDADA25669C2', N'Bank Transfer', N'DEP-850318', N'completed', N'2025-09-22 16:04:26', NULL, NULL),
(N'6F9BEEE4-79EA-4159-9288-6C18ACBD163D', N'T2U3WFLN', N'13EE90FC-83E6-4B7F-A52E-78B1B8DD34F8', 750000, 225000, 975000, N'67B76793-3EEF-491C-A74E-BDADA25669C2', N'Credit Card', N'DEP-556475', N'completed', N'2025-10-02 16:04:26', NULL, NULL),
(N'E464C1EA-4ED5-4A26-88EB-CE2EF38FA500', N'AU8517FG', N'13EE90FC-83E6-4B7F-A52E-78B1B8DD34F8', 500000, 150000, 650000, N'67B76793-3EEF-491C-A74E-BDADA25669C2', N'Cash', N'DEP-159052', N'pending', N'2025-09-16 16:04:26', N'2025-09-16 16:14:26', NULL),
(N'521AC9BD-A813-4463-BBA3-6C857C9CEEC0', N'B8Y4VBGO', N'13EE90FC-83E6-4B7F-A52E-78B1B8DD34F8', 250000, 62500, 312500, N'5F85C002-5695-4D84-A30D-C21E5FFB03D4', N'Cash', N'DEP-924844', N'completed', N'2025-11-13 16:04:26', NULL, NULL),
(N'83DEBB72-7721-4A35-A6E8-5B6E9E7A198B', N'U9P3RGOO', N'13EE90FC-83E6-4B7F-A52E-78B1B8DD34F8', 625000, 187500, 812500, N'67B76793-3EEF-491C-A74E-BDADA25669C2', N'E-Wallet', N'DEP-883373', N'completed', N'2025-09-10 16:04:26', NULL, NULL),
(N'CCF48356-7E7D-4791-8C7F-6D4AF3D6048C', N'T6OLKR8D', N'20E8D03A-7648-4904-972A-E148D2B70278', 2500000, 750000, 3250000, N'67B76793-3EEF-491C-A74E-BDADA25669C2', N'Credit Card', N'DEP-545067', N'completed', N'2025-09-14 16:04:26', NULL, NULL),
(N'D74AFCAF-9EBA-4F90-9854-B5A42AE3E41E', N'NPFU645J', N'20E8D03A-7648-4904-972A-E148D2B70278', 500000, 150000, 650000, N'67B76793-3EEF-491C-A74E-BDADA25669C2', N'E-Wallet', N'DEP-551068', N'completed', N'2025-12-26 16:04:26', NULL, NULL),
(N'0A40A958-59BC-4290-85CB-16C14D52B188', N'MNSV9RWP', N'20E8D03A-7648-4904-972A-E148D2B70278', 250000, 62500, 312500, N'5F85C002-5695-4D84-A30D-C21E5FFB03D4', N'Cash', N'DEP-886191', N'completed', N'2025-09-10 16:04:26', NULL, NULL),
(N'1ACEFD87-06EB-4940-A8A1-E68066F3569C', N'9D7P9D3U', N'20E8D03A-7648-4904-972A-E148D2B70278', 250000, 62500, 312500, N'5F85C002-5695-4D84-A30D-C21E5FFB03D4', N'Credit Card', N'DEP-566805', N'completed', N'2025-08-10 16:04:26', NULL, NULL),
(N'4EA10913-238F-4436-B4CD-E67BA0B0BED8', N'VP9571GW', N'20E8D03A-7648-4904-972A-E148D2B70278', 500000, 150000, 650000, N'67B76793-3EEF-491C-A74E-BDADA25669C2', N'Campus Card', N'DEP-309233', N'completed', N'2025-11-30 16:04:26', NULL, NULL),
(N'04D9AB54-5A6B-483E-A506-E881BC140F18', N'43PQ9X5W', N'20E8D03A-7648-4904-972A-E148D2B70278', 375000, 93750, 468750, N'5F85C002-5695-4D84-A30D-C21E5FFB03D4', N'Cash', N'DEP-703302', N'completed', N'2025-09-04 16:04:26', NULL, NULL),
(N'AC9E21BA-AC5D-4732-965E-908DBB6E7A56', N'S6FBFK9Q', N'20E8D03A-7648-4904-972A-E148D2B70278', 125000, 12500, 137500, N'4F721CCF-E398-4287-B7B8-F31AA6A7ECEA', N'Credit Card', N'DEP-466453', N'completed', N'2025-07-31 16:04:26', NULL, NULL),
(N'56192F55-298B-47F5-86BF-FF55F37B71F8', N'Q88P25R8', N'20E8D03A-7648-4904-972A-E148D2B70278', 250000, 62500, 312500, N'5F85C002-5695-4D84-A30D-C21E5FFB03D4', N'E-Wallet', N'DEP-363118', N'completed', N'2025-08-03 16:04:26', NULL, NULL),
(N'12804831-BC6F-4090-9187-EC705A140962', N'U1PMKXVN', N'20E8D03A-7648-4904-972A-E148D2B70278', 1250000, 375000, 1625000, N'67B76793-3EEF-491C-A74E-BDADA25669C2', N'Campus Card', N'DEP-205171', N'expired', N'2025-10-22 16:04:26', N'2025-10-22 16:14:26', NULL),
(N'C27CACE7-16F2-40F9-8ED7-B74FAFCEE648', N'R9P8KDD4', N'A35C2B37-4108-465D-BD56-ED058C29B5E7', 250000, 62500, 312500, N'5F85C002-5695-4D84-A30D-C21E5FFB03D4', N'Credit Card', N'DEP-183644', N'completed', N'2025-11-28 16:04:26', NULL, NULL),
(N'F5F3AAA5-63F0-4688-AC77-BAFF3403DFD3', N'PYQJZQ62', N'A35C2B37-4108-465D-BD56-ED058C29B5E7', 250000, 62500, 312500, N'5F85C002-5695-4D84-A30D-C21E5FFB03D4', N'Credit Card', N'DEP-710854', N'completed', N'2025-09-07 16:04:26', NULL, NULL),
(N'37DE079A-A4BB-4837-B2E8-3B8A172FFA5D', N'ODNB055S', N'A35C2B37-4108-465D-BD56-ED058C29B5E7', 125000, 12500, 137500, N'4F721CCF-E398-4287-B7B8-F31AA6A7ECEA', N'Cash', N'DEP-933291', N'completed', N'2025-11-29 16:04:26', NULL, NULL),
(N'F7C8E05E-FF7F-4940-A093-4AE0BA8760A3', N'2XGVIT4Z', N'A35C2B37-4108-465D-BD56-ED058C29B5E7', 500000, 150000, 650000, N'67B76793-3EEF-491C-A74E-BDADA25669C2', N'Cash', N'DEP-436164', N'completed', N'2025-07-27 16:04:26', NULL, NULL),
(N'02A62EF5-3A8F-4260-90F3-A6F3C58A05FF', N'BVHNZBVH', N'A35C2B37-4108-465D-BD56-ED058C29B5E7', 375000, 93750, 468750, N'5F85C002-5695-4D84-A30D-C21E5FFB03D4', N'Credit Card', N'DEP-557397', N'completed', N'2025-08-14 16:04:26', NULL, NULL),
(N'80C9308C-9326-4EFD-84A7-25FCE8E7E447', N'CX5SX6ZN', N'A35C2B37-4108-465D-BD56-ED058C29B5E7', 125000, 12500, 137500, N'4F721CCF-E398-4287-B7B8-F31AA6A7ECEA', N'Bank Transfer', N'DEP-993361', N'completed', N'2025-09-11 16:04:26', NULL, NULL),
(N'62552F44-BEFC-4A83-8DDC-C443B888D910', N'WFEE7C1X', N'30F10E7F-2899-4E90-91A9-834AD35D14C0', 125000, 12500, 137500, N'4F721CCF-E398-4287-B7B8-F31AA6A7ECEA', N'Bank Transfer', N'DEP-865468', N'completed', N'2025-09-29 16:04:26', NULL, NULL),
(N'9C5111C1-BB59-4A35-A051-06C75E542E34', N'F1MCOUUG', N'30F10E7F-2899-4E90-91A9-834AD35D14C0', 500000, 150000, 650000, N'67B76793-3EEF-491C-A74E-BDADA25669C2', N'E-Wallet', N'DEP-381530', N'completed', N'2025-11-01 16:04:26', NULL, NULL),
(N'04C4DB48-D6C1-4553-9F19-29EC169041A6', N'RBQ9JB1D', N'30F10E7F-2899-4E90-91A9-834AD35D14C0', 500000, 150000, 650000, N'67B76793-3EEF-491C-A74E-BDADA25669C2', N'Cash', N'DEP-774330', N'completed', N'2025-07-06 16:04:26', NULL, NULL),
(N'59508766-8E37-47AF-9778-D19674F82DED', N'TZU7GILK', N'30F10E7F-2899-4E90-91A9-834AD35D14C0', 125000, 12500, 137500, N'4F721CCF-E398-4287-B7B8-F31AA6A7ECEA', N'Bank Transfer', N'DEP-444921', N'completed', N'2025-07-28 16:04:26', NULL, NULL),
(N'F134A0B7-1B0A-4702-A705-433C8B31140D', N'M9BRJD7L', N'30F10E7F-2899-4E90-91A9-834AD35D14C0', 125000, 12500, 137500, N'4F721CCF-E398-4287-B7B8-F31AA6A7ECEA', N'Bank Transfer', N'DEP-526575', N'completed', N'2025-10-17 16:04:26', NULL, NULL),
(N'0F8425D5-95BA-45D2-AF38-8B0554A735BD', N'59IHBRQE', N'30F10E7F-2899-4E90-91A9-834AD35D14C0', 250000, 62500, 312500, N'5F85C002-5695-4D84-A30D-C21E5FFB03D4', N'Campus Card', N'DEP-798678', N'completed', N'2025-09-18 16:04:26', NULL, NULL),
(N'E7BD5837-3783-42E6-BEFF-F0C88F1DB3DD', N'BR2YTYYN', N'30F10E7F-2899-4E90-91A9-834AD35D14C0', 500000, 150000, 650000, N'67B76793-3EEF-491C-A74E-BDADA25669C2', N'E-Wallet', N'DEP-229894', N'completed', N'2025-09-05 16:04:26', NULL, NULL),
(N'3E76DA21-6C48-4C95-98E8-27C1BA9AC0D3', N'VSTK3YQS', N'30F10E7F-2899-4E90-91A9-834AD35D14C0', 250000, 62500, 312500, N'5F85C002-5695-4D84-A30D-C21E5FFB03D4', N'Bank Transfer', N'DEP-895945', N'failed', N'2025-11-24 16:04:26', NULL, NULL),
(N'6DE2323F-0E2E-4A36-9868-CE1E47B5C419', N'F4VZE67G', N'A2347010-D0C9-4B15-8766-98F997468DBD', 250000, 62500, 312500, N'5F85C002-5695-4D84-A30D-C21E5FFB03D4', N'Campus Card', N'DEP-904098', N'completed', N'2025-09-09 16:04:26', NULL, NULL),
(N'A2EE3F4A-0D14-49CE-9CC8-6ED8E4DBDEC5', N'TYQCQF17', N'A2347010-D0C9-4B15-8766-98F997468DBD', 250000, 62500, 312500, N'5F85C002-5695-4D84-A30D-C21E5FFB03D4', N'Credit Card', N'DEP-863813', N'completed', N'2025-10-25 16:04:26', NULL, NULL),
(N'F3806C82-1404-490F-8D8A-D1395CFEF1C5', N'UR2I405K', N'A2347010-D0C9-4B15-8766-98F997468DBD', 375000, 93750, 468750, N'5F85C002-5695-4D84-A30D-C21E5FFB03D4', N'Campus Card', N'DEP-591786', N'completed', N'2025-12-08 16:04:26', NULL, NULL),
(N'B6F553A7-9847-4FF0-A63A-C40DBAF0C898', N'UQDAWQJA', N'A2347010-D0C9-4B15-8766-98F997468DBD', 250000, 62500, 312500, N'5F85C002-5695-4D84-A30D-C21E5FFB03D4', N'E-Wallet', N'DEP-607260', N'completed', N'2025-10-30 16:04:26', NULL, NULL),
(N'E2DD8829-39CB-469D-BB45-D6C543EDB2FA', N'R3TU8EPF', N'A2347010-D0C9-4B15-8766-98F997468DBD', 375000, 93750, 468750, N'5F85C002-5695-4D84-A30D-C21E5FFB03D4', N'Bank Transfer', N'DEP-471389', N'completed', N'2025-07-30 16:04:26', NULL, NULL),
(N'DEE12939-8169-4FAB-89FA-E2A4C8FA9173', N'US8J3MCB', N'D6BB5253-3A25-43A3-93E6-4AD256A30DC6', 250000, 62500, 312500, N'5F85C002-5695-4D84-A30D-C21E5FFB03D4', N'Cash', N'DEP-425692', N'completed', N'2025-08-05 16:04:26', NULL, NULL),
(N'EB504864-1BE9-4DCB-AB8C-0259AEC23CE9', N'P4U0JL01', N'D6BB5253-3A25-43A3-93E6-4AD256A30DC6', 500000, 150000, 650000, N'67B76793-3EEF-491C-A74E-BDADA25669C2', N'E-Wallet', N'DEP-346092', N'completed', N'2025-07-11 16:04:26', NULL, NULL),
(N'B3FD5708-C163-4A02-B9E1-9129523687BB', N'I375JOQT', N'D6BB5253-3A25-43A3-93E6-4AD256A30DC6', 625000, 187500, 812500, N'67B76793-3EEF-491C-A74E-BDADA25669C2', N'Cash', N'DEP-883625', N'completed', N'2025-10-21 16:04:26', NULL, NULL),
(N'90733260-3A0A-48BA-BC4A-0725C3316350', N'SRGKC8IB', N'D6BB5253-3A25-43A3-93E6-4AD256A30DC6', 250000, 62500, 312500, N'5F85C002-5695-4D84-A30D-C21E5FFB03D4', N'Campus Card', N'DEP-361981', N'completed', N'2025-10-23 16:04:26', NULL, NULL),
(N'3E8BAD65-7E92-4DB0-AFD6-5D3D432D5CD1', N'1EFUX4YS', N'D6BB5253-3A25-43A3-93E6-4AD256A30DC6', 250000, 62500, 312500, N'5F85C002-5695-4D84-A30D-C21E5FFB03D4', N'Bank Transfer', N'DEP-131986', N'completed', N'2025-10-28 16:04:26', NULL, NULL),
(N'8F21A477-19DE-4B13-BBB7-BD817189767A', N'9T02J7GZ', N'D6BB5253-3A25-43A3-93E6-4AD256A30DC6', 625000, 187500, 812500, N'67B76793-3EEF-491C-A74E-BDADA25669C2', N'Credit Card', N'DEP-718711', N'pending', N'2025-11-09 16:04:26', N'2025-11-09 16:14:26', NULL),
(N'BDF8C1DE-4BA2-42DF-8C45-40A4C047E472', N'6ODU8OI9', N'D6BB5253-3A25-43A3-93E6-4AD256A30DC6', 500000, 150000, 650000, N'67B76793-3EEF-491C-A74E-BDADA25669C2', N'E-Wallet', N'DEP-265914', N'completed', N'2025-09-11 16:04:26', NULL, NULL),
(N'13984A52-A07F-4FE2-86FA-D7878215D484', N'IERNPFGV', N'D6BB5253-3A25-43A3-93E6-4AD256A30DC6', 250000, 62500, 312500, N'5F85C002-5695-4D84-A30D-C21E5FFB03D4', N'Cash', N'DEP-503023', N'completed', N'2025-09-28 16:04:26', NULL, NULL),
(N'0553CF5D-2943-4906-86A6-054E6840F88C', N'W1QC85UE', N'D6BB5253-3A25-43A3-93E6-4AD256A30DC6', 125000, 12500, 137500, N'4F721CCF-E398-4287-B7B8-F31AA6A7ECEA', N'E-Wallet', N'DEP-323711', N'completed', N'2025-11-30 16:04:26', NULL, NULL);


-- ============================================

-- FUND SOURCES AND SUPPLIER PAPER PURCHASES DATA

-- ============================================

INSERT INTO fund_source (fund_id, fund_source_type, fund_source_name, amount, received_date, description, created_at, created_by) VALUES
(N'ABDD549A-84A7-4BD6-8474-9576DFD7635F', N'donation', N'Community Donation', 10118.67, N'2025-08-09', N'Fund received from donation', N'2025-08-09 16:04:26', N'CE695107-7730-482C-A269-53612E564038'),
(N'482E2958-4AFC-4F08-A231-7BE12E1F8BCC', N'school_budget', N'Annual Printing Budget 2023', 198624.67, N'2024-04-23', N'Fund received from school budget', N'2024-04-23 16:04:26', N'CE695107-7730-482C-A269-53612E564038'),
(N'A2A2CA89-5B7A-4F37-9FD9-439D83B1027C', N'school_budget', N'Annual Printing Budget 2023', 195308.93, N'2024-03-06', N'Fund received from school budget', N'2024-03-06 16:04:26', N'CE695107-7730-482C-A269-53612E564038'),
(N'9FF1BD55-1688-4DC3-AE86-C1BC5FCA3B6E', N'donation', N'Corporate Sponsorship - ABC Corp', 41958.34, N'2025-01-05', N'Fund received from donation', N'2025-01-05 16:04:26', N'CE695107-7730-482C-A269-53612E564038'),
(N'F2064420-E9FA-4CF0-A093-AB8F58100CEB', N'school_budget', N'Semester 1 Printing Allocation', 72686.03, N'2024-06-12', N'Fund received from school budget', N'2024-06-12 16:04:26', N'CE695107-7730-482C-A269-53612E564038'),
(N'BD3A53EC-A095-4E1A-B007-9F487DCDE536', N'school_budget', N'Semester 1 Printing Allocation', 144901.47, N'2024-03-23', N'Fund received from school budget', N'2024-03-23 16:04:26', N'CE695107-7730-482C-A269-53612E564038'),
(N'753F513F-F880-4A18-AB79-8CECD214DCF6', N'other', N'Miscellaneous Income', 14374.3, N'2024-05-29', N'Fund received from other', N'2024-05-29 16:04:26', N'CE695107-7730-482C-A269-53612E564038'),
(N'D56D23E6-C04E-4C48-A447-B641145502E0', N'revenue', N'Printing Service Revenue Q2', 43712.3, N'2024-06-12', N'Fund received from revenue', N'2024-06-12 16:04:26', N'CE695107-7730-482C-A269-53612E564038'),
(N'314B8B9A-9242-433E-B3D1-7B8690F066A7', N'revenue', N'Student Purchase Revenue', 58683.76, N'2025-12-20', N'Fund received from revenue', N'2025-12-20 16:04:26', N'CE695107-7730-482C-A269-53612E564038'),
(N'B355E665-C54F-47D6-AD67-E176F679DC80', N'school_budget', N'Emergency Printing Fund', 191468.75, N'2025-07-15', N'Fund received from school budget', N'2025-07-15 16:04:26', N'CE695107-7730-482C-A269-53612E564038');

INSERT INTO supplier_paper_purchase (purchase_id, supplier_name, supplier_contact, purchase_date, total_amount_paid, payment_method, payment_reference, payment_status, invoice_number, notes, created_at, created_by) VALUES
(N'8406D065-AF11-4CC6-8C57-DA0BDFCFE0A6', N'Office Supplies Co.', N'982667286', N'2025-08-25', 4436.65, N'bank_transfer', N'PAY582385', N'completed', N'INV-2024265', N'Paper purchase from Office Supplies Co.', N'2025-08-25 16:04:26', N'CE695107-7730-482C-A269-53612E564038'),
(N'1100CF0F-C880-43EA-A084-215214FA052E', N'Office Supplies Co.', N'+84994254311', N'2025-06-06', 2021.69, N'cash', N'PAY521193', N'completed', N'INV-2024507', N'Paper purchase from Office Supplies Co.', N'2025-06-06 16:04:26', N'CE695107-7730-482C-A269-53612E564038'),
(N'09E16FDD-FF21-4E3E-B0F9-9903FC1EEAFA', N'Academic Materials Corp.', N'977770259', N'2025-08-13', 932.03, N'bank_transfer', N'PAY131541', N'completed', N'INV-2023664', N'Paper purchase from Academic Materials Corp.', N'2025-08-13 16:04:26', N'CE695107-7730-482C-A269-53612E564038'),
(N'DC7A17FD-1510-4213-846D-1918364D3F3D', N'Stationery Solutions', N'+84952400723', N'2025-03-19', 1829.95, N'wire_transfer', N'PAY256121', N'completed', N'INV-2024186', N'Paper purchase from Stationery Solutions', N'2025-03-19 16:04:26', N'CE695107-7730-482C-A269-53612E564038'),
(N'D43566C3-E350-41BE-B4D0-41861946B04B', N'Campus Supply Chain', N'974871175', N'2025-03-04', 2613.61, N'credit_card', N'PAY255780', N'completed', N'INV-2024554', N'Paper purchase from Campus Supply Chain', N'2025-03-04 16:04:26', N'CE695107-7730-482C-A269-53612E564038'),
(N'EC3B1AED-36E2-4C8F-8337-D08E5AB82BC1', N'Campus Supply Chain', N'966632222', N'2025-04-27', 1519.51, N'cash', N'PAY599714', N'completed', N'INV-2024871', N'Paper purchase from Campus Supply Chain', N'2025-04-27 16:04:26', N'CE695107-7730-482C-A269-53612E564038'),
(N'6E4334F5-401A-43D5-8456-F67AD38EF2D0', N'Academic Materials Corp.', N'+84928708319', N'2025-01-24', 2061.56, N'credit_card', N'PAY128972', N'completed', N'INV-2023988', N'Paper purchase from Academic Materials Corp.', N'2025-01-24 16:04:26', N'CE695107-7730-482C-A269-53612E564038'),
(N'AC7E77F9-73D2-49EE-ACA7-E96EECF8AD25', N'Stationery Solutions', N'978334919', N'2025-07-16', 2191.9, N'credit_card', N'PAY751595', N'completed', N'INV-2023743', N'Paper purchase from Stationery Solutions', N'2025-07-16 16:04:26', N'CE695107-7730-482C-A269-53612E564038'),
(N'962EF773-AD93-41EA-8D13-1C1B96B8AE41', N'Stationery Solutions', N'997756047', N'2025-01-22', 821.26, N'cash', N'PAY425459', N'completed', N'INV-2023515', N'Paper purchase from Stationery Solutions', N'2025-01-22 16:04:26', N'CE695107-7730-482C-A269-53612E564038'),
(N'F82801AB-8169-4C08-B557-3FF6260D1BB4', N'Academic Materials Corp.', N'967687571', N'2025-03-12', 3549.37, N'credit_card', N'PAY956061', N'pending', N'INV-2024257', N'Paper purchase from Academic Materials Corp.', N'2025-03-12 16:04:26', N'CE695107-7730-482C-A269-53612E564038'),
(N'2B2C6608-03C3-4BFA-955F-1C6333B68400', N'Office Supplies Co.', N'+84918914356', N'2025-07-12', 4676.47, N'bank_transfer', N'PAY128548', N'pending', N'INV-2024892', N'Paper purchase from Office Supplies Co.', N'2025-07-12 16:04:26', N'CE695107-7730-482C-A269-53612E564038'),
(N'4C400DE6-B47F-4838-8E19-C601A0C7CB38', N'Academic Materials Corp.', N'951999380', N'2025-09-21', 3386.24, N'bank_transfer', N'PAY950920', N'completed', N'INV-2024249', N'Paper purchase from Academic Materials Corp.', N'2025-09-21 16:04:26', N'CE695107-7730-482C-A269-53612E564038'),
(N'F1024E12-E753-4D35-90A7-F113E66628FC', N'Educational Supplies Co.', N'968915283', N'2025-01-09', 1994.37, N'bank_transfer', N'PAY610223', N'completed', N'INV-2023128', N'Paper purchase from Educational Supplies Co.', N'2025-01-09 16:04:26', N'CE695107-7730-482C-A269-53612E564038'),
(N'00BBD708-255F-47B6-8FC2-9E7B1F327413', N'Educational Supplies Co.', N'903031196', N'2025-11-28', 3386.8, N'check', N'PAY384239', N'completed', N'INV-2024714', N'Paper purchase from Educational Supplies Co.', N'2025-11-28 16:04:26', N'CE695107-7730-482C-A269-53612E564038'),
(N'C4145A4F-6DF6-4098-B55C-8808683C451E', N'Stationery Solutions', N'+84965752558', N'2025-03-12', 4922.27, N'cash', N'PAY184609', N'completed', N'INV-2024355', N'Paper purchase from Stationery Solutions', N'2025-03-12 16:04:26', N'CE695107-7730-482C-A269-53612E564038'),
(N'2AA43E9C-4133-4E11-8271-13B4EC1F695F', N'Educational Supplies Co.', N'+84929051897', N'2025-02-11', 2245.2, N'credit_card', N'PAY205695', N'completed', N'INV-2023263', N'Paper purchase from Educational Supplies Co.', N'2025-02-11 16:04:26', N'CE695107-7730-482C-A269-53612E564038'),
(N'35F36055-EE82-4260-91EE-C50313C7DB65', N'Campus Supply Chain', N'904967387', N'2025-11-23', 2044.5, N'bank_transfer', N'PAY742702', N'completed', N'INV-2024736', N'Paper purchase from Campus Supply Chain', N'2025-11-23 16:04:26', N'CE695107-7730-482C-A269-53612E564038'),
(N'72023CDB-7A27-4A4C-A022-CCF12CE1DF46', N'Paper Distributors Ltd.', N'995997691', N'2025-04-03', 3186.88, N'bank_transfer', N'PAY755185', N'completed', N'INV-2023359', N'Paper purchase from Paper Distributors Ltd.', N'2025-04-03 16:04:26', N'CE695107-7730-482C-A269-53612E564038'),
(N'ED9B6D4D-B540-489D-AB22-9527DC8CFE2C', N'Academic Materials Corp.', N'+84913213074', N'2025-10-23', 4139.64, N'check', N'PAY737049', N'completed', N'INV-2023747', N'Paper purchase from Academic Materials Corp.', N'2025-10-23 16:04:26', N'CE695107-7730-482C-A269-53612E564038'),
(N'633684ED-BD9E-4F53-AB4C-FA0149B705AF', N'Printing Materials Inc.', N'998540572', N'2025-08-18', 2507.75, N'cash', N'PAY441057', N'completed', N'INV-2024251', N'Paper purchase from Printing Materials Inc.', N'2025-08-18 16:04:26', N'CE695107-7730-482C-A269-53612E564038'),
(N'F7D8EEE9-0960-40F7-BC98-2C29F8860A84', N'Stationery Solutions', N'941547222', N'2025-04-12', 2024.92, N'bank_transfer', N'PAY826055', N'completed', N'INV-2023186', N'Paper purchase from Stationery Solutions', N'2025-04-12 16:04:26', N'CE695107-7730-482C-A269-53612E564038'),
(N'8D7ACDDE-3CB3-4D3A-B81F-EE06ADAC12D1', N'Paper Distributors Ltd.', N'941618541', N'2025-06-02', 4118.79, N'credit_card', N'PAY927228', N'pending', N'INV-2024545', N'Paper purchase from Paper Distributors Ltd.', N'2025-06-02 16:04:26', N'CE695107-7730-482C-A269-53612E564038'),
(N'72230B49-5A37-4C83-AA57-0509F8FEC29E', N'Stationery Solutions', N'902101959', N'2025-01-03', 799.9, N'credit_card', N'PAY399085', N'completed', N'INV-2023688', N'Paper purchase from Stationery Solutions', N'2025-01-03 16:04:26', N'CE695107-7730-482C-A269-53612E564038'),
(N'8D612DAD-5B04-4E5E-BB8B-D2D088B44D26', N'Stationery Solutions', N'+84973141316', N'2024-12-29', 1234.12, N'bank_transfer', N'PAY547203', N'completed', N'INV-2024089', N'Paper purchase from Stationery Solutions', N'2024-12-29 16:04:26', N'CE695107-7730-482C-A269-53612E564038'),
(N'E4247AB2-AB1B-4F07-B92E-9C05F6F96FD2', N'Campus Supply Chain', N'+84956845999', N'2025-07-16', 2233.76, N'bank_transfer', N'PAY352163', N'completed', N'INV-2024100', N'Paper purchase from Campus Supply Chain', N'2025-07-16 16:04:26', N'CE695107-7730-482C-A269-53612E564038'),
(N'5A29E0D3-678B-4E2B-9F46-B5C4C9345154', N'Stationery Solutions', N'986343457', N'2024-12-27', 874.76, N'bank_transfer', N'PAY179074', N'completed', N'INV-2024132', N'Paper purchase from Stationery Solutions', N'2024-12-27 16:04:26', N'CE695107-7730-482C-A269-53612E564038'),
(N'B394764C-4361-414D-8D5C-3B88166F89B2', N'Printing Materials Inc.', N'972209928', N'2025-01-31', 2052.89, N'credit_card', N'PAY835275', N'pending', N'INV-2023538', N'Paper purchase from Printing Materials Inc.', N'2025-01-31 16:04:26', N'CE695107-7730-482C-A269-53612E564038'),
(N'CD73ACC0-B324-44E1-88ED-0A0DE063DEA9', N'Stationery Solutions', N'+84926284891', N'2025-01-29', 3802.02, N'credit_card', N'PAY712956', N'completed', N'INV-2024659', N'Paper purchase from Stationery Solutions', N'2025-01-29 16:04:26', N'CE695107-7730-482C-A269-53612E564038'),
(N'F964CCFC-3B07-4562-8CBB-030AFFB9CF51', N'Printing Materials Inc.', N'+84987918593', N'2025-02-09', 1519.92, N'cash', N'PAY763035', N'completed', N'INV-2023230', N'Paper purchase from Printing Materials Inc.', N'2025-02-09 16:04:26', N'CE695107-7730-482C-A269-53612E564038');

INSERT INTO paper_purchase_item (purchase_item_id, purchase_id, page_size_id, quantity, unit_price, total_price, received_quantity, received_date, notes) VALUES
(N'1AE5F274-9DA1-4D57-9C29-34431004AE9E', N'8406D065-AF11-4CC6-8C57-DA0BDFCFE0A6', N'8DF6E67B-F38A-4D7A-B5B7-F790C96F6B58', 9740, 0.0308, 299.99, 9740, N'2025-09-05', N'9740 sheets of A5 paper'),
(N'A580DAD6-E77A-4675-9CF1-E57EB623E2D3', N'8406D065-AF11-4CC6-8C57-DA0BDFCFE0A6', N'A306B69A-88AB-4B93-9E1C-5B533D2342D6', 1874, 0.1362, 255.24, 1874, N'2025-09-01', N'1874 sheets of A3 paper'),
(N'FE431482-171D-4D33-9760-A8DE6606DB53', N'8406D065-AF11-4CC6-8C57-DA0BDFCFE0A6', N'8B8E3FD2-7C34-4EFF-8020-644358B7F3BC', 11991, 0.051, 611.54, 11991, N'2025-08-26', N'11991 sheets of A4 paper'),
(N'1408DCB7-FCE4-45BD-ABF9-3075F05772A1', N'1100CF0F-C880-43EA-A084-215214FA052E', N'8DF6E67B-F38A-4D7A-B5B7-F790C96F6B58', 4506, 0.0324, 145.99, 4506, N'2025-06-09', N'4506 sheets of A5 paper'),
(N'660F3317-425D-4013-BB14-28ADB0F721C3', N'1100CF0F-C880-43EA-A084-215214FA052E', N'8B8E3FD2-7C34-4EFF-8020-644358B7F3BC', 18629, 0.0537, 1000.38, 18629, N'2025-06-12', N'18629 sheets of A4 paper'),
(N'69C7C089-0958-46A1-94D6-51B51ABCF0EF', N'09E16FDD-FF21-4E3E-B0F9-9903FC1EEAFA', N'8B8E3FD2-7C34-4EFF-8020-644358B7F3BC', 17300, 0.0493, 852.89, 17300, N'2025-08-24', N'17300 sheets of A4 paper'),
(N'270D03C6-3120-4FFB-91B7-C8050925D558', N'09E16FDD-FF21-4E3E-B0F9-9903FC1EEAFA', N'8DF6E67B-F38A-4D7A-B5B7-F790C96F6B58', 4017, 0.0283, 113.68, 4017, N'2025-08-18', N'4017 sheets of A5 paper'),
(N'A5ACDD77-0F36-4493-9AC6-908C8592D975', N'09E16FDD-FF21-4E3E-B0F9-9903FC1EEAFA', N'A306B69A-88AB-4B93-9E1C-5B533D2342D6', 1351, 0.1406, 189.95, 1351, N'2025-08-24', N'1351 sheets of A3 paper'),
(N'0536680A-CA9B-49EA-9207-796BF87E3674', N'DC7A17FD-1510-4213-846D-1918364D3F3D', N'A306B69A-88AB-4B93-9E1C-5B533D2342D6', 2552, 0.1505, 384.08, 2552, N'2025-03-21', N'2552 sheets of A3 paper'),
(N'DDF5FE93-373C-497D-B1D8-2E700E9E0B7D', N'D43566C3-E350-41BE-B4D0-41861946B04B', N'A306B69A-88AB-4B93-9E1C-5B533D2342D6', 3344, 0.1635, 546.74, 3344, N'2025-03-06', N'3344 sheets of A3 paper'),
(N'69DF5B32-EC7A-40EB-A275-86E305FA91A6', N'D43566C3-E350-41BE-B4D0-41861946B04B', N'8DF6E67B-F38A-4D7A-B5B7-F790C96F6B58', 8359, 0.0328, 274.18, 8359, N'2025-03-08', N'8359 sheets of A5 paper'),
(N'7D06140D-E2D8-4540-AE37-79265CC75764', N'D43566C3-E350-41BE-B4D0-41861946B04B', N'8B8E3FD2-7C34-4EFF-8020-644358B7F3BC', 12639, 0.0537, 678.71, 12639, N'2025-03-09', N'12639 sheets of A4 paper'),
(N'8DB0FC5E-9A83-4108-982E-B50D058D740A', N'EC3B1AED-36E2-4C8F-8337-D08E5AB82BC1', N'8B8E3FD2-7C34-4EFF-8020-644358B7F3BC', 7390, 0.0534, 394.63, 7390, N'2025-05-10', N'7390 sheets of A4 paper'),
(N'761D5828-602E-4B35-B7C0-C5B46E82A564', N'EC3B1AED-36E2-4C8F-8337-D08E5AB82BC1', N'A306B69A-88AB-4B93-9E1C-5B533D2342D6', 3244, 0.1399, 453.84, 2951, N'2025-05-09', N'3244 sheets of A3 paper'),
(N'BE3B9409-F476-4568-96E1-F16B07314F84', N'EC3B1AED-36E2-4C8F-8337-D08E5AB82BC1', N'8DF6E67B-F38A-4D7A-B5B7-F790C96F6B58', 5032, 0.029, 145.93, 5032, N'2025-04-29', N'5032 sheets of A5 paper'),
(N'2BB4DD36-D0D0-4B9B-BC8D-409768A6AABE', N'6E4334F5-401A-43D5-8456-F67AD38EF2D0', N'8B8E3FD2-7C34-4EFF-8020-644358B7F3BC', 8220, 0.051, 419.22, 8220, N'2025-01-25', N'8220 sheets of A4 paper'),
(N'DA7F293C-C197-4CD5-A531-DFA0E0CB1EC4', N'6E4334F5-401A-43D5-8456-F67AD38EF2D0', N'A306B69A-88AB-4B93-9E1C-5B533D2342D6', 1200, 0.1388, 166.56, 1200, N'2025-02-05', N'1200 sheets of A3 paper'),
(N'A5A5AE82-D590-4BC0-9130-678539C016C3', N'AC7E77F9-73D2-49EE-ACA7-E96EECF8AD25', N'8B8E3FD2-7C34-4EFF-8020-644358B7F3BC', 18662, 0.0454, 847.25, 18662, N'2025-07-22', N'18662 sheets of A4 paper'),
(N'EA5127BC-85D3-4754-BD1E-EF2FCC60A348', N'962EF773-AD93-41EA-8D13-1C1B96B8AE41', N'8B8E3FD2-7C34-4EFF-8020-644358B7F3BC', 5463, 0.0533, 291.18, 5463, N'2025-02-04', N'5463 sheets of A4 paper'),
(N'C8CD0607-3B18-4863-A533-0C8CF05BCE38', N'962EF773-AD93-41EA-8D13-1C1B96B8AE41', N'A306B69A-88AB-4B93-9E1C-5B533D2342D6', 3138, 0.1419, 445.28, 3138, N'2025-02-04', N'3138 sheets of A3 paper'),
(N'11FE910E-F255-4CAE-80B1-F22EB60368EA', N'962EF773-AD93-41EA-8D13-1C1B96B8AE41', N'8DF6E67B-F38A-4D7A-B5B7-F790C96F6B58', 3489, 0.03, 104.67, 3489, N'2025-01-26', N'3489 sheets of A5 paper'),
(N'C947B565-1E6C-42FC-99BA-748EFF9A87D6', N'F82801AB-8169-4C08-B557-3FF6260D1BB4', N'8DF6E67B-F38A-4D7A-B5B7-F790C96F6B58', 7936, 0.0329, 261.09, 7936, N'2025-03-23', N'7936 sheets of A5 paper'),
(N'082D5A84-2FBA-4471-92FE-1322E8DCA331', N'2B2C6608-03C3-4BFA-955F-1C6333B68400', N'A306B69A-88AB-4B93-9E1C-5B533D2342D6', 3413, 0.1525, 520.48, 3413, N'2025-07-25', N'3413 sheets of A3 paper'),
(N'45742948-B3EC-4329-9486-05FEDA18DF3C', N'2B2C6608-03C3-4BFA-955F-1C6333B68400', N'8DF6E67B-F38A-4D7A-B5B7-F790C96F6B58', 4161, 0.0293, 121.92, 4161, N'2025-07-25', N'4161 sheets of A5 paper'),
(N'BAB7DE88-469B-4F0D-B464-DAB1AC84EA95', N'2B2C6608-03C3-4BFA-955F-1C6333B68400', N'8B8E3FD2-7C34-4EFF-8020-644358B7F3BC', 18576, 0.0472, 876.79, 18576, N'2025-07-22', N'18576 sheets of A4 paper'),
(N'E7504EBB-7898-47D2-B4A7-9DBACBAB969B', N'4C400DE6-B47F-4838-8E19-C601A0C7CB38', N'8B8E3FD2-7C34-4EFF-8020-644358B7F3BC', 17423, 0.0462, 804.94, 17423, N'2025-09-27', N'17423 sheets of A4 paper'),
(N'D1257B16-C160-42E1-9318-ACB4F0646286', N'F1024E12-E753-4D35-90A7-F113E66628FC', N'8DF6E67B-F38A-4D7A-B5B7-F790C96F6B58', 4306, 0.0319, 137.36, 4306, N'2025-01-22', N'4306 sheets of A5 paper'),
(N'0E568EAF-3B39-4BFB-A2E8-B7311E63768D', N'F1024E12-E753-4D35-90A7-F113E66628FC', N'A306B69A-88AB-4B93-9E1C-5B533D2342D6', 3378, 0.1636, 552.64, 3378, N'2025-01-19', N'3378 sheets of A3 paper'),
(N'53FBD267-B6A9-4297-9F60-A481E3E4E259', N'F1024E12-E753-4D35-90A7-F113E66628FC', N'8B8E3FD2-7C34-4EFF-8020-644358B7F3BC', 11566, 0.0482, 557.48, 11566, N'2025-01-19', N'11566 sheets of A4 paper'),
(N'2F1A26A1-4159-467D-A5FB-A9DB51D3DC73', N'00BBD708-255F-47B6-8FC2-9E7B1F327413', N'8DF6E67B-F38A-4D7A-B5B7-F790C96F6B58', 9654, 0.0294, 283.83, 9654, N'2025-12-02', N'9654 sheets of A5 paper'),
(N'8DC16E0F-4385-4454-883E-A49F9AA22E18', N'C4145A4F-6DF6-4098-B55C-8808683C451E', N'8B8E3FD2-7C34-4EFF-8020-644358B7F3BC', 7310, 0.048, 350.88, 6290, N'2025-03-25', N'7310 sheets of A4 paper'),
(N'719D7468-E0CE-420F-A25A-628F3C136093', N'2AA43E9C-4133-4E11-8271-13B4EC1F695F', N'8DF6E67B-F38A-4D7A-B5B7-F790C96F6B58', 5120, 0.0296, 151.55, 5120, N'2025-02-24', N'5120 sheets of A5 paper'),
(N'110DF7DC-E4FA-4EFE-81E4-87BF6BFD564C', N'2AA43E9C-4133-4E11-8271-13B4EC1F695F', N'8B8E3FD2-7C34-4EFF-8020-644358B7F3BC', 10652, 0.0513, 546.45, 10652, N'2025-02-23', N'10652 sheets of A4 paper'),
(N'FB1FB115-1978-44AB-8E08-D5CE932B3EA6', N'2AA43E9C-4133-4E11-8271-13B4EC1F695F', N'A306B69A-88AB-4B93-9E1C-5B533D2342D6', 3308, 0.1632, 539.87, 3308, N'2025-02-17', N'3308 sheets of A3 paper'),
(N'55CC7765-A4EC-46B6-A4A3-4CF126C59639', N'35F36055-EE82-4260-91EE-C50313C7DB65', N'8DF6E67B-F38A-4D7A-B5B7-F790C96F6B58', 9796, 0.0292, 286.04, 9796, N'2025-12-03', N'9796 sheets of A5 paper'),
(N'03D05312-6C98-4CF5-A97F-7171BED792A3', N'35F36055-EE82-4260-91EE-C50313C7DB65', N'A306B69A-88AB-4B93-9E1C-5B533D2342D6', 4841, 0.1412, 683.55, 4841, N'2025-11-29', N'4841 sheets of A3 paper'),
(N'3822CBFB-C452-4916-AB2C-C4B739E695C2', N'72023CDB-7A27-4A4C-A022-CCF12CE1DF46', N'8B8E3FD2-7C34-4EFF-8020-644358B7F3BC', 12262, 0.0458, 561.6, 12262, N'2025-04-10', N'12262 sheets of A4 paper'),
(N'E410E315-982B-49DD-A08D-3DA89025E69F', N'ED9B6D4D-B540-489D-AB22-9527DC8CFE2C', N'8B8E3FD2-7C34-4EFF-8020-644358B7F3BC', 9296, 0.0471, 437.84, 9296, N'2025-11-01', N'9296 sheets of A4 paper'),
(N'414C74F4-12C7-4F38-B0C6-6372DA633751', N'ED9B6D4D-B540-489D-AB22-9527DC8CFE2C', N'8DF6E67B-F38A-4D7A-B5B7-F790C96F6B58', 5315, 0.0316, 167.95, 5315, N'2025-11-03', N'5315 sheets of A5 paper'),
(N'DD67673F-920A-4C4B-B366-6BB66DA01305', N'ED9B6D4D-B540-489D-AB22-9527DC8CFE2C', N'A306B69A-88AB-4B93-9E1C-5B533D2342D6', 2668, 0.1407, 375.39, 2668, N'2025-10-26', N'2668 sheets of A3 paper'),
(N'E6989D41-65BE-4346-A0D4-EF4EDE8284B9', N'633684ED-BD9E-4F53-AB4C-FA0149B705AF', N'8B8E3FD2-7C34-4EFF-8020-644358B7F3BC', 16467, 0.049, 806.88, 16467, N'2025-08-24', N'16467 sheets of A4 paper'),
(N'C9610733-7A82-4A66-BF3A-B510428740C9', N'633684ED-BD9E-4F53-AB4C-FA0149B705AF', N'A306B69A-88AB-4B93-9E1C-5B533D2342D6', 4114, 0.1527, 628.21, 4114, N'2025-08-25', N'4114 sheets of A3 paper'),
(N'ED512BAC-D6F2-4301-88BE-D4874507F704', N'633684ED-BD9E-4F53-AB4C-FA0149B705AF', N'8DF6E67B-F38A-4D7A-B5B7-F790C96F6B58', 6716, 0.0327, 219.61, 6716, N'2025-08-31', N'6716 sheets of A5 paper'),
(N'D72743D9-E712-4D07-8EF3-81DB240811D8', N'F7D8EEE9-0960-40F7-BC98-2C29F8860A84', N'8DF6E67B-F38A-4D7A-B5B7-F790C96F6B58', 5022, 0.0327, 164.22, 5022, N'2025-04-22', N'5022 sheets of A5 paper'),
(N'EF295A11-1D85-4E35-B44E-AAA2FA40677F', N'F7D8EEE9-0960-40F7-BC98-2C29F8860A84', N'8B8E3FD2-7C34-4EFF-8020-644358B7F3BC', 6857, 0.0493, 338.05, 6857, N'2025-04-14', N'6857 sheets of A4 paper'),
(N'16285FC6-40FC-4BB6-A49C-5C516A535C05', N'F7D8EEE9-0960-40F7-BC98-2C29F8860A84', N'A306B69A-88AB-4B93-9E1C-5B533D2342D6', 1089, 0.1526, 166.18, 1089, N'2025-04-25', N'1089 sheets of A3 paper'),
(N'0C15EFC1-8FE4-4215-BE8B-708EF6095824', N'8D7ACDDE-3CB3-4D3A-B81F-EE06ADAC12D1', N'A306B69A-88AB-4B93-9E1C-5B533D2342D6', 3647, 0.147, 536.11, 3647, N'2025-06-15', N'3647 sheets of A3 paper'),
(N'0F23E46A-156A-47D8-ACE1-4C2A9E45973F', N'72230B49-5A37-4C83-AA57-0509F8FEC29E', N'A306B69A-88AB-4B93-9E1C-5B533D2342D6', 3160, 0.1508, 476.53, 3160, N'2025-01-04', N'3160 sheets of A3 paper'),
(N'68CBF3BB-90AF-4B68-8848-DB9FD8B13866', N'8D612DAD-5B04-4E5E-BB8B-D2D088B44D26', N'8DF6E67B-F38A-4D7A-B5B7-F790C96F6B58', 5390, 0.0286, 154.15, 5390, N'2025-01-08', N'5390 sheets of A5 paper'),
(N'FB205A34-773D-48A6-902C-CE34ACF796DB', N'8D612DAD-5B04-4E5E-BB8B-D2D088B44D26', N'8B8E3FD2-7C34-4EFF-8020-644358B7F3BC', 8461, 0.05, 423.05, NULL, NULL, N'8461 sheets of A4 paper'),
(N'822DDCA0-19B5-4942-8B68-5B813125B439', N'E4247AB2-AB1B-4F07-B92E-9C05F6F96FD2', N'A306B69A-88AB-4B93-9E1C-5B533D2342D6', 4537, 0.1533, 695.52, 4537, N'2025-07-22', N'4537 sheets of A3 paper'),
(N'A1CA3AED-D05C-4833-A246-1D62C549B3AE', N'5A29E0D3-678B-4E2B-9F46-B5C4C9345154', N'8B8E3FD2-7C34-4EFF-8020-644358B7F3BC', 11666, 0.0497, 579.8, 11666, N'2025-01-10', N'11666 sheets of A4 paper'),
(N'E87AE3F3-763F-4088-9D08-F6BC2FA689B4', N'B394764C-4361-414D-8D5C-3B88166F89B2', N'A306B69A-88AB-4B93-9E1C-5B533D2342D6', 1841, 0.1531, 281.86, 1841, N'2025-02-07', N'1841 sheets of A3 paper'),
(N'3DDCE7B4-6F62-4FDD-9116-FC17CE22510E', N'B394764C-4361-414D-8D5C-3B88166F89B2', N'8DF6E67B-F38A-4D7A-B5B7-F790C96F6B58', 8018, 0.0284, 227.71, 8018, N'2025-02-08', N'8018 sheets of A5 paper'),
(N'1CA0DB36-7359-4D53-9249-B18C32B4B0CA', N'CD73ACC0-B324-44E1-88ED-0A0DE063DEA9', N'8DF6E67B-F38A-4D7A-B5B7-F790C96F6B58', 7935, 0.0292, 231.7, 7935, N'2025-02-08', N'7935 sheets of A5 paper'),
(N'B6191666-4B4F-4ED4-B983-6D0BF8C61C23', N'F964CCFC-3B07-4562-8CBB-030AFFB9CF51', N'8B8E3FD2-7C34-4EFF-8020-644358B7F3BC', 12418, 0.0512, 635.8, 9582, N'2025-02-10', N'12418 sheets of A4 paper'),
(N'D21A3151-16E6-4741-B366-928E7DA1CFAB', N'F964CCFC-3B07-4562-8CBB-030AFFB9CF51', N'8DF6E67B-F38A-4D7A-B5B7-F790C96F6B58', 3150, 0.0301, 94.81, 3150, N'2025-02-16', N'3150 sheets of A5 paper');


-- ============================================

-- PRINTER INFRASTRUCTURE DATA

-- ============================================

INSERT INTO brand (brand_id, brand_name, country_of_origin, website, created_at) VALUES
(N'B1AC5233-1978-4847-BCEF-7C15A8A7DDE5', N'HP', N'United States', N'https://hp.com', N'2024-02-10 16:04:27'),
(N'9D228A4B-FC60-42D3-949D-B82D3A41EC28', N'Canon', N'Japan', N'https://canon.com', N'2024-02-28 16:04:27'),
(N'30FEE0DF-1D95-4D1C-8AE9-144C274F13F8', N'Epson', N'Japan', N'https://epson.com', N'2023-06-05 16:04:27'),
(N'6260FC8F-C102-47D4-BBE0-ADB0D2EB41D7', N'Brother', N'Japan', N'https://brother.com', N'2024-01-19 16:04:27');

INSERT INTO printer_model (model_id, brand_id, model_name, description, max_paper_size_id, supports_color, supports_duplex, pages_per_second, image_2d_url, image_3d_url, created_at) VALUES
(N'C3F0CD68-5D61-458C-B5FB-BA8858FE6E9A', N'B1AC5233-1978-4847-BCEF-7C15A8A7DDE5', N'LaserJet Pro M404dn', N'HP LaserJet Pro M404dn - Professional printing solution', N'8B8E3FD2-7C34-4EFF-8020-644358B7F3BC', 0, 1, 1.5, NULL, NULL, N'2023-03-28 16:04:27'),
(N'30F23D5C-BDD8-42AC-81CC-03DF501AFBA7', N'B1AC5233-1978-4847-BCEF-7C15A8A7DDE5', N'LaserJet Pro M428fdw', N'HP LaserJet Pro M428fdw - Professional printing solution', N'8B8E3FD2-7C34-4EFF-8020-644358B7F3BC', 0, 1, 0.88, NULL, NULL, N'2024-08-18 16:04:27'),
(N'6CB65E76-6385-4233-AEBA-79ACF7A20C33', N'B1AC5233-1978-4847-BCEF-7C15A8A7DDE5', N'Color LaserJet Pro M454dw', N'HP Color LaserJet Pro M454dw - Professional printing solution', N'8B8E3FD2-7C34-4EFF-8020-644358B7F3BC', 1, 1, 0.32, NULL, NULL, N'2023-05-11 16:04:27'),
(N'27447B89-E59D-40AB-84DC-627F126D0839', N'B1AC5233-1978-4847-BCEF-7C15A8A7DDE5', N'DesignJet T650', N'HP DesignJet T650 - Professional printing solution', N'A306B69A-88AB-4B93-9E1C-5B533D2342D6', 1, 0, 0.63, NULL, NULL, N'2024-01-30 16:04:27'),
(N'0E3926A2-F705-4ED6-813E-62FE3F71DC2D', N'9D228A4B-FC60-42D3-949D-B82D3A41EC28', N'imageCLASS LBP6030w', N'Canon imageCLASS LBP6030w - Professional printing solution', N'8B8E3FD2-7C34-4EFF-8020-644358B7F3BC', 0, 0, 1.85, NULL, NULL, N'2024-10-24 16:04:27'),
(N'A469B4FF-B538-4561-915E-08DF356A9299', N'9D228A4B-FC60-42D3-949D-B82D3A41EC28', N'imageCLASS MF445dw', N'Canon imageCLASS MF445dw - Professional printing solution', N'8B8E3FD2-7C34-4EFF-8020-644358B7F3BC', 0, 1, 1.94, NULL, NULL, N'2024-02-26 16:04:27'),
(N'EFCF9F36-7312-477A-81AD-AE1964036903', N'9D228A4B-FC60-42D3-949D-B82D3A41EC28', N'Color imageCLASS MF644Cdw', N'Canon Color imageCLASS MF644Cdw - Professional printing solution', N'8B8E3FD2-7C34-4EFF-8020-644358B7F3BC', 1, 1, 0.26, NULL, NULL, N'2023-11-27 16:04:27'),
(N'A2D1A99D-34E0-4750-9B36-81ABE58D57AD', N'9D228A4B-FC60-42D3-949D-B82D3A41EC28', N'imagePROGRAF iPF771', N'Canon imagePROGRAF iPF771 - Professional printing solution', N'A306B69A-88AB-4B93-9E1C-5B533D2342D6', 1, 0, 0.75, NULL, NULL, N'2024-12-13 16:04:27'),
(N'6BC2E7EA-0DC2-46E8-B201-9DDCC2F0201C', N'30FEE0DF-1D95-4D1C-8AE9-144C274F13F8', N'WorkForce Pro WF-3720', N'Epson WorkForce Pro WF-3720 - Professional printing solution', N'8B8E3FD2-7C34-4EFF-8020-644358B7F3BC', 1, 1, 0.43, NULL, NULL, N'2023-02-27 16:04:27'),
(N'5A0E9684-2C03-46F3-9151-6610CF3401EA', N'30FEE0DF-1D95-4D1C-8AE9-144C274F13F8', N'EcoTank L3550', N'Epson EcoTank L3550 - Professional printing solution', N'8B8E3FD2-7C34-4EFF-8020-644358B7F3BC', 1, 0, 0.72, NULL, NULL, N'2024-01-29 16:04:27'),
(N'DC70034F-B3FF-4DB7-8ACB-37BF56167D76', N'30FEE0DF-1D95-4D1C-8AE9-144C274F13F8', N'SureColor P400', N'Epson SureColor P400 - Professional printing solution', N'A306B69A-88AB-4B93-9E1C-5B533D2342D6', 1, 0, 0.7, NULL, NULL, N'2024-01-02 16:04:27'),
(N'385D87D5-815A-4567-822C-68BE540B898F', N'6260FC8F-C102-47D4-BBE0-ADB0D2EB41D7', N'HL-L2350DW', N'Brother HL-L2350DW - Professional printing solution', N'8B8E3FD2-7C34-4EFF-8020-644358B7F3BC', 0, 1, 1.96, NULL, NULL, N'2024-12-04 16:04:27'),
(N'82AE59F5-6355-4F65-907F-F191B525FCC5', N'6260FC8F-C102-47D4-BBE0-ADB0D2EB41D7', N'MFC-L2710DW', N'Brother MFC-L2710DW - Professional printing solution', N'8B8E3FD2-7C34-4EFF-8020-644358B7F3BC', 0, 1, 0.52, NULL, NULL, N'2024-04-15 16:04:27'),
(N'3AECFEDA-6D26-4580-83CB-A40A28C9F405', N'6260FC8F-C102-47D4-BBE0-ADB0D2EB41D7', N'HL-L3270CDW', N'Brother HL-L3270CDW - Professional printing solution', N'8B8E3FD2-7C34-4EFF-8020-644358B7F3BC', 1, 1, 0.36, NULL, NULL, N'2024-07-18 16:04:27');

INSERT INTO building (building_id, building_code, address, campus_name, created_at) VALUES
(N'843BB6BB-F68C-42AF-B486-0E432F20EE2E', N'MAINACADE', N'Main Academic Building, Main Campus', N'Main Campus', N'2018-04-23 16:04:27'),
(N'8BE2116C-800C-4EE9-84A4-EAB2BBED07B9', N'SCIENCE', N'Science & Technology Building, Main Campus', N'Main Campus', N'2016-02-12 16:04:27'),
(N'3855B0D5-563F-482E-82AF-64F213D5C0E0', N'LIBRARY', N'Library & Research Center, Main Campus', N'Main Campus', N'2017-11-20 16:04:27');

INSERT INTO floor (floor_id, building_id, floor_number, file_url, created_at) VALUES
(N'5301B7AC-1D0B-4DE9-BBE5-1A36BC26A095', N'843BB6BB-F68C-42AF-B486-0E432F20EE2E', 1, N'https://ilzhoxyiftrpphhbwliz.supabase.co/storage/v1/object/public/floor_diagrams/MAINACADE_F1.png', N'2021-07-05 16:04:27'),
(N'2D4DE3D6-C8C7-4E77-933A-D781018B0F2B', N'843BB6BB-F68C-42AF-B486-0E432F20EE2E', 2, N'https://ilzhoxyiftrpphhbwliz.supabase.co/storage/v1/object/public/floor_diagrams/MAINACADE_F2.png', N'2021-12-09 16:04:27'),
(N'A8B5DBD6-8C03-457A-9C00-32555B880A8B', N'843BB6BB-F68C-42AF-B486-0E432F20EE2E', 3, N'https://ilzhoxyiftrpphhbwliz.supabase.co/storage/v1/object/public/floor_diagrams/MAINACADE_F3.png', N'2020-05-09 16:04:27'),
(N'4D1D5010-03B3-43BE-A795-0BF2508E1D0D', N'843BB6BB-F68C-42AF-B486-0E432F20EE2E', 4, N'https://ilzhoxyiftrpphhbwliz.supabase.co/storage/v1/object/public/floor_diagrams/MAINACADE_F4.png', N'2020-04-28 16:04:27'),
(N'8397E830-5B15-47E9-A203-A55A40DC34D1', N'843BB6BB-F68C-42AF-B486-0E432F20EE2E', 5, N'https://ilzhoxyiftrpphhbwliz.supabase.co/storage/v1/object/public/floor_diagrams/MAINACADE_F5.png', N'2022-08-15 16:04:27'),
(N'B3ED2E3D-153F-4989-A9A6-6F8B3F8E1671', N'8BE2116C-800C-4EE9-84A4-EAB2BBED07B9', 1, N'https://ilzhoxyiftrpphhbwliz.supabase.co/storage/v1/object/public/floor_diagrams/SCIENCE_F1.png', N'2024-06-22 16:04:27'),
(N'820AAC4C-0F11-4CCA-B5F6-A1D52383CDC8', N'8BE2116C-800C-4EE9-84A4-EAB2BBED07B9', 2, N'https://ilzhoxyiftrpphhbwliz.supabase.co/storage/v1/object/public/floor_diagrams/SCIENCE_F2.png', N'2024-10-08 16:04:27'),
(N'0E762564-0064-48C1-BA71-5EC0944A712C', N'8BE2116C-800C-4EE9-84A4-EAB2BBED07B9', 3, N'https://ilzhoxyiftrpphhbwliz.supabase.co/storage/v1/object/public/floor_diagrams/SCIENCE_F3.png', N'2020-10-05 16:04:27'),
(N'A314F716-45F0-4C63-82C5-ECAB767E6E21', N'8BE2116C-800C-4EE9-84A4-EAB2BBED07B9', 4, N'https://ilzhoxyiftrpphhbwliz.supabase.co/storage/v1/object/public/floor_diagrams/SCIENCE_F4.png', N'2022-03-11 16:04:27'),
(N'0BE73E7B-99BF-4CF9-B6FE-E9E73A4A67F2', N'8BE2116C-800C-4EE9-84A4-EAB2BBED07B9', 5, N'https://ilzhoxyiftrpphhbwliz.supabase.co/storage/v1/object/public/floor_diagrams/SCIENCE_F5.png', N'2023-05-05 16:04:27'),
(N'BEA82C1B-7FB9-421B-B0C5-FD10185E079C', N'3855B0D5-563F-482E-82AF-64F213D5C0E0', 1, N'https://ilzhoxyiftrpphhbwliz.supabase.co/storage/v1/object/public/floor_diagrams/LIBRARY_F1.png', N'2021-03-01 16:04:27'),
(N'B0FA80B5-86E8-46A8-977F-88DBFE4534EE', N'3855B0D5-563F-482E-82AF-64F213D5C0E0', 2, N'https://ilzhoxyiftrpphhbwliz.supabase.co/storage/v1/object/public/floor_diagrams/LIBRARY_F2.png', N'2025-06-02 16:04:27'),
(N'A3609379-B8D0-49EE-B05F-348894EDC1E5', N'3855B0D5-563F-482E-82AF-64F213D5C0E0', 3, N'https://ilzhoxyiftrpphhbwliz.supabase.co/storage/v1/object/public/floor_diagrams/LIBRARY_F3.png', N'2022-06-14 16:04:27'),
(N'C08EAD56-02A0-41FE-9B69-5679B17EB173', N'3855B0D5-563F-482E-82AF-64F213D5C0E0', 4, N'https://ilzhoxyiftrpphhbwliz.supabase.co/storage/v1/object/public/floor_diagrams/LIBRARY_F4.png', N'2021-12-03 16:04:27'),
(N'B70AA89C-AA01-468A-8F99-107B586BE480', N'3855B0D5-563F-482E-82AF-64F213D5C0E0', 5, N'https://ilzhoxyiftrpphhbwliz.supabase.co/storage/v1/object/public/floor_diagrams/LIBRARY_F5.png', N'2023-11-15 16:04:27');

INSERT INTO room (room_id, floor_id, room_code, room_name, room_type, created_at) VALUES
(N'0F8223D8-2663-448B-B4C7-E7D889B25136', N'5301B7AC-1D0B-4DE9-BBE5-1A36BC26A095', N'101', N'Software Lab', N'Lab', N'2022-10-07 16:04:27'),
(N'120026CF-5900-4F63-8339-3566A7F87856', N'5301B7AC-1D0B-4DE9-BBE5-1A36BC26A095', N'102', N'Hall', N'Lecture Hall', N'2020-03-03 16:04:27'),
(N'6918AFED-A6D5-4DF3-9791-AEFFF5062AF3', N'5301B7AC-1D0B-4DE9-BBE5-1A36BC26A095', N'103', N'Study Area', N'Library', N'2020-12-20 16:04:27'),
(N'21CAB82A-F676-418D-9E69-4DE4CE40A14D', N'5301B7AC-1D0B-4DE9-BBE5-1A36BC26A095', N'104', N'Men''''s', N'Restroom', N'2024-02-29 16:04:27'),
(N'5049FF0E-D438-4F0A-BE6B-E74594EE078C', N'5301B7AC-1D0B-4DE9-BBE5-1A36BC26A095', N'105', N'Women''''s', N'Restroom', N'2020-11-30 16:04:27'),
(N'2C2501F8-A61F-4188-9DD4-C261CC52AA7F', N'5301B7AC-1D0B-4DE9-BBE5-1A36BC26A095', N'106', N'Office', N'Office', N'2023-05-22 16:04:27'),
(N'CFCC8FED-A4EA-4AED-8B90-7BAC341F2161', N'5301B7AC-1D0B-4DE9-BBE5-1A36BC26A095', N'107', N'Classroom', N'Lecture Hall', N'2024-11-04 16:04:27'),
(N'D6B122F6-3847-4769-AAD0-625883B67547', N'5301B7AC-1D0B-4DE9-BBE5-1A36BC26A095', N'108', N'Computer Lab', N'Lab', N'2023-03-24 16:04:27'),
(N'B7A01359-B9BB-4FD5-938A-A7CCBC9D0FC3', N'5301B7AC-1D0B-4DE9-BBE5-1A36BC26A095', N'109', N'Supply Room', N'Storage', N'2022-01-24 16:04:27'),
(N'2636CB37-29E8-44A0-A16D-84275A60D839', N'5301B7AC-1D0B-4DE9-BBE5-1A36BC26A095', N'110', N'Hall', N'Lecture Hall', N'2023-04-07 16:04:27'),
(N'2B452BB0-BF51-498D-8AAF-953E46578F5D', N'5301B7AC-1D0B-4DE9-BBE5-1A36BC26A095', N'111', N'Common Area', N'Lounge', N'2022-06-09 16:04:27'),
(N'636C6748-A27E-4593-820F-1DA3208A9DE8', N'5301B7AC-1D0B-4DE9-BBE5-1A36BC26A095', N'112', N'Reading Room', N'Library', N'2021-02-17 16:04:27'),
(N'D6BCB6AD-360D-4FA8-A515-1BDC35C5D943', N'2D4DE3D6-C8C7-4E77-933A-D781018B0F2B', N'201', N'Lecture Hall', N'Lecture Hall', N'2020-10-05 16:04:27'),
(N'8245DF31-DCCD-4B87-9A71-AEAF81A0C0EE', N'2D4DE3D6-C8C7-4E77-933A-D781018B0F2B', N'202', N'Hardware Lab', N'Lab', N'2022-10-03 16:04:27'),
(N'2EBDC7E8-2D80-4104-B1CF-DCF38DB43700', N'2D4DE3D6-C8C7-4E77-933A-D781018B0F2B', N'203', N'Men''''s', N'Restroom', N'2023-08-07 16:04:27'),
(N'47F2CA43-9A1C-40D2-BDB4-B94137D9A9AC', N'2D4DE3D6-C8C7-4E77-933A-D781018B0F2B', N'204', N'Women''''s', N'Restroom', N'2020-01-03 16:04:27'),
(N'2599E322-DBBD-4892-81D9-54F41BDB90FA', N'2D4DE3D6-C8C7-4E77-933A-D781018B0F2B', N'205', N'Library', N'Library', N'2020-01-26 16:04:27'),
(N'AB36E26D-E1A7-403F-BAB5-B48FE2967C5F', N'2D4DE3D6-C8C7-4E77-933A-D781018B0F2B', N'206', N'Faculty Office', N'Office', N'2020-06-07 16:04:27'),
(N'B9EB076E-3385-4A55-B75D-C0DC8BF77EA6', N'2D4DE3D6-C8C7-4E77-933A-D781018B0F2B', N'207', N'Auditorium', N'Lecture Hall', N'2020-12-21 16:04:27'),
(N'B5F11EF8-EF94-4FE3-8DBF-1071D86F0A0A', N'2D4DE3D6-C8C7-4E77-933A-D781018B0F2B', N'208', N'Programming Lab', N'Lab', N'2022-02-20 16:04:27'),
(N'C787B209-1F02-4247-8A1A-AD1300D444C5', N'2D4DE3D6-C8C7-4E77-933A-D781018B0F2B', N'209', N'Break Room', N'Lounge', N'2023-08-25 16:04:27'),
(N'2A993514-1E8D-40CE-9A65-44DBC23B4E7E', N'2D4DE3D6-C8C7-4E77-933A-D781018B0F2B', N'210', N'Storage Room', N'Storage', N'2020-09-25 16:04:27'),
(N'D4B9AD4B-934F-4A43-BF7B-C42892E3640E', N'2D4DE3D6-C8C7-4E77-933A-D781018B0F2B', N'211', N'Hall', N'Lecture Hall', N'2023-03-03 16:04:27'),
(N'2BA89D0D-5004-48F3-A205-314D5F0A4756', N'2D4DE3D6-C8C7-4E77-933A-D781018B0F2B', N'212', N'Reference Section', N'Library', N'2021-09-01 16:04:27'),
(N'0946755C-0A71-4617-9BEE-C9D6FAA34EA7', N'2D4DE3D6-C8C7-4E77-933A-D781018B0F2B', N'213', N'Software Lab', N'Lab', N'2022-07-31 16:04:27'),
(N'34EE7653-8E39-4B3A-AA86-548DEBE30643', N'A8B5DBD6-8C03-457A-9C00-32555B880A8B', N'301', N'Programming Lab', N'Lab', N'2025-01-29 16:04:27'),
(N'922F4C3C-BFB0-436A-AA84-D04466CDB4A7', N'A8B5DBD6-8C03-457A-9C00-32555B880A8B', N'302', N'Hall', N'Lecture Hall', N'2024-12-20 16:04:27'),
(N'9FF622A3-FDF3-4D78-A281-A29CE8AF7DBF', N'A8B5DBD6-8C03-457A-9C00-32555B880A8B', N'303', N'Reading Room', N'Library', N'2020-05-04 16:04:27'),
(N'4F823290-8F0F-4FE8-8F8E-F9C9B70C00A0', N'A8B5DBD6-8C03-457A-9C00-32555B880A8B', N'304', N'Men''''s', N'Restroom', N'2025-05-21 16:04:27'),
(N'B9FEA77A-ECDE-4C8C-AE8E-E6F0C4101A33', N'A8B5DBD6-8C03-457A-9C00-32555B880A8B', N'305', N'Women''''s', N'Restroom', N'2022-01-04 16:04:27'),
(N'16E18F98-61CE-44DC-907F-661540DE1295', N'A8B5DBD6-8C03-457A-9C00-32555B880A8B', N'306', N'Supply Room', N'Storage', N'2021-06-02 16:04:27'),
(N'29F47D9D-0711-40A6-8D9B-623D91BFD4ED', N'A8B5DBD6-8C03-457A-9C00-32555B880A8B', N'307', N'Programming Lab', N'Lab', N'2021-11-23 16:04:27'),
(N'F1EECFF3-2030-4704-A34C-448CABBD796A', N'A8B5DBD6-8C03-457A-9C00-32555B880A8B', N'308', N'Faculty Office', N'Office', N'2020-02-23 16:04:27'),
(N'BAA09090-1DBD-4244-8A04-3D1FCDEDC90D', N'A8B5DBD6-8C03-457A-9C00-32555B880A8B', N'309', N'Lecture Hall', N'Lecture Hall', N'2023-04-29 16:04:27'),
(N'54562502-8468-47AA-97DB-28EDA2D99210', N'A8B5DBD6-8C03-457A-9C00-32555B880A8B', N'310', N'Break Room', N'Lounge', N'2024-03-17 16:04:27'),
(N'0FAC18F7-2EE7-4C24-98D5-EDB1BF81B67E', N'A8B5DBD6-8C03-457A-9C00-32555B880A8B', N'311', N'Lecture Hall', N'Lecture Hall', N'2020-08-24 16:04:27'),
(N'CCD3437C-2A55-4072-8179-7BED44B01D9D', N'A8B5DBD6-8C03-457A-9C00-32555B880A8B', N'312', N'Library', N'Library', N'2024-06-15 16:04:27'),
(N'CB06703B-018F-4B6E-AAAC-47FF0E2CCC32', N'A8B5DBD6-8C03-457A-9C00-32555B880A8B', N'313', N'Hardware Lab', N'Lab', N'2022-01-20 16:04:27'),
(N'36F7E7E9-86B7-4E05-9BC8-C9A8EA1CC44C', N'4D1D5010-03B3-43BE-A795-0BF2508E1D0D', N'401', N'Study Area', N'Library', N'2023-11-03 16:04:27'),
(N'28B2CF43-3764-498C-993E-A53024F343EB', N'4D1D5010-03B3-43BE-A795-0BF2508E1D0D', N'402', N'Classroom', N'Lecture Hall', N'2023-03-30 16:04:27'),
(N'9D1D3EB6-3EA2-4CB3-BCD5-A5F549CE0645', N'4D1D5010-03B3-43BE-A795-0BF2508E1D0D', N'403', N'Hardware Lab', N'Lab', N'2020-03-03 16:04:27'),
(N'5EEB43B5-3434-41C7-97CF-C9D6E7BF0B91', N'4D1D5010-03B3-43BE-A795-0BF2508E1D0D', N'404', N'Men''''s', N'Restroom', N'2021-11-15 16:04:27'),
(N'09040A66-3C72-4782-B824-220CF46CADD1', N'4D1D5010-03B3-43BE-A795-0BF2508E1D0D', N'405', N'Women''''s', N'Restroom', N'2021-10-05 16:04:27'),
(N'29F16EF9-D783-4145-800F-6553F5833529', N'4D1D5010-03B3-43BE-A795-0BF2508E1D0D', N'406', N'Office', N'Office', N'2020-05-22 16:04:27'),
(N'0655DA47-2054-45C6-8453-30D6E95474C5', N'4D1D5010-03B3-43BE-A795-0BF2508E1D0D', N'407', N'Lecture Hall', N'Lecture Hall', N'2024-06-27 16:04:27'),
(N'AE8A6E82-E4A3-434E-89A5-37422D015458', N'4D1D5010-03B3-43BE-A795-0BF2508E1D0D', N'408', N'Hardware Lab', N'Lab', N'2025-01-11 16:04:27'),
(N'5B8432FD-C520-4E5C-A036-BDD5018A1EFA', N'4D1D5010-03B3-43BE-A795-0BF2508E1D0D', N'409', N'Recreation Room', N'Lounge', N'2020-02-04 16:04:27'),
(N'65AC9ACF-F1CC-462B-AD03-FD8000642791', N'4D1D5010-03B3-43BE-A795-0BF2508E1D0D', N'410', N'Auditorium', N'Lecture Hall', N'2020-03-14 16:04:27'),
(N'D50B606C-164F-4C68-AAA8-F98AF8B8FF7B', N'4D1D5010-03B3-43BE-A795-0BF2508E1D0D', N'411', N'Study Area', N'Library', N'2023-08-18 16:04:27'),
(N'EFDAE3DF-E8D9-4B04-8F56-251569EF6788', N'4D1D5010-03B3-43BE-A795-0BF2508E1D0D', N'412', N'Storage Room', N'Storage', N'2020-08-26 16:04:27'),
(N'D8206770-3299-4AAC-BA89-ABF9D1D4B3B0', N'8397E830-5B15-47E9-A203-A55A40DC34D1', N'501', N'Library', N'Library', N'2021-11-23 16:04:27'),
(N'1AC1918A-4D9A-4114-BB65-621EA628A849', N'8397E830-5B15-47E9-A203-A55A40DC34D1', N'502', N'Lecture Hall', N'Lecture Hall', N'2024-02-07 16:04:27'),
(N'938EDDFE-7919-4B99-AA26-4A029BD7FB14', N'8397E830-5B15-47E9-A203-A55A40DC34D1', N'503', N'Software Lab', N'Lab', N'2022-04-18 16:04:27'),
(N'E3E454FB-C7E0-4A6E-A930-D94B06B2BAEC', N'8397E830-5B15-47E9-A203-A55A40DC34D1', N'504', N'Men''''s', N'Restroom', N'2024-01-24 16:04:27'),
(N'C7E695DA-79D0-4AA6-B2F6-2646A23ED2B3', N'8397E830-5B15-47E9-A203-A55A40DC34D1', N'505', N'Women''''s', N'Restroom', N'2024-09-21 16:04:27'),
(N'AED91D20-B2CD-488E-AF1D-E05EFEDDCE29', N'8397E830-5B15-47E9-A203-A55A40DC34D1', N'506', N'Staff Office', N'Office', N'2020-06-12 16:04:27'),
(N'DB733E8C-78BB-47E0-B8AC-5D232F550B62', N'8397E830-5B15-47E9-A203-A55A40DC34D1', N'507', N'Classroom', N'Lecture Hall', N'2023-01-25 16:04:27'),
(N'0B0F5614-49E8-4824-8C6E-4036651B2036', N'8397E830-5B15-47E9-A203-A55A40DC34D1', N'508', N'Software Lab', N'Lab', N'2022-08-24 16:04:27'),
(N'092AEEF7-DC62-46AD-A71E-6280B42F9812', N'8397E830-5B15-47E9-A203-A55A40DC34D1', N'509', N'Student Lounge', N'Lounge', N'2022-12-10 16:04:27'),
(N'D3AB9CEE-8AEA-4111-B623-7E9FAD543CC4', N'8397E830-5B15-47E9-A203-A55A40DC34D1', N'510', N'Classroom', N'Lecture Hall', N'2022-02-03 16:04:27'),
(N'F799C27D-A18C-4F91-B502-8991FEB05B6B', N'8397E830-5B15-47E9-A203-A55A40DC34D1', N'511', N'Reading Room', N'Library', N'2022-09-25 16:04:27'),
(N'39373708-9E17-45DF-9A62-A046CF05EED1', N'8397E830-5B15-47E9-A203-A55A40DC34D1', N'512', N'Supply Room', N'Storage', N'2025-04-21 16:04:27'),
(N'D1B26D63-C8B7-4C77-8D55-07B5B42F1805', N'B3ED2E3D-153F-4989-A9A6-6F8B3F8E1671', N'101', N'Computer Lab', N'Lab', N'2020-09-11 16:04:27'),
(N'C603B25B-6E9C-4F05-BB5A-F68D3EE3C1A0', N'B3ED2E3D-153F-4989-A9A6-6F8B3F8E1671', N'102', N'Lecture Hall', N'Lecture Hall', N'2024-10-14 16:04:27'),
(N'B6D81533-CDD7-467F-AB26-BA3D0D5B58FE', N'B3ED2E3D-153F-4989-A9A6-6F8B3F8E1671', N'103', N'Library', N'Library', N'2023-08-17 16:04:27'),
(N'3D1F2CFC-3400-44FC-8040-53470CAA12C8', N'B3ED2E3D-153F-4989-A9A6-6F8B3F8E1671', N'104', N'Men''''s', N'Restroom', N'2023-12-04 16:04:27'),
(N'D3DF44B4-B0E5-497A-B7FB-30F90BEC715A', N'B3ED2E3D-153F-4989-A9A6-6F8B3F8E1671', N'105', N'Women''''s', N'Restroom', N'2022-01-24 16:04:27'),
(N'C7DC138C-80B1-4CCB-AF91-AB697C012254', N'B3ED2E3D-153F-4989-A9A6-6F8B3F8E1671', N'106', N'Faculty Office', N'Office', N'2024-02-07 16:04:27'),
(N'CEA67865-F54E-4768-BA1C-D1511B064421', N'B3ED2E3D-153F-4989-A9A6-6F8B3F8E1671', N'107', N'Classroom', N'Lecture Hall', N'2020-10-01 16:04:27'),
(N'EA48045E-5131-4331-A401-CF876E2D3F06', N'B3ED2E3D-153F-4989-A9A6-6F8B3F8E1671', N'108', N'Software Lab', N'Lab', N'2024-07-11 16:04:27'),
(N'FC9A027F-DDBE-4FC5-9599-9C8BCE0D914D', N'B3ED2E3D-153F-4989-A9A6-6F8B3F8E1671', N'109', N'Supply Room', N'Storage', N'2022-12-29 16:04:27'),
(N'09205A7B-7A83-4565-9BD7-8B7750CEC0F4', N'B3ED2E3D-153F-4989-A9A6-6F8B3F8E1671', N'110', N'Auditorium', N'Lecture Hall', N'2023-11-09 16:04:27'),
(N'1311CB67-5CB6-40B6-AF38-27000659F68C', N'B3ED2E3D-153F-4989-A9A6-6F8B3F8E1671', N'111', N'Common Area', N'Lounge', N'2023-12-23 16:04:27'),
(N'2FA14D10-7448-4C1D-9E49-8707B53CA279', N'B3ED2E3D-153F-4989-A9A6-6F8B3F8E1671', N'112', N'Reading Room', N'Library', N'2023-09-09 16:04:27'),
(N'8A91B935-954C-4E05-A68F-87E6155C7BC3', N'820AAC4C-0F11-4CCA-B5F6-A1D52383CDC8', N'201', N'Hall', N'Lecture Hall', N'2023-11-10 16:04:27'),
(N'BE99DB55-2199-45F1-9034-2EB6856C2C8C', N'820AAC4C-0F11-4CCA-B5F6-A1D52383CDC8', N'202', N'Computer Lab', N'Lab', N'2022-09-20 16:04:27'),
(N'5EE76C74-5E2D-4DC4-A05E-63145196A9A4', N'820AAC4C-0F11-4CCA-B5F6-A1D52383CDC8', N'203', N'Men''''s', N'Restroom', N'2022-04-13 16:04:27'),
(N'1FE87F8D-FE0F-46E9-ABED-ABC15A76CF81', N'820AAC4C-0F11-4CCA-B5F6-A1D52383CDC8', N'204', N'Women''''s', N'Restroom', N'2020-05-17 16:04:27'),
(N'ACABCFF4-38E5-4AA7-B102-F0DC60DB422E', N'820AAC4C-0F11-4CCA-B5F6-A1D52383CDC8', N'205', N'Reference Section', N'Library', N'2023-06-01 16:04:27'),
(N'EFDBC026-A449-44BC-AD39-33B77749DE10', N'820AAC4C-0F11-4CCA-B5F6-A1D52383CDC8', N'206', N'Faculty Office', N'Office', N'2020-11-30 16:04:27'),
(N'D4409123-F1FB-428B-8F22-A66752CF4BEC', N'820AAC4C-0F11-4CCA-B5F6-A1D52383CDC8', N'207', N'Classroom', N'Lecture Hall', N'2020-01-29 16:04:27'),
(N'2E94DAE2-382D-497F-B775-2B078E025579', N'820AAC4C-0F11-4CCA-B5F6-A1D52383CDC8', N'208', N'Hardware Lab', N'Lab', N'2024-10-11 16:04:27'),
(N'04C036BC-548F-4667-987B-2FE1523B6C43', N'820AAC4C-0F11-4CCA-B5F6-A1D52383CDC8', N'209', N'Student Lounge', N'Lounge', N'2021-10-10 16:04:27'),
(N'3FA6BAC3-CE7E-4687-A74F-8089D70D8864', N'820AAC4C-0F11-4CCA-B5F6-A1D52383CDC8', N'210', N'Supply Room', N'Storage', N'2023-11-10 16:04:27'),
(N'CDC5F5D6-FF19-4340-AFF5-974F3ECF054B', N'820AAC4C-0F11-4CCA-B5F6-A1D52383CDC8', N'211', N'Lecture Hall', N'Lecture Hall', N'2024-02-02 16:04:27'),
(N'7840BEB8-42F6-42A8-982F-40770ADF3568', N'820AAC4C-0F11-4CCA-B5F6-A1D52383CDC8', N'212', N'Study Area', N'Library', N'2024-05-04 16:04:27'),
(N'0B7EE3B8-0304-4584-AA8D-3A0B44AC3F4C', N'820AAC4C-0F11-4CCA-B5F6-A1D52383CDC8', N'213', N'Software Lab', N'Lab', N'2024-12-28 16:04:27'),
(N'8C6F085D-39D9-4AC6-888D-695F0C41D162', N'0E762564-0064-48C1-BA71-5EC0944A712C', N'301', N'Software Lab', N'Lab', N'2022-03-27 16:04:27'),
(N'FF3839DA-C452-43FE-A540-1D0C76273A02', N'0E762564-0064-48C1-BA71-5EC0944A712C', N'302', N'Classroom', N'Lecture Hall', N'2024-11-09 16:04:27'),
(N'1164BBDB-717B-4E5D-A5FA-B1D198FCAC4D', N'0E762564-0064-48C1-BA71-5EC0944A712C', N'303', N'Library', N'Library', N'2020-12-24 16:04:27'),
(N'F0B0FCA7-615C-4275-A55B-967F9D5C427A', N'0E762564-0064-48C1-BA71-5EC0944A712C', N'304', N'Men''''s', N'Restroom', N'2021-10-25 16:04:27'),
(N'838B1FFE-B055-45D1-B822-5D041C97442C', N'0E762564-0064-48C1-BA71-5EC0944A712C', N'305', N'Women''''s', N'Restroom', N'2022-01-12 16:04:27'),
(N'029865E5-06CA-4A37-B1B9-130C42D627C0', N'0E762564-0064-48C1-BA71-5EC0944A712C', N'306', N'Equipment Storage', N'Storage', N'2021-09-24 16:04:27'),
(N'82635942-9D26-43EF-8B6C-C7DF5AD738E8', N'0E762564-0064-48C1-BA71-5EC0944A712C', N'307', N'IT Lab', N'Lab', N'2024-11-30 16:04:27'),
(N'FB969B66-EC83-4729-9068-B9C5284182AD', N'0E762564-0064-48C1-BA71-5EC0944A712C', N'308', N'Staff Office', N'Office', N'2023-10-01 16:04:27'),
(N'A6079730-260C-40B4-9667-A5AE95D5487B', N'0E762564-0064-48C1-BA71-5EC0944A712C', N'309', N'Lecture Hall', N'Lecture Hall', N'2020-05-18 16:04:27'),
(N'F1852B82-9E99-404C-877D-C905ECAC2767', N'0E762564-0064-48C1-BA71-5EC0944A712C', N'310', N'Common Area', N'Lounge', N'2020-02-15 16:04:27'),
(N'3C41F4DB-BED0-4AAF-89AA-794B18AD05E9', N'0E762564-0064-48C1-BA71-5EC0944A712C', N'311', N'Lecture Hall', N'Lecture Hall', N'2024-07-03 16:04:27'),
(N'B966D286-4F74-4E36-899C-99EBB8ACEE83', N'0E762564-0064-48C1-BA71-5EC0944A712C', N'312', N'Library', N'Library', N'2023-05-04 16:04:27'),
(N'093798B4-813F-40D3-BB34-0212AA584BA1', N'0E762564-0064-48C1-BA71-5EC0944A712C', N'313', N'Hardware Lab', N'Lab', N'2023-11-07 16:04:27'),
(N'C50DC4C0-829A-494E-9D83-D0B9DB5F9C9A', N'A314F716-45F0-4C63-82C5-ECAB767E6E21', N'401', N'Reading Room', N'Library', N'2021-10-08 16:04:27'),
(N'EC15566F-7414-4B04-AC5D-BA8313FA4FB8', N'A314F716-45F0-4C63-82C5-ECAB767E6E21', N'402', N'Lecture Hall', N'Lecture Hall', N'2021-03-27 16:04:27'),
(N'40300B16-DAE6-4D29-B349-ADF56D2EC24D', N'A314F716-45F0-4C63-82C5-ECAB767E6E21', N'403', N'Software Lab', N'Lab', N'2021-11-10 16:04:27'),
(N'A3845EC7-7F39-4C8A-8698-6CE1C398341B', N'A314F716-45F0-4C63-82C5-ECAB767E6E21', N'404', N'Men''''s', N'Restroom', N'2021-12-20 16:04:27'),
(N'62241F98-AE7A-40DA-8316-48F7C68C6789', N'A314F716-45F0-4C63-82C5-ECAB767E6E21', N'405', N'Women''''s', N'Restroom', N'2024-07-06 16:04:27'),
(N'69B47A76-41EC-491F-8A94-471F536EC544', N'A314F716-45F0-4C63-82C5-ECAB767E6E21', N'406', N'Staff Office', N'Office', N'2022-04-20 16:04:27'),
(N'7D2E85EC-5967-48BA-8B7C-E9F51AD438DA', N'A314F716-45F0-4C63-82C5-ECAB767E6E21', N'407', N'Hall', N'Lecture Hall', N'2020-03-14 16:04:27'),
(N'33F8176E-7E63-4CBB-BD3B-30C494F4F594', N'A314F716-45F0-4C63-82C5-ECAB767E6E21', N'408', N'Hardware Lab', N'Lab', N'2023-10-21 16:04:27'),
(N'CB34E197-2E20-40A1-ACD0-9FB4BF2E650D', N'A314F716-45F0-4C63-82C5-ECAB767E6E21', N'409', N'Student Lounge', N'Lounge', N'2022-07-06 16:04:27'),
(N'5AEB60DA-9F1C-4520-AFF3-3830225CF976', N'A314F716-45F0-4C63-82C5-ECAB767E6E21', N'410', N'Hall', N'Lecture Hall', N'2024-06-19 16:04:27'),
(N'6306BC2E-11EB-4EA5-8F20-5D47435B7014', N'A314F716-45F0-4C63-82C5-ECAB767E6E21', N'411', N'Study Area', N'Library', N'2021-10-08 16:04:27'),
(N'8C949231-AE08-4A03-A96A-E54657E4401F', N'A314F716-45F0-4C63-82C5-ECAB767E6E21', N'412', N'Storage Room', N'Storage', N'2024-11-08 16:04:27'),
(N'ED885732-6274-43FE-AA6E-DAB217B66B6C', N'0BE73E7B-99BF-4CF9-B6FE-E9E73A4A67F2', N'501', N'Reference Section', N'Library', N'2023-07-26 16:04:27'),
(N'06056143-BFFB-457B-939E-CBB32D412DD8', N'0BE73E7B-99BF-4CF9-B6FE-E9E73A4A67F2', N'502', N'Classroom', N'Lecture Hall', N'2020-02-28 16:04:27'),
(N'8FEEC38A-EA44-4EAF-A28D-58203DE714D3', N'0BE73E7B-99BF-4CF9-B6FE-E9E73A4A67F2', N'503', N'Software Lab', N'Lab', N'2021-11-30 16:04:27'),
(N'54ECCB49-1953-4D90-A09B-4F84EF733C1A', N'0BE73E7B-99BF-4CF9-B6FE-E9E73A4A67F2', N'504', N'Men''''s', N'Restroom', N'2020-10-02 16:04:27'),
(N'77FE1B77-0C38-45FE-9A17-81C472BBC1CF', N'0BE73E7B-99BF-4CF9-B6FE-E9E73A4A67F2', N'505', N'Women''''s', N'Restroom', N'2023-09-20 16:04:27'),
(N'E194A079-3BAB-411A-8251-ACFC96853C39', N'0BE73E7B-99BF-4CF9-B6FE-E9E73A4A67F2', N'506', N'Faculty Office', N'Office', N'2020-01-03 16:04:27'),
(N'5656E602-2D2F-4479-BE6E-D0FE721FE638', N'0BE73E7B-99BF-4CF9-B6FE-E9E73A4A67F2', N'507', N'Auditorium', N'Lecture Hall', N'2022-09-08 16:04:27'),
(N'446EEE5B-5B37-40CA-9191-8BEAB8E939C1', N'0BE73E7B-99BF-4CF9-B6FE-E9E73A4A67F2', N'508', N'Programming Lab', N'Lab', N'2024-10-04 16:04:27'),
(N'29FA2358-AC2F-4138-BE2B-7B2F2D234BA6', N'0BE73E7B-99BF-4CF9-B6FE-E9E73A4A67F2', N'509', N'Common Area', N'Lounge', N'2022-10-11 16:04:27'),
(N'E0348A08-B204-421D-96A2-F661B63AA8C4', N'0BE73E7B-99BF-4CF9-B6FE-E9E73A4A67F2', N'510', N'Hall', N'Lecture Hall', N'2023-02-10 16:04:27'),
(N'C33BD388-F075-483A-88B9-4260B07F8E31', N'0BE73E7B-99BF-4CF9-B6FE-E9E73A4A67F2', N'511', N'Reading Room', N'Library', N'2020-02-24 16:04:27'),
(N'6CD7B124-1535-4383-8F5A-999B9A78228E', N'0BE73E7B-99BF-4CF9-B6FE-E9E73A4A67F2', N'512', N'Storage Room', N'Storage', N'2023-10-22 16:04:27'),
(N'3464ABC7-7785-423A-9F2E-4B0DC272AB58', N'BEA82C1B-7FB9-421B-B0C5-FD10185E079C', N'101', N'Hardware Lab', N'Lab', N'2024-03-16 16:04:27'),
(N'9C03D5EF-414F-40DF-B5B7-71D5EF664416', N'BEA82C1B-7FB9-421B-B0C5-FD10185E079C', N'102', N'Hall', N'Lecture Hall', N'2021-01-21 16:04:27'),
(N'B7A03919-CA74-427C-AFA3-8852B367DB50', N'BEA82C1B-7FB9-421B-B0C5-FD10185E079C', N'103', N'Reference Section', N'Library', N'2025-05-18 16:04:27'),
(N'FED11E82-03B3-4DF1-831E-96ECE6448408', N'BEA82C1B-7FB9-421B-B0C5-FD10185E079C', N'104', N'Men''''s', N'Restroom', N'2023-04-20 16:04:27'),
(N'6BDF7AD1-A36D-4635-A516-8BD947C92A79', N'BEA82C1B-7FB9-421B-B0C5-FD10185E079C', N'105', N'Women''''s', N'Restroom', N'2021-08-23 16:04:27'),
(N'EDAE20FA-F463-4640-BA7A-41C28C4D6326', N'BEA82C1B-7FB9-421B-B0C5-FD10185E079C', N'106', N'Office', N'Office', N'2025-06-20 16:04:27'),
(N'C6B8A294-BBAB-44DF-BF13-BB8A79323D40', N'BEA82C1B-7FB9-421B-B0C5-FD10185E079C', N'107', N'Classroom', N'Lecture Hall', N'2023-09-13 16:04:27'),
(N'D72643CD-3FEE-4B3D-B814-37DCCD1CB666', N'BEA82C1B-7FB9-421B-B0C5-FD10185E079C', N'108', N'Programming Lab', N'Lab', N'2020-05-09 16:04:27'),
(N'07ECA08D-7FE7-4DCA-A347-06BCADE4898F', N'BEA82C1B-7FB9-421B-B0C5-FD10185E079C', N'109', N'Equipment Storage', N'Storage', N'2021-08-15 16:04:27'),
(N'59888C5D-0295-438F-8B9D-F407EE8A15EB', N'BEA82C1B-7FB9-421B-B0C5-FD10185E079C', N'110', N'Auditorium', N'Lecture Hall', N'2025-06-19 16:04:27'),
(N'C466B8E2-D6FE-4E8E-BF20-BB8FB4607981', N'BEA82C1B-7FB9-421B-B0C5-FD10185E079C', N'111', N'Student Lounge', N'Lounge', N'2020-03-04 16:04:27'),
(N'1851C046-D6C5-4806-9160-A249BA720C4A', N'BEA82C1B-7FB9-421B-B0C5-FD10185E079C', N'112', N'Reading Room', N'Library', N'2021-08-09 16:04:27'),
(N'229E29A6-060F-4073-864D-AB5997EB81F0', N'B0FA80B5-86E8-46A8-977F-88DBFE4534EE', N'201', N'Hall', N'Lecture Hall', N'2023-01-21 16:04:27'),
(N'C70A261B-1FF8-4791-B3BE-1BB5C9F5DC99', N'B0FA80B5-86E8-46A8-977F-88DBFE4534EE', N'202', N'IT Lab', N'Lab', N'2020-12-21 16:04:27'),
(N'41BD46E2-5E7D-4A85-8E4C-6B07ABA83526', N'B0FA80B5-86E8-46A8-977F-88DBFE4534EE', N'203', N'Men''''s', N'Restroom', N'2022-02-11 16:04:27'),
(N'4ABADFDE-8B58-4A87-A1BB-45ED5C904732', N'B0FA80B5-86E8-46A8-977F-88DBFE4534EE', N'204', N'Women''''s', N'Restroom', N'2024-08-17 16:04:27'),
(N'6A9F3E5F-F3D3-4037-AC30-4F0D010388CD', N'B0FA80B5-86E8-46A8-977F-88DBFE4534EE', N'205', N'Library', N'Library', N'2022-09-03 16:04:27'),
(N'A7736316-A0B0-4226-A940-CF091C3AC576', N'B0FA80B5-86E8-46A8-977F-88DBFE4534EE', N'206', N'Faculty Office', N'Office', N'2024-11-27 16:04:27'),
(N'980F16E5-C99B-4951-8651-16F5A10D6826', N'B0FA80B5-86E8-46A8-977F-88DBFE4534EE', N'207', N'Classroom', N'Lecture Hall', N'2021-03-22 16:04:27'),
(N'9255AF97-3DA3-46CB-B26C-58D11D97C7AE', N'B0FA80B5-86E8-46A8-977F-88DBFE4534EE', N'208', N'Software Lab', N'Lab', N'2025-02-23 16:04:27'),
(N'E2856E2B-1B81-48A5-AAD6-37C5CC8FB34B', N'B0FA80B5-86E8-46A8-977F-88DBFE4534EE', N'209', N'Student Lounge', N'Lounge', N'2025-03-12 16:04:27'),
(N'C4F84245-C6FF-47CD-9C84-908B788E3BB1', N'B0FA80B5-86E8-46A8-977F-88DBFE4534EE', N'210', N'Equipment Storage', N'Storage', N'2023-04-14 16:04:27'),
(N'B07D267D-0AB7-4A78-B52A-01EC59EEE54B', N'B0FA80B5-86E8-46A8-977F-88DBFE4534EE', N'211', N'Auditorium', N'Lecture Hall', N'2024-04-15 16:04:27'),
(N'3386D937-9F8D-43C9-8DB4-74D43230E131', N'B0FA80B5-86E8-46A8-977F-88DBFE4534EE', N'212', N'Reading Room', N'Library', N'2021-07-24 16:04:27'),
(N'64B6E4C9-B27D-47A3-8F48-B09BC4409D1A', N'B0FA80B5-86E8-46A8-977F-88DBFE4534EE', N'213', N'Programming Lab', N'Lab', N'2022-01-05 16:04:27'),
(N'8C3B33FA-F7EF-4FC8-AD4F-7F2334410322', N'A3609379-B8D0-49EE-B05F-348894EDC1E5', N'301', N'Programming Lab', N'Lab', N'2023-01-19 16:04:27'),
(N'2AC31859-1CB6-4BC0-8C59-54A36DC6D53E', N'A3609379-B8D0-49EE-B05F-348894EDC1E5', N'302', N'Classroom', N'Lecture Hall', N'2025-05-26 16:04:27'),
(N'CF9ADAEC-072A-4211-94A3-B1C0877A9D58', N'A3609379-B8D0-49EE-B05F-348894EDC1E5', N'303', N'Study Area', N'Library', N'2022-11-08 16:04:27'),
(N'E3F20BCC-7DEA-430C-8035-BF799E11ACB2', N'A3609379-B8D0-49EE-B05F-348894EDC1E5', N'304', N'Men''''s', N'Restroom', N'2020-07-02 16:04:27'),
(N'9EB77265-A3E7-473D-8943-FA6D12469677', N'A3609379-B8D0-49EE-B05F-348894EDC1E5', N'305', N'Women''''s', N'Restroom', N'2022-10-05 16:04:27'),
(N'710758C0-4459-4129-93A0-32E921BD28A3', N'A3609379-B8D0-49EE-B05F-348894EDC1E5', N'306', N'Equipment Storage', N'Storage', N'2024-06-11 16:04:27'),
(N'42669772-AAFF-4C02-917E-46AF3BF8CABD', N'A3609379-B8D0-49EE-B05F-348894EDC1E5', N'307', N'Programming Lab', N'Lab', N'2025-06-04 16:04:27'),
(N'F26C4D35-43B9-4610-A542-301573035D6D', N'A3609379-B8D0-49EE-B05F-348894EDC1E5', N'308', N'Office', N'Office', N'2021-05-26 16:04:27'),
(N'6A63AB2F-AC13-4BEF-A346-F225A4EA5A56', N'A3609379-B8D0-49EE-B05F-348894EDC1E5', N'309', N'Classroom', N'Lecture Hall', N'2022-01-24 16:04:27'),
(N'6D7DD156-93F7-4B50-B203-AAAEF47593FA', N'A3609379-B8D0-49EE-B05F-348894EDC1E5', N'310', N'Student Lounge', N'Lounge', N'2022-09-03 16:04:27'),
(N'56F29581-AF1F-42DA-B9A4-98FE25142663', N'A3609379-B8D0-49EE-B05F-348894EDC1E5', N'311', N'Auditorium', N'Lecture Hall', N'2021-09-17 16:04:27'),
(N'8FE94897-2CB6-47B2-992B-D43E1D27A0D8', N'A3609379-B8D0-49EE-B05F-348894EDC1E5', N'312', N'Reference Section', N'Library', N'2025-03-10 16:04:27'),
(N'A8C9CF2E-FE0D-4A59-9A20-BBCECACF675B', N'A3609379-B8D0-49EE-B05F-348894EDC1E5', N'313', N'Software Lab', N'Lab', N'2020-02-14 16:04:27'),
(N'93DE7701-31F6-471B-B760-4716436C273D', N'C08EAD56-02A0-41FE-9B69-5679B17EB173', N'401', N'Study Area', N'Library', N'2025-03-22 16:04:27'),
(N'4A508EFA-376C-4B00-8155-4C569021961D', N'C08EAD56-02A0-41FE-9B69-5679B17EB173', N'402', N'Classroom', N'Lecture Hall', N'2022-02-13 16:04:27'),
(N'12AAD28B-54E7-4E60-B021-94013FD294E1', N'C08EAD56-02A0-41FE-9B69-5679B17EB173', N'403', N'Computer Lab', N'Lab', N'2023-04-17 16:04:27'),
(N'5FE7B136-96F8-4834-ADA3-32AD388D9241', N'C08EAD56-02A0-41FE-9B69-5679B17EB173', N'404', N'Men''''s', N'Restroom', N'2021-04-27 16:04:27'),
(N'830E3E19-6B4C-46FF-B1AB-E5DBEC631B2B', N'C08EAD56-02A0-41FE-9B69-5679B17EB173', N'405', N'Women''''s', N'Restroom', N'2020-08-23 16:04:27'),
(N'D77400D9-8546-4746-B2E6-9053055EFA36', N'C08EAD56-02A0-41FE-9B69-5679B17EB173', N'406', N'Faculty Office', N'Office', N'2020-10-03 16:04:27'),
(N'5C783A43-C905-441F-AB8D-CE9E771DE9B0', N'C08EAD56-02A0-41FE-9B69-5679B17EB173', N'407', N'Hall', N'Lecture Hall', N'2022-12-28 16:04:27'),
(N'E6D558BB-2A2B-4926-A9E2-8DC6A4E9B883', N'C08EAD56-02A0-41FE-9B69-5679B17EB173', N'408', N'IT Lab', N'Lab', N'2020-12-03 16:04:27'),
(N'E64DC975-23ED-4431-B0D5-C806735FEF4F', N'C08EAD56-02A0-41FE-9B69-5679B17EB173', N'409', N'Break Room', N'Lounge', N'2025-05-31 16:04:27'),
(N'04DD9DEB-7CC0-4D3A-B0ED-47F0BB2281FB', N'C08EAD56-02A0-41FE-9B69-5679B17EB173', N'410', N'Hall', N'Lecture Hall', N'2020-03-04 16:04:27'),
(N'DEAB3D81-27AC-4B7A-9F69-C002AA5D77EC', N'C08EAD56-02A0-41FE-9B69-5679B17EB173', N'411', N'Study Area', N'Library', N'2022-05-29 16:04:27'),
(N'7B61D3BF-4440-467F-B73B-DCFC73F9C404', N'C08EAD56-02A0-41FE-9B69-5679B17EB173', N'412', N'Equipment Storage', N'Storage', N'2023-03-17 16:04:27'),
(N'574874C7-7E40-4D3E-B2D8-25CED9EB0E27', N'B70AA89C-AA01-468A-8F99-107B586BE480', N'501', N'Study Area', N'Library', N'2020-07-23 16:04:27'),
(N'F28DAF58-1A50-4E1D-BAC2-16D60936D5FD', N'B70AA89C-AA01-468A-8F99-107B586BE480', N'502', N'Hall', N'Lecture Hall', N'2021-07-10 16:04:27'),
(N'1003A368-5CC3-4C87-93D4-15898A812A4C', N'B70AA89C-AA01-468A-8F99-107B586BE480', N'503', N'Hardware Lab', N'Lab', N'2025-01-08 16:04:27'),
(N'17B94431-5A8C-4AE8-968B-D77407AA99F7', N'B70AA89C-AA01-468A-8F99-107B586BE480', N'504', N'Men''''s', N'Restroom', N'2024-05-23 16:04:27'),
(N'8AFB0ABD-BE5C-4F6E-8230-751A3EF7ECEB', N'B70AA89C-AA01-468A-8F99-107B586BE480', N'505', N'Women''''s', N'Restroom', N'2025-05-06 16:04:27'),
(N'0D85FFDE-2AD9-4ACE-94EA-8BE4A5F883C4', N'B70AA89C-AA01-468A-8F99-107B586BE480', N'506', N'Staff Office', N'Office', N'2024-04-19 16:04:27'),
(N'DEF83EA0-E967-4E81-82BB-D8F9F333B966', N'B70AA89C-AA01-468A-8F99-107B586BE480', N'507', N'Classroom', N'Lecture Hall', N'2024-09-30 16:04:27'),
(N'8AA552B4-04DA-40B6-907F-0CCFF4881157', N'B70AA89C-AA01-468A-8F99-107B586BE480', N'508', N'Computer Lab', N'Lab', N'2022-05-12 16:04:27'),
(N'D439C731-A2E2-4E37-A7A9-38235EADEF34', N'B70AA89C-AA01-468A-8F99-107B586BE480', N'509', N'Break Room', N'Lounge', N'2021-12-19 16:04:27'),
(N'7EFE05BA-63C1-4D06-8210-10B43AB0CD49', N'B70AA89C-AA01-468A-8F99-107B586BE480', N'510', N'Hall', N'Lecture Hall', N'2022-02-08 16:04:27'),
(N'F0AA4845-B736-46FD-BDA6-EE4CF13F3315', N'B70AA89C-AA01-468A-8F99-107B586BE480', N'511', N'Reference Section', N'Library', N'2020-09-03 16:04:27'),
(N'FB80F12B-DA27-4855-A949-3C85AE1820AC', N'B70AA89C-AA01-468A-8F99-107B586BE480', N'512', N'Storage Room', N'Storage', N'2022-11-11 16:04:27');

INSERT INTO printer_physical (printer_id, model_id, room_id, serial_number, printer_pixel_coordinate, is_enabled, status, printing_status, installed_date, last_maintenance_date, created_at, created_by) VALUES
(N'81178711-6133-4C31-8BF9-94FA2C77233D', N'A2D1A99D-34E0-4750-9B36-81ABE58D57AD', N'3464ABC7-7785-423A-9F2E-4B0DC272AB58', N'UX11448451', N'{"grid": [3.9, 1.25], "pixel": [3, 1]}', 0, N'maintained', NULL, N'2025-09-26', N'2025-11-18', N'2025-09-26 16:04:27', N'EAE40105-330C-4EF3-89E3-0849D718351E'),
(N'BC993E8A-CD27-4BEE-8DFA-5795DCF7FE64', N'C3F0CD68-5D61-458C-B5FB-BA8858FE6E9A', N'9C03D5EF-414F-40DF-B5B7-71D5EF664416', N'FX05104064', N'{"grid": [14.1, 1.5], "pixel": [14, 1]}', 1, N'idle', NULL, N'2024-06-01', N'2025-10-06', N'2024-06-01 16:04:27', N'EAE40105-330C-4EF3-89E3-0849D718351E'),
(N'343CFB2C-A7EF-4457-82A4-15A6DE975D74', N'6BC2E7EA-0DC2-46E8-B201-9DDCC2F0201C', N'B7A03919-CA74-427C-AFA3-8852B367DB50', N'TW34257658', N'{"grid": [15.6, 3.5], "pixel": [15, 3]}', 0, N'maintained', NULL, N'2024-12-11', N'2025-11-03', N'2024-12-11 16:04:27', N'EAE40105-330C-4EF3-89E3-0849D718351E'),
(N'092E88FB-6644-4FEC-ABCF-EF192F2E727F', N'3AECFEDA-6D26-4580-83CB-A40A28C9F405', N'D72643CD-3FEE-4B3D-B814-37DCCD1CB666', N'NC86537181', N'{"grid": [17.0, 8.0], "pixel": [17, 8]}', 1, N'maintained', NULL, N'2023-01-04', N'2025-12-12', N'2023-01-04 16:04:27', N'EAE40105-330C-4EF3-89E3-0849D718351E'),
(N'4CAEC7AA-7A16-4592-8336-BD38631B7BD1', N'A469B4FF-B538-4561-915E-08DF356A9299', N'1851C046-D6C5-4806-9160-A249BA720C4A', N'AS63928568', N'{"grid": [15.9, 15.1], "pixel": [15, 15]}', 1, N'unplugged', NULL, N'2024-05-13', N'2025-10-30', N'2024-05-13 16:04:27', N'EAE40105-330C-4EF3-89E3-0849D718351E'),
(N'25F4C173-3DE6-41CB-B61E-6542DCE8F53C', N'C3F0CD68-5D61-458C-B5FB-BA8858FE6E9A', N'229E29A6-060F-4073-864D-AB5997EB81F0', N'DE68135449', N'{"grid": [5.05, 1.2], "pixel": [5, 1]}', 1, N'idle', NULL, N'2024-07-24', N'2025-12-04', N'2024-07-24 16:04:27', N'EAE40105-330C-4EF3-89E3-0849D718351E'),
(N'D2355EA9-2936-4C3D-9F38-3C6E23CE644E', N'30F23D5C-BDD8-42AC-81CC-03DF501AFBA7', N'C70A261B-1FF8-4791-B3BE-1BB5C9F5DC99', N'IW21577456', N'{"grid": [14.4, 1.8], "pixel": [14, 1]}', 0, N'unplugged', NULL, N'2025-08-23', N'2025-10-25', N'2025-08-23 16:04:27', N'EAE40105-330C-4EF3-89E3-0849D718351E'),
(N'EA05B480-C45D-4856-A953-FB10B93675FA', N'30F23D5C-BDD8-42AC-81CC-03DF501AFBA7', N'6A9F3E5F-F3D3-4037-AC30-4F0D010388CD', N'QK36291017', N'{"grid": [19.2, 4.2], "pixel": [19, 4]}', 1, N'maintained', NULL, N'2025-02-11', N'2025-11-22', N'2025-02-11 16:04:27', N'EAE40105-330C-4EF3-89E3-0849D718351E'),
(N'BF239D71-BAC1-4440-9F9C-032ABCC8D80C', N'0E3926A2-F705-4ED6-813E-62FE3F71DC2D', N'A7736316-A0B0-4226-A940-CF091C3AC576', N'OR25102567', N'{"grid": [7.2, 9.0], "pixel": [7, 9]}', 1, N'idle', NULL, N'2024-02-25', N'2025-11-20', N'2024-02-25 16:04:27', N'EAE40105-330C-4EF3-89E3-0849D718351E'),
(N'3659F21F-A7DF-4D3C-B975-66D4F2B5C10D', N'385D87D5-815A-4567-822C-68BE540B898F', N'B07D267D-0AB7-4A78-B52A-01EC59EEE54B', N'AY41516286', N'{"grid": [4.9, 17.1], "pixel": [4, 17]}', 1, N'idle', NULL, N'2023-06-24', N'2025-10-14', N'2023-06-24 16:04:27', N'EAE40105-330C-4EF3-89E3-0849D718351E'),
(N'9C7E49DC-A89C-4435-AC81-B9C812C1A424', N'A2D1A99D-34E0-4750-9B36-81ABE58D57AD', N'64B6E4C9-B27D-47A3-8F48-B09BC4409D1A', N'UF71444060', N'{"grid": [22.8, 15.75], "pixel": [22, 15]}', 1, N'maintained', NULL, N'2023-05-28', N'2025-10-15', N'2023-05-28 16:04:27', N'EAE40105-330C-4EF3-89E3-0849D718351E'),
(N'C40FCE36-ED05-4597-BE52-E6A6E0F14276', N'EFCF9F36-7312-477A-81AD-AE1964036903', N'8C3B33FA-F7EF-4FC8-AD4F-7F2334410322', N'PZ54099429', N'{"grid": [2.75, 0.8], "pixel": [2, 0]}', 1, N'idle', NULL, N'2023-07-20', N'2025-10-25', N'2023-07-20 16:04:27', N'EAE40105-330C-4EF3-89E3-0849D718351E'),
(N'0CF6A930-866A-44CE-9337-A8A064C454E2', N'0E3926A2-F705-4ED6-813E-62FE3F71DC2D', N'2AC31859-1CB6-4BC0-8C59-54A36DC6D53E', N'ZD05823799', N'{"grid": [11.25, 1.2], "pixel": [11, 1]}', 1, N'printing', N'printing', N'2024-04-07', N'2025-12-11', N'2024-04-07 16:04:27', N'EAE40105-330C-4EF3-89E3-0849D718351E'),
(N'ABE16CFB-37BF-4BAB-8929-F63B9746D240', N'3AECFEDA-6D26-4580-83CB-A40A28C9F405', N'CF9ADAEC-072A-4211-94A3-B1C0877A9D58', N'PJ63972019', N'{"grid": [12.8, 2.8], "pixel": [12, 2]}', 1, N'printing', N'printing', N'2025-01-14', N'2025-12-20', N'2025-01-14 16:04:27', N'EAE40105-330C-4EF3-89E3-0849D718351E'),
(N'313F0FD2-DBC0-4074-BC71-6E759C001C1D', N'6CB65E76-6385-4233-AEBA-79ACF7A20C33', N'6A63AB2F-AC13-4BEF-A346-F225A4EA5A56', N'GX05332451', N'{"grid": [17.0, 7.25], "pixel": [17, 7]}', 1, N'idle', NULL, N'2023-12-30', N'2025-09-30', N'2023-12-30 16:04:27', N'EAE40105-330C-4EF3-89E3-0849D718351E'),
(N'4E720E05-E012-4188-8996-9DAFC0499D05', N'385D87D5-815A-4567-822C-68BE540B898F', N'56F29581-AF1F-42DA-B9A4-98FE25142663', N'JW73640396', N'{"grid": [3.05, 15.1], "pixel": [3, 15]}', 1, N'idle', NULL, N'2023-05-04', N'2025-12-13', N'2023-05-04 16:04:27', N'EAE40105-330C-4EF3-89E3-0849D718351E'),
(N'8BD2A141-9E7E-4AEF-BADF-93E4DD9466AB', N'385D87D5-815A-4567-822C-68BE540B898F', N'A8C9CF2E-FE0D-4A59-9A20-BBCECACF675B', N'RR55495125', N'{"grid": [20.25, 13.75], "pixel": [20, 13]}', 1, N'idle', NULL, N'2025-10-25', N'2025-10-03', N'2025-10-25 16:04:27', N'EAE40105-330C-4EF3-89E3-0849D718351E'),
(N'8C4D1D2D-A412-46E1-9641-9FF88BDED215', N'C3F0CD68-5D61-458C-B5FB-BA8858FE6E9A', N'93DE7701-31F6-471B-B760-4716436C273D', N'IP72901360', N'{"grid": [5.9, 1.2], "pixel": [5, 1]}', 1, N'printing', N'printing', N'2023-02-28', N'2025-11-10', N'2023-02-28 16:04:27', N'EAE40105-330C-4EF3-89E3-0849D718351E'),
(N'5D9B96B8-5678-428A-923F-E71AF4D96531', N'5A0E9684-2C03-46F3-9151-6610CF3401EA', N'4A508EFA-376C-4B00-8155-4C569021961D', N'TX37454844', N'{"grid": [15.25, 1.8], "pixel": [15, 1]}', 0, N'unplugged', NULL, N'2023-10-13', N'2025-12-14', N'2023-10-13 16:04:27', N'EAE40105-330C-4EF3-89E3-0849D718351E'),
(N'EA4AC6D5-E2B4-4394-A59E-3115F7986AC3', N'30F23D5C-BDD8-42AC-81CC-03DF501AFBA7', N'12AAD28B-54E7-4E60-B021-94013FD294E1', N'CY84715183', N'{"grid": [16.8, 4.2], "pixel": [16, 4]}', 1, N'idle', NULL, N'2023-12-04', N'2025-10-27', N'2023-12-04 16:04:27', N'EAE40105-330C-4EF3-89E3-0849D718351E'),
(N'057D0293-C498-465E-B5A8-F154648FBD2B', N'EFCF9F36-7312-477A-81AD-AE1964036903', N'E6D558BB-2A2B-4926-A9E2-8DC6A4E9B883', N'LO47887620', N'{"grid": [16.2, 9.0], "pixel": [16, 9]}', 0, N'unplugged', NULL, N'2024-10-20', N'2025-12-09', N'2024-10-20 16:04:27', N'EAE40105-330C-4EF3-89E3-0849D718351E'),
(N'C62BCCDC-C285-41ED-BF64-DA39D2392A9F', N'A2D1A99D-34E0-4750-9B36-81ABE58D57AD', N'04DD9DEB-7CC0-4D3A-B0ED-47F0BB2281FB', N'QA66355448', N'{"grid": [5.75, 17.1], "pixel": [5, 17]}', 0, N'maintained', NULL, N'2024-02-25', N'2025-11-23', N'2024-02-25 16:04:27', N'EAE40105-330C-4EF3-89E3-0849D718351E'),
(N'7B30A969-4D43-4235-917E-AC0F56D960C8', N'EFCF9F36-7312-477A-81AD-AE1964036903', N'DEAB3D81-27AC-4B7A-9F69-C002AA5D77EC', N'TQ45161970', N'{"grid": [14.25, 15.75], "pixel": [14, 15]}', 0, N'maintained', NULL, N'2024-06-25', N'2025-10-01', N'2024-06-25 16:04:27', N'EAE40105-330C-4EF3-89E3-0849D718351E'),
(N'661E3BE1-3090-4CE6-823C-BF3CEB0D064A', N'DC70034F-B3FF-4DB7-8ACB-37BF56167D76', N'574874C7-7E40-4D3E-B2D8-25CED9EB0E27', N'IU32468282', N'{"grid": [5.9, 1.2], "pixel": [5, 1]}', 1, N'unplugged', NULL, N'2025-09-04', N'2025-11-28', N'2025-09-04 16:04:27', N'EAE40105-330C-4EF3-89E3-0849D718351E'),
(N'89A26370-814D-4AAC-888C-6291C5D5481F', N'0E3926A2-F705-4ED6-813E-62FE3F71DC2D', N'1003A368-5CC3-4C87-93D4-15898A812A4C', N'PW15920740', N'{"grid": [19.4, 1.8], "pixel": [19, 1]}', 1, N'unplugged', NULL, N'2025-05-18', N'2025-11-25', N'2025-05-18 16:04:27', N'EAE40105-330C-4EF3-89E3-0849D718351E'),
(N'B55A02FC-C70E-4887-B425-89C2A0BA6C76', N'385D87D5-815A-4567-822C-68BE540B898F', N'8AA552B4-04DA-40B6-907F-0CCFF4881157', N'XM51570611', N'{"grid": [13.8, 10.8], "pixel": [13, 10]}', 1, N'idle', NULL, N'2025-07-25', N'2025-12-22', N'2025-07-25 16:04:27', N'EAE40105-330C-4EF3-89E3-0849D718351E'),
(N'4615648F-2E4B-49BB-9C22-18F68C163CB2', N'A2D1A99D-34E0-4750-9B36-81ABE58D57AD', N'F0AA4845-B736-46FD-BDA6-EE4CF13F3315', N'SJ56484163', N'{"grid": [14.0, 15.75], "pixel": [14, 15]}', 1, N'idle', NULL, N'2025-07-09', N'2025-10-09', N'2025-07-09 16:04:27', N'EAE40105-330C-4EF3-89E3-0849D718351E'),
(N'303847E7-722A-4B38-AB93-C9A070C748F8', N'27447B89-E59D-40AB-84DC-627F126D0839', N'3464ABC7-7785-423A-9F2E-4B0DC272AB58', N'OI43061530', N'{"grid": [3.9, 1.25], "pixel": [3, 1]}', 1, N'idle', NULL, N'2024-11-21', N'2025-10-15', N'2024-11-21 16:04:27', N'EAE40105-330C-4EF3-89E3-0849D718351E'),
(N'6F791136-030D-4A49-94A3-F3F56D8B8798', N'385D87D5-815A-4567-822C-68BE540B898F', N'9C03D5EF-414F-40DF-B5B7-71D5EF664416', N'WU30069176', N'{"grid": [14.1, 1.5], "pixel": [14, 1]}', 1, N'unplugged', NULL, N'2023-03-31', N'2025-11-16', N'2023-03-31 16:04:27', N'EAE40105-330C-4EF3-89E3-0849D718351E'),
(N'FF9A5257-4199-4080-AAD7-473CC1D47BEA', N'27447B89-E59D-40AB-84DC-627F126D0839', N'B7A03919-CA74-427C-AFA3-8852B367DB50', N'IS06841380', N'{"grid": [15.6, 3.5], "pixel": [15, 3]}', 0, N'maintained', NULL, N'2023-04-06', N'2025-10-25', N'2023-04-06 16:04:27', N'EAE40105-330C-4EF3-89E3-0849D718351E'),
(N'6030F387-6F3A-47A5-A88D-935B7C023365', N'EFCF9F36-7312-477A-81AD-AE1964036903', N'D72643CD-3FEE-4B3D-B814-37DCCD1CB666', N'AI98708561', N'{"grid": [17.0, 8.0], "pixel": [17, 8]}', 1, N'idle', NULL, N'2024-09-27', N'2025-11-15', N'2024-09-27 16:04:27', N'EAE40105-330C-4EF3-89E3-0849D718351E'),
(N'31552314-1EF1-4A9C-8D12-FC9E59C478A6', N'27447B89-E59D-40AB-84DC-627F126D0839', N'1851C046-D6C5-4806-9160-A249BA720C4A', N'NG76140388', N'{"grid": [15.9, 15.1], "pixel": [15, 15]}', 0, N'maintained', NULL, N'2023-03-20', N'2025-11-19', N'2023-03-20 16:04:27', N'EAE40105-330C-4EF3-89E3-0849D718351E'),
(N'338742F5-9219-4439-9181-9699F4A9AD72', N'C3F0CD68-5D61-458C-B5FB-BA8858FE6E9A', N'229E29A6-060F-4073-864D-AB5997EB81F0', N'RQ03884155', N'{"grid": [5.05, 1.2], "pixel": [5, 1]}', 0, N'maintained', NULL, N'2024-12-26', N'2025-11-16', N'2024-12-26 16:04:27', N'EAE40105-330C-4EF3-89E3-0849D718351E'),
(N'5F445EA1-DC6D-4F01-8ABE-9366E3C584CE', N'5A0E9684-2C03-46F3-9151-6610CF3401EA', N'C70A261B-1FF8-4791-B3BE-1BB5C9F5DC99', N'CV96269916', N'{"grid": [14.4, 1.8], "pixel": [14, 1]}', 1, N'unplugged', NULL, N'2025-03-05', N'2025-11-12', N'2025-03-05 16:04:27', N'EAE40105-330C-4EF3-89E3-0849D718351E'),
(N'09790F24-2309-4E4E-8E8A-07ED47E848D6', N'C3F0CD68-5D61-458C-B5FB-BA8858FE6E9A', N'6A9F3E5F-F3D3-4037-AC30-4F0D010388CD', N'SG48098103', N'{"grid": [19.2, 4.2], "pixel": [19, 4]}', 1, N'idle', NULL, N'2023-06-26', N'2025-11-17', N'2023-06-26 16:04:27', N'EAE40105-330C-4EF3-89E3-0849D718351E'),
(N'788ED758-B10D-4F69-AEA2-1FDA4CEA88F4', N'27447B89-E59D-40AB-84DC-627F126D0839', N'A7736316-A0B0-4226-A940-CF091C3AC576', N'DW96196345', N'{"grid": [7.2, 9.0], "pixel": [7, 9]}', 1, N'unplugged', NULL, N'2024-12-13', N'2025-12-16', N'2024-12-13 16:04:27', N'EAE40105-330C-4EF3-89E3-0849D718351E'),
(N'781D3BFD-2401-46A3-89A8-4F4B712D9C6E', N'A2D1A99D-34E0-4750-9B36-81ABE58D57AD', N'B07D267D-0AB7-4A78-B52A-01EC59EEE54B', N'UJ75220031', N'{"grid": [4.9, 17.1], "pixel": [4, 17]}', 1, N'unplugged', NULL, N'2024-01-25', N'2025-10-28', N'2024-01-25 16:04:27', N'EAE40105-330C-4EF3-89E3-0849D718351E'),
(N'755B0DC1-F25B-4FFA-A8B5-652A9F8ECFDD', N'DC70034F-B3FF-4DB7-8ACB-37BF56167D76', N'64B6E4C9-B27D-47A3-8F48-B09BC4409D1A', N'VQ31343722', N'{"grid": [22.8, 15.75], "pixel": [22, 15]}', 0, N'unplugged', NULL, N'2025-03-01', N'2025-10-24', N'2025-03-01 16:04:27', N'EAE40105-330C-4EF3-89E3-0849D718351E'),
(N'8D79373F-545B-4BCF-A652-451EC71089DF', N'EFCF9F36-7312-477A-81AD-AE1964036903', N'8C3B33FA-F7EF-4FC8-AD4F-7F2334410322', N'WQ10990261', N'{"grid": [2.75, 0.8], "pixel": [2, 0]}', 1, N'idle', NULL, N'2024-08-10', N'2025-12-20', N'2024-08-10 16:04:27', N'EAE40105-330C-4EF3-89E3-0849D718351E'),
(N'9F49E8CA-79AE-420F-8EBD-F9A334192648', N'6BC2E7EA-0DC2-46E8-B201-9DDCC2F0201C', N'2AC31859-1CB6-4BC0-8C59-54A36DC6D53E', N'AH00301169', N'{"grid": [11.25, 1.2], "pixel": [11, 1]}', 0, N'unplugged', NULL, N'2025-02-15', N'2025-10-26', N'2025-02-15 16:04:27', N'EAE40105-330C-4EF3-89E3-0849D718351E'),
(N'6AD4F422-080C-49FA-BFD3-A86D6387BD30', N'EFCF9F36-7312-477A-81AD-AE1964036903', N'CF9ADAEC-072A-4211-94A3-B1C0877A9D58', N'IA02659618', N'{"grid": [12.8, 2.8], "pixel": [12, 2]}', 1, N'idle', NULL, N'2025-07-09', N'2025-12-23', N'2025-07-09 16:04:27', N'EAE40105-330C-4EF3-89E3-0849D718351E'),
(N'147159DB-B363-453B-B29A-5ED3A4688C19', N'A469B4FF-B538-4561-915E-08DF356A9299', N'6A63AB2F-AC13-4BEF-A346-F225A4EA5A56', N'DT33516781', N'{"grid": [17.0, 7.25], "pixel": [17, 7]}', 1, N'unplugged', NULL, N'2025-11-06', N'2025-10-12', N'2025-11-06 16:04:27', N'EAE40105-330C-4EF3-89E3-0849D718351E'),
(N'A784F341-AFA1-48EC-A858-0F103907E07A', N'385D87D5-815A-4567-822C-68BE540B898F', N'56F29581-AF1F-42DA-B9A4-98FE25142663', N'ZM65647404', N'{"grid": [3.05, 15.1], "pixel": [3, 15]}', 1, N'printing', N'printing', N'2023-06-12', N'2025-11-25', N'2023-06-12 16:04:27', N'EAE40105-330C-4EF3-89E3-0849D718351E'),
(N'8997EE91-57BF-4128-8744-7258C0EF7129', N'385D87D5-815A-4567-822C-68BE540B898F', N'A8C9CF2E-FE0D-4A59-9A20-BBCECACF675B', N'OG54033707', N'{"grid": [20.25, 13.75], "pixel": [20, 13]}', 1, N'printing', N'printing', N'2025-04-10', N'2025-12-23', N'2025-04-10 16:04:27', N'EAE40105-330C-4EF3-89E3-0849D718351E'),
(N'B5217A88-D9A8-40A7-AC32-5BE1DD2A8355', N'3AECFEDA-6D26-4580-83CB-A40A28C9F405', N'93DE7701-31F6-471B-B760-4716436C273D', N'GG09461203', N'{"grid": [5.9, 1.2], "pixel": [5, 1]}', 1, N'maintained', NULL, N'2025-07-26', N'2025-10-23', N'2025-07-26 16:04:27', N'EAE40105-330C-4EF3-89E3-0849D718351E'),
(N'E35FE5D7-BDFC-4CDC-9C54-E9E9E301E80C', N'6CB65E76-6385-4233-AEBA-79ACF7A20C33', N'4A508EFA-376C-4B00-8155-4C569021961D', N'IJ16161671', N'{"grid": [15.25, 1.8], "pixel": [15, 1]}', 0, N'maintained', NULL, N'2025-11-02', N'2025-11-05', N'2025-11-02 16:04:27', N'EAE40105-330C-4EF3-89E3-0849D718351E'),
(N'35D5444B-5FA4-41EA-88B6-739163F04EFC', N'6CB65E76-6385-4233-AEBA-79ACF7A20C33', N'12AAD28B-54E7-4E60-B021-94013FD294E1', N'AA40025880', N'{"grid": [16.8, 4.2], "pixel": [16, 4]}', 0, N'maintained', NULL, N'2023-10-17', N'2025-11-05', N'2023-10-17 16:04:27', N'EAE40105-330C-4EF3-89E3-0849D718351E'),
(N'F6EB3950-AFEA-455B-8B2F-033155F12E8D', N'6BC2E7EA-0DC2-46E8-B201-9DDCC2F0201C', N'E6D558BB-2A2B-4926-A9E2-8DC6A4E9B883', N'IA50444361', N'{"grid": [16.2, 9.0], "pixel": [16, 9]}', 1, N'maintained', NULL, N'2024-03-08', N'2025-10-27', N'2024-03-08 16:04:27', N'EAE40105-330C-4EF3-89E3-0849D718351E'),
(N'96277B92-9D57-4396-B44A-9FD77428461A', N'385D87D5-815A-4567-822C-68BE540B898F', N'04DD9DEB-7CC0-4D3A-B0ED-47F0BB2281FB', N'DH81600204', N'{"grid": [5.75, 17.1], "pixel": [5, 17]}', 1, N'printing', N'printing', N'2024-04-17', N'2025-12-17', N'2024-04-17 16:04:27', N'EAE40105-330C-4EF3-89E3-0849D718351E'),
(N'AA775076-B36F-458B-9DC5-D745C6DAA598', N'82AE59F5-6355-4F65-907F-F191B525FCC5', N'DEAB3D81-27AC-4B7A-9F69-C002AA5D77EC', N'EB75258851', N'{"grid": [14.25, 15.75], "pixel": [14, 15]}', 1, N'idle', NULL, N'2025-04-20', N'2025-12-02', N'2025-04-20 16:04:27', N'EAE40105-330C-4EF3-89E3-0849D718351E'),
(N'B85CECBC-7699-4BBF-90F9-4F68EE482EE5', N'A2D1A99D-34E0-4750-9B36-81ABE58D57AD', N'574874C7-7E40-4D3E-B2D8-25CED9EB0E27', N'RY06061076', N'{"grid": [5.9, 1.2], "pixel": [5, 1]}', 1, N'unplugged', NULL, N'2023-05-04', N'2025-11-03', N'2023-05-04 16:04:27', N'EAE40105-330C-4EF3-89E3-0849D718351E'),
(N'F64254E0-C2A3-45D1-AEE6-1437B06C21DA', N'DC70034F-B3FF-4DB7-8ACB-37BF56167D76', N'1003A368-5CC3-4C87-93D4-15898A812A4C', N'NH44705187', N'{"grid": [19.4, 1.8], "pixel": [19, 1]}', 1, N'idle', NULL, N'2025-11-18', N'2025-11-14', N'2025-11-18 16:04:27', N'EAE40105-330C-4EF3-89E3-0849D718351E'),
(N'824CA3FD-EFD0-45AC-90CF-9DFB614ED6BD', N'3AECFEDA-6D26-4580-83CB-A40A28C9F405', N'8AA552B4-04DA-40B6-907F-0CCFF4881157', N'RM86489638', N'{"grid": [13.8, 10.8], "pixel": [13, 10]}', 1, N'idle', NULL, N'2024-05-21', N'2025-11-05', N'2024-05-21 16:04:27', N'EAE40105-330C-4EF3-89E3-0849D718351E'),
(N'E243EC8F-9C08-45C1-89B4-130CCE463B8A', N'C3F0CD68-5D61-458C-B5FB-BA8858FE6E9A', N'F0AA4845-B736-46FD-BDA6-EE4CF13F3315', N'PZ91114251', N'{"grid": [14.0, 15.75], "pixel": [14, 15]}', 1, N'idle', NULL, N'2023-01-14', N'2025-10-08', N'2023-01-14 16:04:27', N'EAE40105-330C-4EF3-89E3-0849D718351E'),
(N'E9C1BD9B-7FAC-4B56-AC48-735919238CF8', N'A469B4FF-B538-4561-915E-08DF356A9299', N'3464ABC7-7785-423A-9F2E-4B0DC272AB58', N'MR53181361', N'{"grid": [3.9, 1.25], "pixel": [3, 1]}', 0, N'maintained', NULL, N'2024-06-15', N'2025-11-05', N'2024-06-15 16:04:27', N'EAE40105-330C-4EF3-89E3-0849D718351E'),
(N'0C4B489C-B652-4383-86AD-DBE4CB5B452D', N'385D87D5-815A-4567-822C-68BE540B898F', N'9C03D5EF-414F-40DF-B5B7-71D5EF664416', N'HQ53285836', N'{"grid": [14.1, 1.5], "pixel": [14, 1]}', 1, N'idle', NULL, N'2024-06-21', N'2025-10-12', N'2024-06-21 16:04:27', N'EAE40105-330C-4EF3-89E3-0849D718351E'),
(N'1FEB69BC-2134-43A3-A10A-71C60EA9238B', N'DC70034F-B3FF-4DB7-8ACB-37BF56167D76', N'B7A03919-CA74-427C-AFA3-8852B367DB50', N'CH28881788', N'{"grid": [15.6, 3.5], "pixel": [15, 3]}', 1, N'idle', NULL, N'2023-11-20', N'2025-12-12', N'2023-11-20 16:04:27', N'EAE40105-330C-4EF3-89E3-0849D718351E'),
(N'262351C0-EFA6-4533-BB68-0D4EE8754076', N'5A0E9684-2C03-46F3-9151-6610CF3401EA', N'D72643CD-3FEE-4B3D-B814-37DCCD1CB666', N'DQ29888943', N'{"grid": [17.0, 8.0], "pixel": [17, 8]}', 0, N'maintained', NULL, N'2025-10-29', N'2025-12-18', N'2025-10-29 16:04:27', N'EAE40105-330C-4EF3-89E3-0849D718351E'),
(N'6026A1A2-5B09-48FF-8C9B-4D4972A3E0C9', N'3AECFEDA-6D26-4580-83CB-A40A28C9F405', N'1851C046-D6C5-4806-9160-A249BA720C4A', N'CW47899168', N'{"grid": [15.9, 15.1], "pixel": [15, 15]}', 0, N'unplugged', NULL, N'2025-10-18', N'2025-12-08', N'2025-10-18 16:04:27', N'EAE40105-330C-4EF3-89E3-0849D718351E'),
(N'BE143360-B5DD-4C69-B3FB-8C5778959075', N'6BC2E7EA-0DC2-46E8-B201-9DDCC2F0201C', N'229E29A6-060F-4073-864D-AB5997EB81F0', N'SV01950252', N'{"grid": [5.05, 1.2], "pixel": [5, 1]}', 0, N'maintained', NULL, N'2023-12-08', N'2025-10-08', N'2023-12-08 16:04:27', N'EAE40105-330C-4EF3-89E3-0849D718351E'),
(N'4170A71D-4D87-4783-B291-9FD3B6DB371C', N'A2D1A99D-34E0-4750-9B36-81ABE58D57AD', N'C70A261B-1FF8-4791-B3BE-1BB5C9F5DC99', N'JQ44238871', N'{"grid": [14.4, 1.8], "pixel": [14, 1]}', 0, N'maintained', NULL, N'2024-05-05', N'2025-11-02', N'2024-05-05 16:04:27', N'EAE40105-330C-4EF3-89E3-0849D718351E'),
(N'864F373D-86AA-4914-918F-E1AC1C9D261E', N'27447B89-E59D-40AB-84DC-627F126D0839', N'6A9F3E5F-F3D3-4037-AC30-4F0D010388CD', N'CT99584200', N'{"grid": [19.2, 4.2], "pixel": [19, 4]}', 0, N'maintained', NULL, N'2024-11-25', N'2025-12-25', N'2024-11-25 16:04:27', N'EAE40105-330C-4EF3-89E3-0849D718351E'),
(N'DF1C5DE4-D252-4CE1-8689-D45A84461554', N'3AECFEDA-6D26-4580-83CB-A40A28C9F405', N'A7736316-A0B0-4226-A940-CF091C3AC576', N'NG84234322', N'{"grid": [7.2, 9.0], "pixel": [7, 9]}', 0, N'unplugged', NULL, N'2025-10-16', N'2025-11-20', N'2025-10-16 16:04:27', N'EAE40105-330C-4EF3-89E3-0849D718351E'),
(N'3336B330-EFA2-4E20-B041-1823C6DCC2CB', N'5A0E9684-2C03-46F3-9151-6610CF3401EA', N'B07D267D-0AB7-4A78-B52A-01EC59EEE54B', N'TH91425713', N'{"grid": [4.9, 17.1], "pixel": [4, 17]}', 1, N'unplugged', NULL, N'2023-09-24', N'2025-11-11', N'2023-09-24 16:04:27', N'EAE40105-330C-4EF3-89E3-0849D718351E'),
(N'582E363B-3974-4491-8104-76470630E3F5', N'A2D1A99D-34E0-4750-9B36-81ABE58D57AD', N'64B6E4C9-B27D-47A3-8F48-B09BC4409D1A', N'RO55818079', N'{"grid": [22.8, 15.75], "pixel": [22, 15]}', 1, N'idle', NULL, N'2024-07-04', N'2025-12-25', N'2024-07-04 16:04:27', N'EAE40105-330C-4EF3-89E3-0849D718351E'),
(N'C430BDE0-08E9-4D70-B309-267B77995A93', N'30F23D5C-BDD8-42AC-81CC-03DF501AFBA7', N'8C3B33FA-F7EF-4FC8-AD4F-7F2334410322', N'KM73322516', N'{"grid": [2.75, 0.8], "pixel": [2, 0]}', 1, N'printing', N'printing', N'2023-08-19', N'2025-10-16', N'2023-08-19 16:04:27', N'EAE40105-330C-4EF3-89E3-0849D718351E'),
(N'99345931-6D11-459C-9741-7EDC30507362', N'5A0E9684-2C03-46F3-9151-6610CF3401EA', N'2AC31859-1CB6-4BC0-8C59-54A36DC6D53E', N'DB06697902', N'{"grid": [11.25, 1.2], "pixel": [11, 1]}', 1, N'idle', NULL, N'2024-12-13', N'2025-10-13', N'2024-12-13 16:04:27', N'EAE40105-330C-4EF3-89E3-0849D718351E'),
(N'5C803E37-EB44-4702-9B03-0C2D869F387F', N'385D87D5-815A-4567-822C-68BE540B898F', N'CF9ADAEC-072A-4211-94A3-B1C0877A9D58', N'NV48596236', N'{"grid": [12.8, 2.8], "pixel": [12, 2]}', 0, N'maintained', NULL, N'2025-06-12', N'2025-09-29', N'2025-06-12 16:04:27', N'EAE40105-330C-4EF3-89E3-0849D718351E'),
(N'A36A84B5-B540-4A5A-8BCC-799DD2BAE2FE', N'EFCF9F36-7312-477A-81AD-AE1964036903', N'6A63AB2F-AC13-4BEF-A346-F225A4EA5A56', N'QG54669654', N'{"grid": [17.0, 7.25], "pixel": [17, 7]}', 1, N'maintained', NULL, N'2024-05-24', N'2025-12-22', N'2024-05-24 16:04:27', N'EAE40105-330C-4EF3-89E3-0849D718351E'),
(N'B5F5ADF2-C0EC-4F5F-88F9-6460349AB0B7', N'DC70034F-B3FF-4DB7-8ACB-37BF56167D76', N'56F29581-AF1F-42DA-B9A4-98FE25142663', N'RO79790722', N'{"grid": [3.05, 15.1], "pixel": [3, 15]}', 1, N'idle', NULL, N'2023-02-17', N'2025-10-25', N'2023-02-17 16:04:27', N'EAE40105-330C-4EF3-89E3-0849D718351E'),
(N'1D1BEEE6-0CCF-4727-ADAF-C5D51A796FE3', N'6BC2E7EA-0DC2-46E8-B201-9DDCC2F0201C', N'A8C9CF2E-FE0D-4A59-9A20-BBCECACF675B', N'LI84920867', N'{"grid": [20.25, 13.75], "pixel": [20, 13]}', 1, N'maintained', NULL, N'2023-11-07', N'2025-12-03', N'2023-11-07 16:04:27', N'EAE40105-330C-4EF3-89E3-0849D718351E'),
(N'59FA4496-B626-4427-B38A-750F0ACF3194', N'5A0E9684-2C03-46F3-9151-6610CF3401EA', N'93DE7701-31F6-471B-B760-4716436C273D', N'FG07781861', N'{"grid": [5.9, 1.2], "pixel": [5, 1]}', 1, N'idle', NULL, N'2025-11-25', N'2025-11-14', N'2025-11-25 16:04:27', N'EAE40105-330C-4EF3-89E3-0849D718351E'),
(N'911CA270-9933-4877-A7FA-BA094959706A', N'A469B4FF-B538-4561-915E-08DF356A9299', N'4A508EFA-376C-4B00-8155-4C569021961D', N'XR00067097', N'{"grid": [15.25, 1.8], "pixel": [15, 1]}', 1, N'idle', NULL, N'2023-02-19', N'2025-12-22', N'2023-02-19 16:04:27', N'EAE40105-330C-4EF3-89E3-0849D718351E'),
(N'42B1311C-94FF-481B-905D-06CB5CBBC99B', N'C3F0CD68-5D61-458C-B5FB-BA8858FE6E9A', N'12AAD28B-54E7-4E60-B021-94013FD294E1', N'XR38279617', N'{"grid": [16.8, 4.2], "pixel": [16, 4]}', 1, N'idle', NULL, N'2025-03-23', N'2025-11-13', N'2025-03-23 16:04:27', N'EAE40105-330C-4EF3-89E3-0849D718351E'),
(N'E4D136DC-7BBB-43A8-BB22-EF7E8DA2DEF3', N'6CB65E76-6385-4233-AEBA-79ACF7A20C33', N'E6D558BB-2A2B-4926-A9E2-8DC6A4E9B883', N'BC39399939', N'{"grid": [16.2, 9.0], "pixel": [16, 9]}', 1, N'printing', N'network_error', N'2024-12-31', N'2025-11-30', N'2024-12-31 16:04:27', N'EAE40105-330C-4EF3-89E3-0849D718351E'),
(N'3ADD9069-6D60-45C1-BAC3-92DBA05647BA', N'3AECFEDA-6D26-4580-83CB-A40A28C9F405', N'04DD9DEB-7CC0-4D3A-B0ED-47F0BB2281FB', N'FD44616617', N'{"grid": [5.75, 17.1], "pixel": [5, 17]}', 0, N'maintained', NULL, N'2025-11-06', N'2025-10-08', N'2025-11-06 16:04:27', N'EAE40105-330C-4EF3-89E3-0849D718351E'),
(N'F9090D10-897F-4F56-A9C9-D9076A360C1B', N'5A0E9684-2C03-46F3-9151-6610CF3401EA', N'DEAB3D81-27AC-4B7A-9F69-C002AA5D77EC', N'TW03411772', N'{"grid": [14.25, 15.75], "pixel": [14, 15]}', 1, N'idle', NULL, N'2024-02-01', N'2025-11-21', N'2024-02-01 16:04:27', N'EAE40105-330C-4EF3-89E3-0849D718351E'),
(N'89F97553-E2F3-40AE-AD55-D990869F18CE', N'DC70034F-B3FF-4DB7-8ACB-37BF56167D76', N'574874C7-7E40-4D3E-B2D8-25CED9EB0E27', N'PV36883390', N'{"grid": [5.9, 1.2], "pixel": [5, 1]}', 0, N'unplugged', NULL, N'2024-03-19', N'2025-12-24', N'2024-03-19 16:04:27', N'EAE40105-330C-4EF3-89E3-0849D718351E'),
(N'6E602C89-16C6-4393-9336-ADFAAC33D8DC', N'A469B4FF-B538-4561-915E-08DF356A9299', N'1003A368-5CC3-4C87-93D4-15898A812A4C', N'LE52165922', N'{"grid": [19.4, 1.8], "pixel": [19, 1]}', 0, N'maintained', NULL, N'2023-03-05', N'2025-10-20', N'2023-03-05 16:04:27', N'EAE40105-330C-4EF3-89E3-0849D718351E'),
(N'1B2F8E3E-55CF-4D8D-A0F6-1B9D51F7DA76', N'6CB65E76-6385-4233-AEBA-79ACF7A20C33', N'8AA552B4-04DA-40B6-907F-0CCFF4881157', N'ZL22605018', N'{"grid": [13.8, 10.8], "pixel": [13, 10]}', 0, N'unplugged', NULL, N'2024-06-09', N'2025-10-07', N'2024-06-09 16:04:27', N'EAE40105-330C-4EF3-89E3-0849D718351E'),
(N'3DFB3D1F-E95B-4253-AEE6-4C2FCEC5BAE6', N'5A0E9684-2C03-46F3-9151-6610CF3401EA', N'F0AA4845-B736-46FD-BDA6-EE4CF13F3315', N'XY59371160', N'{"grid": [14.0, 15.75], "pixel": [14, 15]}', 0, N'unplugged', NULL, N'2025-03-19', N'2025-10-03', N'2025-03-19 16:04:27', N'EAE40105-330C-4EF3-89E3-0849D718351E');


-- ============================================

-- SYSTEM CONFIGURATION DATA

-- ============================================

-- Delete existing system_configuration data
DELETE FROM system_configuration;
GO

-- Insert new system_configuration data
INSERT INTO system_configuration (config_id, config_key, config_value, description, updated_at) VALUES
(NEWID(), 'duplex_price_factor', '0.8', N'Hệ số giá in 2 mặt (0.8 = giảm 20% so với 1 mặt)', GETDATE()),
(NEWID(), 'qr_expiration_minutes', '10', N'Thời gian hết hạn mã QR thanh toán (phút)', GETDATE()),
(NEWID(), 'max_file_size_mb', '50', N'Kích thước file tối đa được phép upload (MB)', GETDATE()),
(NEWID(), 'min_deposit_amount', '10000', N'Số tiền nạp tối thiểu (VNĐ)', GETDATE()),
(NEWID(), 'max_deposit_amount', '5000000', N'Số tiền nạp tối đa mỗi lần (VNĐ)', GETDATE()),
(NEWID(), 'low_balance_threshold', '5000', N'Ngưỡng số dư thấp để cảnh báo (VNĐ)', GETDATE()),
(NEWID(), 'print_job_timeout_minutes', '30', N'Thời gian timeout lệnh in pending (phút)', GETDATE()),
(NEWID(), 'page_printing_rate_seconds', '10', N'Thời gian ước tính in mỗi trang (giây)', GETDATE()),
(NEWID(), 'semester_bonus_distribution_day', '1', N'Ngày trong tháng phát bonus học kỳ tự động', GETDATE()),
(NEWID(), 'password_reset_token_expiry_minutes', '30', N'Thời gian hết hạn token reset mật khẩu (phút)', GETDATE()),
(NEWID(), 'refresh_token_expiry_days', '7', N'Thời gian hết hạn refresh token (ngày)', GETDATE());
GO

INSERT INTO permitted_file_type (file_type_id, file_extension, mime_type, description, is_permitted, created_at, updated_at, updated_by) VALUES
(N'104DEC38-719B-4189-A265-80B41488A05A', N'pdf', N'application/pdf', N'Portable Document Format', 1, N'2024-12-30 16:04:27', N'2024-12-30 16:04:27', N'478A027C-D884-48CD-B9DB-B01B2BC4145D'),
(N'3A217FDA-0460-4620-BBFE-74F81EDED671', N'docx', N'application/vnd.openxmlformats-officedocument.wordprocessingml.document', N'Microsoft Word Document', 1, N'2025-01-02 16:04:27', N'2025-01-02 16:04:27', N'478A027C-D884-48CD-B9DB-B01B2BC4145D'),
(N'E9558531-E72A-4882-93D9-044E03D2BAE3', N'xlsx', N'application/vnd.openxmlformats-officedocument.spreadsheetml.sheet', N'Microsoft Excel Spreadsheet', 1, N'2025-11-07 16:04:27', N'2025-11-07 16:04:27', N'478A027C-D884-48CD-B9DB-B01B2BC4145D'),
(N'560539D8-7C95-4851-A2A9-D0F9B48D4159', N'pptx', N'application/vnd.openxmlformats-officedocument.presentationml.presentation', N'Microsoft PowerPoint Presentation', 1, N'2025-10-21 16:04:27', N'2025-10-21 16:04:27', N'478A027C-D884-48CD-B9DB-B01B2BC4145D'),
(N'A95DC791-559E-471D-9AC9-BBCD2B16CAB7', N'txt', N'text/plain', N'Plain Text File', 1, N'2025-10-29 16:04:27', N'2025-10-29 16:04:27', N'478A027C-D884-48CD-B9DB-B01B2BC4145D'),
(N'7652E8A7-A3A4-4B03-A199-990B84FDC005', N'jpg', N'image/jpeg', N'JPEG Image', 1, N'2025-01-26 16:04:27', N'2025-01-26 16:04:27', N'478A027C-D884-48CD-B9DB-B01B2BC4145D'),
(N'CC5E9564-2406-4297-A423-FE198322815C', N'png', N'image/png', N'PNG Image', 1, N'2025-02-02 16:04:27', N'2025-02-02 16:04:27', N'478A027C-D884-48CD-B9DB-B01B2BC4145D');


-- ============================================

-- PRINT JOBS DATA

-- ============================================

INSERT INTO uploaded_file (uploaded_file_id, student_id, file_name, file_type, file_size_kb, page_count, file_url, created_at) VALUES
(N'5C74E3FD-ED63-4301-8A3C-02EED3AB8532', N'13EE90FC-83E6-4B7F-A52E-78B1B8DD34F8', N'business-data-graphs-vector-financial-and-marketing-charts-illustration-of-data-financial-graph-and-diagram-2BEFB7X.jpg', N'jpg', 171, 1, N'https://ilzhoxyiftrpphhbwliz.supabase.co/storage/v1/object/public/print_jobs_files/business-data-graphs-vector-financial-and-marketing-charts-illustration-of-data-financial-graph-and-diagram-2BEFB7X.jpg', N'2025-11-24 16:04:27'),
(N'45412D42-F0A6-4FAF-B1F6-08A90128266B', N'13EE90FC-83E6-4B7F-A52E-78B1B8DD34F8', N'Foundations_of_Information_Systems_-_WEB_oNlbGYl_first20.pdf', N'pdf', 974, 10, N'https://ilzhoxyiftrpphhbwliz.supabase.co/storage/v1/object/public/print_jobs_files/Foundations_of_Information_Systems_-_WEB_oNlbGYl_first20.pdf', N'2025-09-21 16:04:27'),
(N'D6D08771-B672-4443-A66F-058A31E8D191', N'13EE90FC-83E6-4B7F-A52E-78B1B8DD34F8', N'essay.pdf', N'pdf', 971, 17, N'https://ilzhoxyiftrpphhbwliz.supabase.co/storage/v1/object/public/print_jobs_files/essay.pdf', N'2025-10-15 16:04:27'),
(N'D9904384-0B11-455E-8964-0F070749FAC1', N'13EE90FC-83E6-4B7F-A52E-78B1B8DD34F8', N'bc731c7e-9330-408c-8290-74e547369afd.png', N'png', 173, 8, N'https://ilzhoxyiftrpphhbwliz.supabase.co/storage/v1/object/public/print_jobs_files/bc731c7e-9330-408c-8290-74e547369afd.png', N'2025-10-03 16:04:27'),
(N'B2774C1B-B231-4594-91BA-2A8D567CE6D4', N'13EE90FC-83E6-4B7F-A52E-78B1B8DD34F8', N'PrinceCatalogue.pdf', N'pdf', 6232, 1, N'https://ilzhoxyiftrpphhbwliz.supabase.co/storage/v1/object/public/print_jobs_files/PrinceCatalogue.pdf', N'2025-07-21 16:04:27'),
(N'27567374-E31C-42D7-8C7C-0881BFA222A1', N'20E8D03A-7648-4904-972A-E148D2B70278', N'641873c631076ea3b4f46f1f_uml-class-diagram.png', N'png', 59, 1, N'https://ilzhoxyiftrpphhbwliz.supabase.co/storage/v1/object/public/print_jobs_files/641873c631076ea3b4f46f1f_uml-class-diagram.png', N'2025-11-06 16:04:27'),
(N'C71D3486-50A2-4A75-A1DF-6FFD2137EB9B', N'20E8D03A-7648-4904-972A-E148D2B70278', N'essay.pdf', N'pdf', 971, 10, N'https://ilzhoxyiftrpphhbwliz.supabase.co/storage/v1/object/public/print_jobs_files/essay.pdf', N'2025-11-01 16:04:27'),
(N'0A18CED5-7DEB-4568-BE2A-864B861033E3', N'20E8D03A-7648-4904-972A-E148D2B70278', N'drylab.pdf', N'pdf', 1344, 14, N'https://ilzhoxyiftrpphhbwliz.supabase.co/storage/v1/object/public/print_jobs_files/drylab.pdf', N'2025-10-17 16:04:27'),
(N'048B1D2D-0AB7-4EB3-B21C-0B0988511E23', N'20E8D03A-7648-4904-972A-E148D2B70278', N'example.pdf', N'pdf', 342, 3, N'https://ilzhoxyiftrpphhbwliz.supabase.co/storage/v1/object/public/print_jobs_files/example.pdf', N'2025-10-21 16:04:27'),
(N'A99F3D24-4F60-4B8D-82C2-34CB4EB81A63', N'20E8D03A-7648-4904-972A-E148D2B70278', N'Lifespan_Development_-_WEB_first20.pdf', N'pdf', 977, 1, N'https://ilzhoxyiftrpphhbwliz.supabase.co/storage/v1/object/public/print_jobs_files/Lifespan_Development_-_WEB_first20.pdf', N'2025-10-04 16:04:27'),
(N'F14F098F-70EA-4831-A603-590ADB36855C', N'8CFE1909-9711-4069-876A-8748FEAEACCE', N'Calculus_Volume_1_-_WEB_68M1Z5W_first20.pdf', N'pdf', 1033, 9, N'https://ilzhoxyiftrpphhbwliz.supabase.co/storage/v1/object/public/print_jobs_files/Calculus_Volume_1_-_WEB_68M1Z5W_first20.pdf', N'2025-11-11 16:04:27'),
(N'300161C0-224D-4CF8-9F85-A3D30D7796AF', N'8CFE1909-9711-4069-876A-8748FEAEACCE', N'mypatentvaluationtool3.xls', N'xls', 79, 6, N'https://ilzhoxyiftrpphhbwliz.supabase.co/storage/v1/object/public/print_jobs_files/mypatentvaluationtool3.xls', N'2025-11-04 16:04:27'),
(N'C3C40886-4CA3-4819-AEB6-7B77BBC6D9BC', N'8CFE1909-9711-4069-876A-8748FEAEACCE', N'example.pdf', N'pdf', 342, 1, N'https://ilzhoxyiftrpphhbwliz.supabase.co/storage/v1/object/public/print_jobs_files/example.pdf', N'2025-10-19 16:04:27'),
(N'9A3FF79A-CCB9-4E81-A948-C11F0E89345C', N'8CFE1909-9711-4069-876A-8748FEAEACCE', N'PrinceCatalogue.pdf', N'pdf', 6232, 1, N'https://ilzhoxyiftrpphhbwliz.supabase.co/storage/v1/object/public/print_jobs_files/PrinceCatalogue.pdf', N'2025-12-22 16:04:27'),
(N'F87B11B4-7C15-48A8-A837-4D070371463D', N'8CFE1909-9711-4069-876A-8748FEAEACCE', N'f738c7c9-4b65-4ccb-8808-5298183b4d9c_first20.pdf', N'pdf', 653, 1, N'https://ilzhoxyiftrpphhbwliz.supabase.co/storage/v1/object/public/print_jobs_files/f738c7c9-4b65-4ccb-8808-5298183b4d9c_first20.pdf', N'2025-09-18 16:04:27'),
(N'7DAFA751-B67F-490D-AC6D-B06911BD299E', N'8CFE1909-9711-4069-876A-8748FEAEACCE', N'bc731c7e-9330-408c-8290-74e547369afd.png', N'png', 173, 1, N'https://ilzhoxyiftrpphhbwliz.supabase.co/storage/v1/object/public/print_jobs_files/bc731c7e-9330-408c-8290-74e547369afd.png', N'2025-08-16 16:04:27'),
(N'A4F9ED2C-31EA-4343-8876-4B54E29E725F', N'8CFE1909-9711-4069-876A-8748FEAEACCE', N'lboval.xls', N'xls', 40, 7, N'https://ilzhoxyiftrpphhbwliz.supabase.co/storage/v1/object/public/print_jobs_files/lboval.xls', N'2025-11-01 16:04:27'),
(N'3AA13BB9-FA07-474E-99BE-F0A901FF4584', N'8CFE1909-9711-4069-876A-8748FEAEACCE', N'08_spider-diagram-brainstorm-whiteboard-in-pastel-blue-pastel-green-pink-spaced-color-blocks-style.webp', N'webp', 57, 1, N'https://ilzhoxyiftrpphhbwliz.supabase.co/storage/v1/object/public/print_jobs_files/08_spider-diagram-brainstorm-whiteboard-in-pastel-blue-pastel-green-pink-spaced-color-blocks-style.webp', N'2025-08-01 16:04:27'),
(N'0DF7FF4D-88AA-4505-8CFD-6DF6ED29E0DA', N'A35C2B37-4108-465D-BD56-ED058C29B5E7', N'ratings.xls', N'xls', 20, 1, N'https://ilzhoxyiftrpphhbwliz.supabase.co/storage/v1/object/public/print_jobs_files/ratings.xls', N'2025-09-13 16:04:27'),
(N'F7E9787A-AB51-4C94-BC1C-6E65226F25CE', N'A35C2B37-4108-465D-BD56-ED058C29B5E7', N'connector-icon-a931dfa746e40fa6f8d1f839b9a10512.png', N'png', 39, 1, N'https://ilzhoxyiftrpphhbwliz.supabase.co/storage/v1/object/public/print_jobs_files/connector-icon-a931dfa746e40fa6f8d1f839b9a10512.png', N'2025-12-12 16:04:27'),
(N'1255304B-BB26-4E24-9230-B266DA542FEE', N'A35C2B37-4108-465D-BD56-ED058C29B5E7', N'fcfe2st.xls', N'xls', 27, 6, N'https://ilzhoxyiftrpphhbwliz.supabase.co/storage/v1/object/public/print_jobs_files/fcfe2st.xls', N'2025-10-03 16:04:27'),
(N'C8312F68-F7D1-49BB-95D5-24FDE1AC2B2A', N'A35C2B37-4108-465D-BD56-ED058C29B5E7', N'Introduction_to_Philosophy-WEB_cszrKYp_first20.pdf', N'pdf', 2348, 1, N'https://ilzhoxyiftrpphhbwliz.supabase.co/storage/v1/object/public/print_jobs_files/Introduction_to_Philosophy-WEB_cszrKYp_first20.pdf', N'2025-12-05 16:04:27'),
(N'09C8D5EC-49BA-49AF-8F55-4641D1126A8B', N'A35C2B37-4108-465D-BD56-ED058C29B5E7', N'fcfe2st.xls', N'xls', 27, 6, N'https://ilzhoxyiftrpphhbwliz.supabase.co/storage/v1/object/public/print_jobs_files/fcfe2st.xls', N'2025-09-27 16:04:27'),
(N'91A44FEF-517C-448B-80BD-7043D73D181B', N'A35C2B37-4108-465D-BD56-ED058C29B5E7', N'Introductory_Business_Statistics_2e_-_WEB_first20.pdf', N'pdf', 914, 5, N'https://ilzhoxyiftrpphhbwliz.supabase.co/storage/v1/object/public/print_jobs_files/Introductory_Business_Statistics_2e_-_WEB_first20.pdf', N'2025-11-22 16:04:27'),
(N'23F524A0-25BE-4D98-9CEA-6628E2DC94BE', N'A35C2B37-4108-465D-BD56-ED058C29B5E7', N'line.jpg', N'jpg', 64, 37, N'https://ilzhoxyiftrpphhbwliz.supabase.co/storage/v1/object/public/print_jobs_files/line.jpg', N'2025-11-21 16:04:27'),
(N'9C69CAE0-05FF-4F6D-9FFF-CA79393689CD', N'A35C2B37-4108-465D-BD56-ED058C29B5E7', N'sample-local-pdf.pdf', N'pdf', 48, 14, N'https://ilzhoxyiftrpphhbwliz.supabase.co/storage/v1/object/public/print_jobs_files/sample-local-pdf.pdf', N'2025-11-16 16:04:27'),
(N'D0FC9CA6-1F3A-4165-8559-668BCACE7092', N'A35C2B37-4108-465D-BD56-ED058C29B5E7', N'implprem.xls', N'xls', 66, 5, N'https://ilzhoxyiftrpphhbwliz.supabase.co/storage/v1/object/public/print_jobs_files/implprem.xls', N'2025-07-02 16:04:27'),
(N'C2C9040C-E941-4F9A-9550-92192849079A', N'A35C2B37-4108-465D-BD56-ED058C29B5E7', N'implprem.xls', N'xls', 66, 29, N'https://ilzhoxyiftrpphhbwliz.supabase.co/storage/v1/object/public/print_jobs_files/implprem.xls', N'2025-10-20 16:04:27'),
(N'D0CD9383-46E7-483D-B481-37E76B7E760F', N'A35C2B37-4108-465D-BD56-ED058C29B5E7', N'Introductory_Business_Statistics_2e_-_WEB_first20.pdf', N'pdf', 914, 7, N'https://ilzhoxyiftrpphhbwliz.supabase.co/storage/v1/object/public/print_jobs_files/Introductory_Business_Statistics_2e_-_WEB_first20.pdf', N'2025-10-09 16:04:27'),
(N'6565B22F-8119-43BF-BEE9-3F5F584361C3', N'A35C2B37-4108-465D-BD56-ED058C29B5E7', N'Graphs-and-illustrations_editverse.jpg-1012x1024.png', N'png', 72, 11, N'https://ilzhoxyiftrpphhbwliz.supabase.co/storage/v1/object/public/print_jobs_files/Graphs-and-illustrations_editverse.jpg-1012x1024.png', N'2025-09-14 16:04:27'),
(N'E1747146-C883-4335-8B4A-049BC36BB1F3', N'A35C2B37-4108-465D-BD56-ED058C29B5E7', N'capbudg.xls', N'xls', 30, 13, N'https://ilzhoxyiftrpphhbwliz.supabase.co/storage/v1/object/public/print_jobs_files/capbudg.xls', N'2025-07-15 16:04:27'),
(N'C430AE51-0E22-4E06-88D8-D9AA3E795282', N'A35C2B37-4108-465D-BD56-ED058C29B5E7', N'Introduction_to_Philosophy-WEB_cszrKYp_first20.pdf', N'pdf', 2348, 1, N'https://ilzhoxyiftrpphhbwliz.supabase.co/storage/v1/object/public/print_jobs_files/Introduction_to_Philosophy-WEB_cszrKYp_first20.pdf', N'2025-08-16 16:04:27'),
(N'1B0380DE-2264-445F-9C34-61D01FEB7A96', N'A35C2B37-4108-465D-BD56-ED058C29B5E7', N'images.jpg', N'jpg', 7, 1, N'https://ilzhoxyiftrpphhbwliz.supabase.co/storage/v1/object/public/print_jobs_files/images.jpg', N'2025-11-19 16:04:27'),
(N'5F90F559-2E03-4823-B1A7-85C82085B8A9', N'30F10E7F-2899-4E90-91A9-834AD35D14C0', N'Graphs-and-illustrations_editverse.jpg-1012x1024.png', N'png', 72, 1, N'https://ilzhoxyiftrpphhbwliz.supabase.co/storage/v1/object/public/print_jobs_files/Graphs-and-illustrations_editverse.jpg-1012x1024.png', N'2025-08-23 16:04:27'),
(N'2A23FE5E-2E2B-452D-8040-340F6DFAFD31', N'30F10E7F-2899-4E90-91A9-834AD35D14C0', N'business-data-graphs-vector-financial-and-marketing-charts-illustration-of-data-financial-graph-and-diagram-2BEFB7X.jpg', N'jpg', 171, 18, N'https://ilzhoxyiftrpphhbwliz.supabase.co/storage/v1/object/public/print_jobs_files/business-data-graphs-vector-financial-and-marketing-charts-illustration-of-data-financial-graph-and-diagram-2BEFB7X.jpg', N'2025-10-22 16:04:27'),
(N'4479D50F-3263-44A4-9101-8A639316B3BA', N'30F10E7F-2899-4E90-91A9-834AD35D14C0', N'Foundations_of_Information_Systems_-_WEB_oNlbGYl_first20.pdf', N'pdf', 974, 1, N'https://ilzhoxyiftrpphhbwliz.supabase.co/storage/v1/object/public/print_jobs_files/Foundations_of_Information_Systems_-_WEB_oNlbGYl_first20.pdf', N'2025-10-01 16:04:27'),
(N'0926F835-8054-488E-90C2-4BEEE51280C3', N'30F10E7F-2899-4E90-91A9-834AD35D14C0', N'sample-local-pdf.pdf', N'pdf', 48, 15, N'https://ilzhoxyiftrpphhbwliz.supabase.co/storage/v1/object/public/print_jobs_files/sample-local-pdf.pdf', N'2025-09-07 16:04:27'),
(N'D9D8BA27-1F7C-431F-AE8E-119BA1426F5F', N'30F10E7F-2899-4E90-91A9-834AD35D14C0', N'f738c7c9-4b65-4ccb-8808-5298183b4d9c_first20.pdf', N'pdf', 653, 1, N'https://ilzhoxyiftrpphhbwliz.supabase.co/storage/v1/object/public/print_jobs_files/f738c7c9-4b65-4ccb-8808-5298183b4d9c_first20.pdf', N'2025-10-26 16:04:27'),
(N'2E8D2C5C-5C16-41A8-98DF-9E8BE9581F67', N'30F10E7F-2899-4E90-91A9-834AD35D14C0', N'example.pdf', N'pdf', 342, 12, N'https://ilzhoxyiftrpphhbwliz.supabase.co/storage/v1/object/public/print_jobs_files/example.pdf', N'2025-08-15 16:04:27'),
(N'1746A76E-7A26-4C24-ABC7-C7B1D462AA72', N'30F10E7F-2899-4E90-91A9-834AD35D14C0', N'capbudg.xls', N'xls', 30, 1, N'https://ilzhoxyiftrpphhbwliz.supabase.co/storage/v1/object/public/print_jobs_files/capbudg.xls', N'2025-12-19 16:04:27'),
(N'1DC6D520-E494-4A94-A241-9B4FAE822C9A', N'30F10E7F-2899-4E90-91A9-834AD35D14C0', N'641873c631076ea3b4f46f1f_uml-class-diagram.png', N'png', 59, 24, N'https://ilzhoxyiftrpphhbwliz.supabase.co/storage/v1/object/public/print_jobs_files/641873c631076ea3b4f46f1f_uml-class-diagram.png', N'2025-08-01 16:04:27'),
(N'8309F95F-4424-4D9D-B78F-2F56F660C39D', N'30F10E7F-2899-4E90-91A9-834AD35D14C0', N'dictionary.pdf', N'pdf', 4637, 1, N'https://ilzhoxyiftrpphhbwliz.supabase.co/storage/v1/object/public/print_jobs_files/dictionary.pdf', N'2025-07-09 16:04:27'),
(N'35E80077-F7D9-425C-91A5-B4F2460BFDC7', N'A2347010-D0C9-4B15-8766-98F997468DBD', N'synergy.xls', N'xls', 16, 15, N'https://ilzhoxyiftrpphhbwliz.supabase.co/storage/v1/object/public/print_jobs_files/synergy.xls', N'2025-10-22 16:04:27'),
(N'6ABBB834-1694-4BAD-8C1D-350D94005055', N'A2347010-D0C9-4B15-8766-98F997468DBD', N'histogram.webp', N'webp', 62, 12, N'https://ilzhoxyiftrpphhbwliz.supabase.co/storage/v1/object/public/print_jobs_files/histogram.webp', N'2025-09-21 16:04:27'),
(N'51D8CBEA-A0CA-4BC7-8DBE-AF9727F18ADA', N'A2347010-D0C9-4B15-8766-98F997468DBD', N'synergy.xls', N'xls', 16, 4, N'https://ilzhoxyiftrpphhbwliz.supabase.co/storage/v1/object/public/print_jobs_files/synergy.xls', N'2025-09-29 16:04:27'),
(N'F177BCDE-4F3D-4CD6-9630-6D015C599307', N'A2347010-D0C9-4B15-8766-98F997468DBD', N'College_Success_-_WEB_zQGCJTr_first20.pdf', N'pdf', 2966, 32, N'https://ilzhoxyiftrpphhbwliz.supabase.co/storage/v1/object/public/print_jobs_files/College_Success_-_WEB_zQGCJTr_first20.pdf', N'2025-08-21 16:04:27'),
(N'41D7FFEA-AD01-4865-BF20-96A96A754312', N'A2347010-D0C9-4B15-8766-98F997468DBD', N'sample-local-pdf.pdf', N'pdf', 48, 4, N'https://ilzhoxyiftrpphhbwliz.supabase.co/storage/v1/object/public/print_jobs_files/sample-local-pdf.pdf', N'2025-07-26 16:04:27'),
(N'95BBD112-BC71-430C-AA39-C0C04727930F', N'A2347010-D0C9-4B15-8766-98F997468DBD', N'Calculus_Volume_1_-_WEB_68M1Z5W_first20.pdf', N'pdf', 1033, 1, N'https://ilzhoxyiftrpphhbwliz.supabase.co/storage/v1/object/public/print_jobs_files/Calculus_Volume_1_-_WEB_68M1Z5W_first20.pdf', N'2025-08-01 16:04:27'),
(N'CAD72679-8EDE-4502-AF92-BEBEFA77D74E', N'A2347010-D0C9-4B15-8766-98F997468DBD', N'implprem.xls', N'xls', 66, 36, N'https://ilzhoxyiftrpphhbwliz.supabase.co/storage/v1/object/public/print_jobs_files/implprem.xls', N'2025-12-17 16:04:27'),
(N'A9F9E804-9D53-4979-933E-4965BFFF5529', N'A2347010-D0C9-4B15-8766-98F997468DBD', N'synergy.xls', N'xls', 16, 1, N'https://ilzhoxyiftrpphhbwliz.supabase.co/storage/v1/object/public/print_jobs_files/synergy.xls', N'2025-10-26 16:04:27'),
(N'A9805156-1AB1-4B4B-9FF5-C8E548571BEC', N'A2347010-D0C9-4B15-8766-98F997468DBD', N'Introduction_to_Philosophy-WEB_cszrKYp_first20.pdf', N'pdf', 2348, 1, N'https://ilzhoxyiftrpphhbwliz.supabase.co/storage/v1/object/public/print_jobs_files/Introduction_to_Philosophy-WEB_cszrKYp_first20.pdf', N'2025-10-15 16:04:27'),
(N'C1D5D9D9-9EC4-45CD-9828-C3676856CCAE', N'A2347010-D0C9-4B15-8766-98F997468DBD', N'Lifespan_Development_-_WEB_first20.pdf', N'pdf', 977, 1, N'https://ilzhoxyiftrpphhbwliz.supabase.co/storage/v1/object/public/print_jobs_files/Lifespan_Development_-_WEB_first20.pdf', N'2025-12-14 16:04:27'),
(N'0841CE9D-4123-413E-8C47-24F57C0EBBAB', N'D6BB5253-3A25-43A3-93E6-4AD256A30DC6', N'Introductory_Business_Statistics_2e_-_WEB_first20.pdf', N'pdf', 914, 25, N'https://ilzhoxyiftrpphhbwliz.supabase.co/storage/v1/object/public/print_jobs_files/Introductory_Business_Statistics_2e_-_WEB_first20.pdf', N'2025-08-01 16:04:27'),
(N'7D8EC8D5-360D-4262-A521-71C17698FDDA', N'D6BB5253-3A25-43A3-93E6-4AD256A30DC6', N'bc731c7e-9330-408c-8290-74e547369afd.png', N'png', 173, 10, N'https://ilzhoxyiftrpphhbwliz.supabase.co/storage/v1/object/public/print_jobs_files/bc731c7e-9330-408c-8290-74e547369afd.png', N'2025-08-16 16:04:27'),
(N'7B236F76-23D5-41B8-8B32-0AB38DC0B72E', N'D6BB5253-3A25-43A3-93E6-4AD256A30DC6', N'f738c7c9-4b65-4ccb-8808-5298183b4d9c_first20.pdf', N'pdf', 653, 4, N'https://ilzhoxyiftrpphhbwliz.supabase.co/storage/v1/object/public/print_jobs_files/f738c7c9-4b65-4ccb-8808-5298183b4d9c_first20.pdf', N'2025-11-14 16:04:27'),
(N'49155915-0C40-46AA-BD88-4DA8732A2992', N'D6BB5253-3A25-43A3-93E6-4AD256A30DC6', N'example.pdf', N'pdf', 342, 2, N'https://ilzhoxyiftrpphhbwliz.supabase.co/storage/v1/object/public/print_jobs_files/example.pdf', N'2025-09-03 16:04:27'),
(N'D13C221B-2151-4A96-888B-8A9D0FE2F680', N'D6BB5253-3A25-43A3-93E6-4AD256A30DC6', N'Introduction_To_Computer_Science_-_WEB_first20.pdf', N'pdf', 772, 11, N'https://ilzhoxyiftrpphhbwliz.supabase.co/storage/v1/object/public/print_jobs_files/Introduction_To_Computer_Science_-_WEB_first20.pdf', N'2025-09-05 16:04:27'),
(N'985D7D91-98F0-4111-8A27-EECD3C421329', N'D6BB5253-3A25-43A3-93E6-4AD256A30DC6', N'synergy.xls', N'xls', 16, 1, N'https://ilzhoxyiftrpphhbwliz.supabase.co/storage/v1/object/public/print_jobs_files/synergy.xls', N'2025-08-12 16:04:27'),
(N'1E22C839-37CD-418B-AD89-D6030169F8F9', N'D6BB5253-3A25-43A3-93E6-4AD256A30DC6', N'Foundations_of_Information_Systems_-_WEB_oNlbGYl_first20.pdf', N'pdf', 974, 20, N'https://ilzhoxyiftrpphhbwliz.supabase.co/storage/v1/object/public/print_jobs_files/Foundations_of_Information_Systems_-_WEB_oNlbGYl_first20.pdf', N'2025-07-15 16:04:27'),
(N'865F1811-271A-4EC6-AC78-B712E9C8FE8F', N'D6BB5253-3A25-43A3-93E6-4AD256A30DC6', N'business-data-graphs-vector-financial-and-marketing-charts-illustration-of-data-financial-graph-and-diagram-2BEFB7X.jpg', N'jpg', 171, 17, N'https://ilzhoxyiftrpphhbwliz.supabase.co/storage/v1/object/public/print_jobs_files/business-data-graphs-vector-financial-and-marketing-charts-illustration-of-data-financial-graph-and-diagram-2BEFB7X.jpg', N'2025-10-29 16:04:27'),
(N'201241E8-CFA8-44DD-A323-77FC39258E7A', N'D6BB5253-3A25-43A3-93E6-4AD256A30DC6', N'images.jpg', N'jpg', 7, 13, N'https://ilzhoxyiftrpphhbwliz.supabase.co/storage/v1/object/public/print_jobs_files/images.jpg', N'2025-07-05 16:04:27');

INSERT INTO print_job (job_id, student_id, printer_id, uploaded_file_id, page_size_price_id, color_mode_price_id, page_discount_package_id, page_orientation, print_side, number_of_copy, total_pages, subtotal_before_discount, discount_percentage, discount_amount, total_price, print_status, start_time, end_time, created_at) VALUES
(N'05AAE0B3-FC04-4DEA-98EB-323101236F7C', N'13EE90FC-83E6-4B7F-A52E-78B1B8DD34F8', N'1D1BEEE6-0CCF-4727-ADAF-C5D51A796FE3', N'5C74E3FD-ED63-4301-8A3C-02EED3AB8532', N'57C220B1-B1A8-421D-A4E0-0751783A4C25', N'BCE840C3-57B4-4692-93A9-07271368E87F', NULL, N'portrait', N'one-sided', 1, 1, 1000, NULL, 0, 1000, N'completed', N'2025-12-14 11:33:42', N'2025-12-14 11:41:42', N'2025-12-14 11:12:42'),
(N'5CDEADF3-2273-4E7A-B5FD-5E665951711D', N'13EE90FC-83E6-4B7F-A52E-78B1B8DD34F8', N'788ED758-B10D-4F69-AEA2-1FDA4CEA88F4', N'45412D42-F0A6-4FAF-B1F6-08A90128266B', N'780076EF-5AB2-4E6D-9862-18A341744541', N'BCE840C3-57B4-4692-93A9-07271368E87F', NULL, N'landscape', N'double-sided', 1, 10, 5000, NULL, 0, 5000, N'printing', N'2025-12-07 07:02:20', NULL, N'2025-12-07 06:34:20'),
(N'115EC306-DDA1-4273-87B8-DCB9FF3C2ADB', N'13EE90FC-83E6-4B7F-A52E-78B1B8DD34F8', N'5F445EA1-DC6D-4F01-8ABE-9366E3C584CE', N'D6D08771-B672-4443-A66F-058A31E8D191', N'504D93D9-1621-4EAF-B4D9-123FB4B87FA6', N'BCE840C3-57B4-4692-93A9-07271368E87F', NULL, N'portrait', N'double-sided', 2, 34, 68000, NULL, 0, 68000, N'pending_payment', NULL, NULL, N'2025-12-12 12:18:43'),
(N'7D91CE6B-14EF-46BB-A593-1FCCF35D0418', N'13EE90FC-83E6-4B7F-A52E-78B1B8DD34F8', N'F6EB3950-AFEA-455B-8B2F-033155F12E8D', N'D9904384-0B11-455E-8964-0F070749FAC1', N'780076EF-5AB2-4E6D-9862-18A341744541', N'BCE840C3-57B4-4692-93A9-07271368E87F', NULL, N'portrait', N'one-sided', 1, 8, 4000, NULL, 0, 4000, N'completed', N'2025-10-04 21:28:30', N'2025-10-04 21:36:30', N'2025-10-04 21:05:30'),
(N'9BDEAB6A-0BA0-4F5C-8961-13A9D92AEEC9', N'13EE90FC-83E6-4B7F-A52E-78B1B8DD34F8', N'824CA3FD-EFD0-45AC-90CF-9DFB614ED6BD', N'B2774C1B-B231-4594-91BA-2A8D567CE6D4', N'57C220B1-B1A8-421D-A4E0-0751783A4C25', N'47A6A72A-76D2-494A-83BC-F6B7E0AE7126', NULL, N'portrait', N'one-sided', 1, 1, 2200, NULL, 0, 2200, N'completed', N'2025-10-29 06:40:16', N'2025-10-29 06:53:16', N'2025-10-29 06:20:16'),
(N'A4D8C6F0-BE01-4373-98B3-F07887E67928', N'20E8D03A-7648-4904-972A-E148D2B70278', N'F6EB3950-AFEA-455B-8B2F-033155F12E8D', N'27567374-E31C-42D7-8C7C-0881BFA222A1', N'57C220B1-B1A8-421D-A4E0-0751783A4C25', N'BCE840C3-57B4-4692-93A9-07271368E87F', NULL, N'landscape', N'double-sided', 1, 1, 1000, NULL, 0, 1000, N'completed', N'2025-11-06 20:56:23', N'2025-11-06 21:10:23', N'2025-11-06 20:41:23'),
(N'429D9CB6-55E5-4620-96E1-3363FC59D4A1', N'20E8D03A-7648-4904-972A-E148D2B70278', N'788ED758-B10D-4F69-AEA2-1FDA4CEA88F4', N'C71D3486-50A2-4A75-A1DF-6FFD2137EB9B', N'57C220B1-B1A8-421D-A4E0-0751783A4C25', N'B17DFFD1-C2EA-4AB5-A267-8AB1B539536C', NULL, N'portrait', N'one-sided', 2, 20, 24000, NULL, 0, 24000, N'completed', N'2025-07-09 12:18:14', N'2025-07-09 12:22:14', N'2025-07-09 12:16:14'),
(N'6095DAA1-B358-467A-9137-56F0AAD1AB7D', N'20E8D03A-7648-4904-972A-E148D2B70278', N'ABE16CFB-37BF-4BAB-8929-F63B9746D240', N'0A18CED5-7DEB-4568-BE2A-864B861033E3', N'57C220B1-B1A8-421D-A4E0-0751783A4C25', N'BCE840C3-57B4-4692-93A9-07271368E87F', NULL, N'portrait', N'one-sided', 1, 14, 14000, NULL, 0, 14000, N'completed', N'2025-07-14 21:32:17', N'2025-07-14 21:35:17', N'2025-07-14 21:09:17'),
(N'007DD33A-769E-4B84-BF51-1DA14BA4AEDD', N'20E8D03A-7648-4904-972A-E148D2B70278', N'09790F24-2309-4E4E-8E8A-07ED47E848D6', N'048B1D2D-0AB7-4EB3-B21C-0B0988511E23', N'57C220B1-B1A8-421D-A4E0-0751783A4C25', N'BCE840C3-57B4-4692-93A9-07271368E87F', NULL, N'portrait', N'one-sided', 3, 9, 9000, NULL, 0, 9000, N'completed', N'2025-11-26 10:38:12', N'2025-11-26 10:53:12', N'2025-11-26 10:17:12'),
(N'F30836FF-0E8F-439A-85A1-D8640BB6FACC', N'20E8D03A-7648-4904-972A-E148D2B70278', N'B5217A88-D9A8-40A7-AC32-5BE1DD2A8355', N'A99F3D24-4F60-4B8D-82C2-34CB4EB81A63', N'57C220B1-B1A8-421D-A4E0-0751783A4C25', N'BCE840C3-57B4-4692-93A9-07271368E87F', NULL, N'portrait', N'one-sided', 10, 10, 10000, NULL, 0, 10000, N'completed', N'2025-12-12 18:14:48', N'2025-12-12 18:29:48', N'2025-12-12 18:06:48'),
(N'FECC1DC3-8CF6-4A0F-8B4B-5D86F7BF6897', N'8CFE1909-9711-4069-876A-8748FEAEACCE', N'8997EE91-57BF-4128-8744-7258C0EF7129', N'F14F098F-70EA-4831-A603-590ADB36855C', N'780076EF-5AB2-4E6D-9862-18A341744541', N'BCE840C3-57B4-4692-93A9-07271368E87F', NULL, N'portrait', N'one-sided', 3, 27, 13500, NULL, 0, 13500, N'completed', N'2025-09-09 16:04:02', N'2025-09-09 16:16:02', N'2025-09-09 15:58:02'),
(N'41F754F6-D112-4DC7-98A0-BC1C85FF39F2', N'8CFE1909-9711-4069-876A-8748FEAEACCE', N'F9090D10-897F-4F56-A9C9-D9076A360C1B', N'300161C0-224D-4CF8-9F85-A3D30D7796AF', N'504D93D9-1621-4EAF-B4D9-123FB4B87FA6', N'B17DFFD1-C2EA-4AB5-A267-8AB1B539536C', NULL, N'portrait', N'one-sided', 2, 12, 28800, NULL, 0, 28800, N'completed', N'2025-07-12 13:21:43', N'2025-07-12 13:34:43', N'2025-07-12 13:01:43'),
(N'15256E69-2ACD-4EC1-8EF0-DA75C346B05E', N'8CFE1909-9711-4069-876A-8748FEAEACCE', N'EA4AC6D5-E2B4-4394-A59E-3115F7986AC3', N'C3C40886-4CA3-4819-AEB6-7B77BBC6D9BC', N'504D93D9-1621-4EAF-B4D9-123FB4B87FA6', N'BCE840C3-57B4-4692-93A9-07271368E87F', NULL, N'portrait', N'one-sided', 4, 4, 8000, NULL, 0, 8000, N'completed', N'2025-08-03 16:54:08', N'2025-08-03 17:08:08', N'2025-08-03 16:52:08'),
(N'7AE71BEA-7C7F-420A-86B6-738E157306C0', N'8CFE1909-9711-4069-876A-8748FEAEACCE', N'911CA270-9933-4877-A7FA-BA094959706A', N'9A3FF79A-CCB9-4E81-A948-C11F0E89345C', N'504D93D9-1621-4EAF-B4D9-123FB4B87FA6', N'BCE840C3-57B4-4692-93A9-07271368E87F', NULL, N'portrait', N'one-sided', 1, 1, 2000, NULL, 0, 2000, N'completed', N'2025-08-25 09:45:17', N'2025-08-25 09:47:17', N'2025-08-25 09:19:17'),
(N'2D61B3D6-F543-4E5E-A7EE-7E903F7A5906', N'8CFE1909-9711-4069-876A-8748FEAEACCE', N'781D3BFD-2401-46A3-89A8-4F4B712D9C6E', N'F87B11B4-7C15-48A8-A837-4D070371463D', N'57C220B1-B1A8-421D-A4E0-0751783A4C25', N'B17DFFD1-C2EA-4AB5-A267-8AB1B539536C', NULL, N'portrait', N'double-sided', 1, 1, 1200, NULL, 0, 1200, N'completed', N'2025-10-01 07:14:22', N'2025-10-01 07:28:22', N'2025-10-01 06:58:22'),
(N'DD600A5F-3396-499A-81D8-82707809597F', N'8CFE1909-9711-4069-876A-8748FEAEACCE', N'1FEB69BC-2134-43A3-A10A-71C60EA9238B', N'7DAFA751-B67F-490D-AC6D-B06911BD299E', N'57C220B1-B1A8-421D-A4E0-0751783A4C25', N'BCE840C3-57B4-4692-93A9-07271368E87F', NULL, N'portrait', N'double-sided', 2, 2, 2000, NULL, 0, 2000, N'completed', N'2025-07-17 21:18:58', N'2025-07-17 21:21:58', N'2025-07-17 21:03:58'),
(N'CB889AAD-0BAC-4C55-950B-52F9141AF1CB', N'8CFE1909-9711-4069-876A-8748FEAEACCE', N'313F0FD2-DBC0-4074-BC71-6E759C001C1D', N'A4F9ED2C-31EA-4343-8876-4B54E29E725F', N'57C220B1-B1A8-421D-A4E0-0751783A4C25', N'BCE840C3-57B4-4692-93A9-07271368E87F', NULL, N'portrait', N'one-sided', 1, 7, 7000, NULL, 0, 7000, N'completed', N'2025-09-01 15:23:13', N'2025-09-01 15:34:13', N'2025-09-01 15:11:13'),
(N'C328717C-9576-422F-8BAA-0A9656B863F8', N'8CFE1909-9711-4069-876A-8748FEAEACCE', N'3659F21F-A7DF-4D3C-B975-66D4F2B5C10D', N'3AA13BB9-FA07-474E-99BE-F0A901FF4584', N'57C220B1-B1A8-421D-A4E0-0751783A4C25', N'B17DFFD1-C2EA-4AB5-A267-8AB1B539536C', NULL, N'portrait', N'one-sided', 1, 1, 1200, NULL, 0, 1200, N'completed', N'2025-12-15 13:45:11', N'2025-12-15 13:51:11', N'2025-12-15 13:18:11'),
(N'9D88EEC4-E649-4D30-9506-7D40DC027FEF', N'A35C2B37-4108-465D-BD56-ED058C29B5E7', N'911CA270-9933-4877-A7FA-BA094959706A', N'0DF7FF4D-88AA-4505-8CFD-6DF6ED29E0DA', N'57C220B1-B1A8-421D-A4E0-0751783A4C25', N'B17DFFD1-C2EA-4AB5-A267-8AB1B539536C', NULL, N'portrait', N'one-sided', 1, 1, 1200, NULL, 0, 1200, N'completed', N'2025-08-03 12:25:10', N'2025-08-03 12:39:10', N'2025-08-03 12:17:10'),
(N'0E74F10C-8118-448B-95B2-ED5D6392D2D5', N'A35C2B37-4108-465D-BD56-ED058C29B5E7', N'EA05B480-C45D-4856-A953-FB10B93675FA', N'F7E9787A-AB51-4C94-BC1C-6E65226F25CE', N'57C220B1-B1A8-421D-A4E0-0751783A4C25', N'47A6A72A-76D2-494A-83BC-F6B7E0AE7126', NULL, N'portrait', N'one-sided', 4, 4, 8800, NULL, 0, 8800, N'pending_payment', NULL, NULL, N'2025-12-04 21:10:42'),
(N'ED958639-F737-4BDB-9380-CCD803FDD4F7', N'A35C2B37-4108-465D-BD56-ED058C29B5E7', N'5F445EA1-DC6D-4F01-8ABE-9366E3C584CE', N'1255304B-BB26-4E24-9230-B266DA542FEE', N'57C220B1-B1A8-421D-A4E0-0751783A4C25', N'47A6A72A-76D2-494A-83BC-F6B7E0AE7126', NULL, N'landscape', N'one-sided', 1, 6, 13200, NULL, 0, 13200, N'completed', N'2025-07-04 10:17:11', N'2025-07-04 10:27:11', N'2025-07-04 10:04:11'),
(N'EA608A6F-30AD-495B-9CC5-5B82F6ECADDE', N'A35C2B37-4108-465D-BD56-ED058C29B5E7', N'B5F5ADF2-C0EC-4F5F-88F9-6460349AB0B7', N'C8312F68-F7D1-49BB-95D5-24FDE1AC2B2A', N'504D93D9-1621-4EAF-B4D9-123FB4B87FA6', N'BCE840C3-57B4-4692-93A9-07271368E87F', NULL, N'portrait', N'double-sided', 3, 3, 6000, NULL, 0, 6000, N'completed', N'2025-10-17 17:31:24', N'2025-10-17 17:39:24', N'2025-10-17 17:26:24'),
(N'DED2A736-29D7-4ACB-8BDB-5D70E17845F9', N'A35C2B37-4108-465D-BD56-ED058C29B5E7', N'42B1311C-94FF-481B-905D-06CB5CBBC99B', N'09C8D5EC-49BA-49AF-8F55-4641D1126A8B', N'57C220B1-B1A8-421D-A4E0-0751783A4C25', N'BCE840C3-57B4-4692-93A9-07271368E87F', NULL, N'portrait', N'one-sided', 1, 6, 6000, NULL, 0, 6000, N'completed', N'2025-10-16 13:59:44', N'2025-10-16 14:08:44', N'2025-10-16 13:57:44'),
(N'27B2E3CD-7D8D-49FE-B83A-A7CB676643AD', N'A35C2B37-4108-465D-BD56-ED058C29B5E7', N'C40FCE36-ED05-4597-BE52-E6A6E0F14276', N'91A44FEF-517C-448B-80BD-7043D73D181B', N'780076EF-5AB2-4E6D-9862-18A341744541', N'BCE840C3-57B4-4692-93A9-07271368E87F', NULL, N'portrait', N'one-sided', 1, 5, 2500, NULL, 0, 2500, N'queued', NULL, NULL, N'2025-07-21 10:52:16'),
(N'C1980246-4B15-4950-92CD-209EB1C182F2', N'A35C2B37-4108-465D-BD56-ED058C29B5E7', N'4615648F-2E4B-49BB-9C22-18F68C163CB2', N'23F524A0-25BE-4D98-9CEA-6628E2DC94BE', N'57C220B1-B1A8-421D-A4E0-0751783A4C25', N'BCE840C3-57B4-4692-93A9-07271368E87F', N'8977CDF8-766D-4B25-AA48-BB9FAB4D012E', N'portrait', N'one-sided', 3, 111, 111000, 0.1, 11100, 99900, N'completed', N'2025-08-25 10:00:38', N'2025-08-25 10:08:38', N'2025-08-25 09:54:38'),
(N'A28150E5-256E-4C22-B271-6CEDFA4C860A', N'A35C2B37-4108-465D-BD56-ED058C29B5E7', N'AA775076-B36F-458B-9DC5-D745C6DAA598', N'9C69CAE0-05FF-4F6D-9FFF-CA79393689CD', N'57C220B1-B1A8-421D-A4E0-0751783A4C25', N'B17DFFD1-C2EA-4AB5-A267-8AB1B539536C', NULL, N'portrait', N'one-sided', 1, 14, 16800, NULL, 0, 16800, N'completed', N'2025-08-10 08:42:56', N'2025-08-10 08:57:56', N'2025-08-10 08:35:56'),
(N'439BE682-5880-471C-AB6C-C979C8B1E1C2', N'A35C2B37-4108-465D-BD56-ED058C29B5E7', N'A784F341-AFA1-48EC-A858-0F103907E07A', N'D0FC9CA6-1F3A-4165-8559-668BCACE7092', N'57C220B1-B1A8-421D-A4E0-0751783A4C25', N'47A6A72A-76D2-494A-83BC-F6B7E0AE7126', NULL, N'portrait', N'one-sided', 2, 10, 22000, NULL, 0, 22000, N'completed', N'2025-11-27 20:15:23', N'2025-11-27 20:30:23', N'2025-11-27 20:13:23'),
(N'884A7CAB-62F7-4D46-A8B6-27E30E943FFD', N'A35C2B37-4108-465D-BD56-ED058C29B5E7', N'42B1311C-94FF-481B-905D-06CB5CBBC99B', N'C2C9040C-E941-4F9A-9550-92192849079A', N'57C220B1-B1A8-421D-A4E0-0751783A4C25', N'BCE840C3-57B4-4692-93A9-07271368E87F', NULL, N'portrait', N'one-sided', 1, 29, 29000, NULL, 0, 29000, N'completed', N'2025-11-27 16:52:29', N'2025-11-27 16:53:29', N'2025-11-27 16:42:29'),
(N'1215D8DA-DA56-472B-A919-7A3FA7B8C129', N'A35C2B37-4108-465D-BD56-ED058C29B5E7', N'788ED758-B10D-4F69-AEA2-1FDA4CEA88F4', N'D0CD9383-46E7-483D-B481-37E76B7E760F', N'504D93D9-1621-4EAF-B4D9-123FB4B87FA6', N'BCE840C3-57B4-4692-93A9-07271368E87F', NULL, N'portrait', N'one-sided', 1, 7, 14000, NULL, 0, 14000, N'completed', N'2025-11-25 17:45:04', N'2025-11-25 17:54:04', N'2025-11-25 17:19:04'),
(N'B3941E54-2CFD-40DB-85F1-32471A1BA2FA', N'A35C2B37-4108-465D-BD56-ED058C29B5E7', N'147159DB-B363-453B-B29A-5ED3A4688C19', N'6565B22F-8119-43BF-BEE9-3F5F584361C3', N'57C220B1-B1A8-421D-A4E0-0751783A4C25', N'BCE840C3-57B4-4692-93A9-07271368E87F', NULL, N'portrait', N'double-sided', 2, 22, 22000, NULL, 0, 22000, N'completed', N'2025-07-12 22:58:31', N'2025-07-12 23:04:31', N'2025-07-12 22:52:31'),
(N'24C97B26-7961-43D6-92A4-8EEB98D5282F', N'A35C2B37-4108-465D-BD56-ED058C29B5E7', N'AA775076-B36F-458B-9DC5-D745C6DAA598', N'E1747146-C883-4335-8B4A-049BC36BB1F3', N'504D93D9-1621-4EAF-B4D9-123FB4B87FA6', N'B17DFFD1-C2EA-4AB5-A267-8AB1B539536C', NULL, N'portrait', N'one-sided', 1, 13, 31200, NULL, 0, 31200, N'completed', N'2025-09-16 10:33:36', N'2025-09-16 10:40:36', N'2025-09-16 10:07:36'),
(N'764A9209-AD07-4C43-B57A-A77E15B3388B', N'A35C2B37-4108-465D-BD56-ED058C29B5E7', N'C430BDE0-08E9-4D70-B309-267B77995A93', N'C430AE51-0E22-4E06-88D8-D9AA3E795282', N'504D93D9-1621-4EAF-B4D9-123FB4B87FA6', N'BCE840C3-57B4-4692-93A9-07271368E87F', NULL, N'portrait', N'one-sided', 2, 2, 4000, NULL, 0, 4000, N'completed', N'2025-09-15 06:32:35', N'2025-09-15 06:39:35', N'2025-09-15 06:02:35'),
(N'1DA4EFAF-0AE8-4220-B95D-A0CD262EFE06', N'A35C2B37-4108-465D-BD56-ED058C29B5E7', N'4615648F-2E4B-49BB-9C22-18F68C163CB2', N'1B0380DE-2264-445F-9C34-61D01FEB7A96', N'57C220B1-B1A8-421D-A4E0-0751783A4C25', N'B17DFFD1-C2EA-4AB5-A267-8AB1B539536C', NULL, N'landscape', N'one-sided', 1, 1, 1200, NULL, 0, 1200, N'completed', N'2025-07-24 13:48:16', N'2025-07-24 13:56:16', N'2025-07-24 13:35:16'),
(N'1106B4B4-984F-4CAD-B142-67060DFD6D74', N'30F10E7F-2899-4E90-91A9-834AD35D14C0', N'F64254E0-C2A3-45D1-AEE6-1437B06C21DA', N'5F90F559-2E03-4823-B1A7-85C82085B8A9', N'57C220B1-B1A8-421D-A4E0-0751783A4C25', N'B17DFFD1-C2EA-4AB5-A267-8AB1B539536C', NULL, N'portrait', N'one-sided', 1, 1, 1200, NULL, 0, 1200, N'completed', N'2025-11-02 13:38:48', N'2025-11-02 13:48:48', N'2025-11-02 13:17:48'),
(N'8FC15C57-991F-4FFC-8B6B-8F4D97D2E131', N'30F10E7F-2899-4E90-91A9-834AD35D14C0', N'661E3BE1-3090-4CE6-823C-BF3CEB0D064A', N'2A23FE5E-2E2B-452D-8040-340F6DFAFD31', N'504D93D9-1621-4EAF-B4D9-123FB4B87FA6', N'BCE840C3-57B4-4692-93A9-07271368E87F', NULL, N'portrait', N'one-sided', 1, 18, 36000, NULL, 0, 36000, N'completed', N'2025-11-08 19:45:24', N'2025-11-08 19:54:24', N'2025-11-08 19:16:24'),
(N'1F68DD5B-EBBC-44F7-87AE-7429199A9508', N'30F10E7F-2899-4E90-91A9-834AD35D14C0', N'8BD2A141-9E7E-4AEF-BADF-93E4DD9466AB', N'4479D50F-3263-44A4-9101-8A639316B3BA', N'57C220B1-B1A8-421D-A4E0-0751783A4C25', N'BCE840C3-57B4-4692-93A9-07271368E87F', NULL, N'portrait', N'one-sided', 1, 1, 1000, NULL, 0, 1000, N'completed', N'2025-07-07 11:09:58', N'2025-07-07 11:13:58', N'2025-07-07 10:50:58'),
(N'3653021E-D449-4215-85B0-99E278FE83A9', N'30F10E7F-2899-4E90-91A9-834AD35D14C0', N'A36A84B5-B540-4A5A-8BCC-799DD2BAE2FE', N'0926F835-8054-488E-90C2-4BEEE51280C3', N'57C220B1-B1A8-421D-A4E0-0751783A4C25', N'B17DFFD1-C2EA-4AB5-A267-8AB1B539536C', N'D2471CD4-D02C-496E-83D1-9402DC05B5E0', N'portrait', N'double-sided', 5, 75, 90000, 0.0, 0, 90000, N'completed', N'2025-09-20 17:49:28', N'2025-09-20 17:53:28', N'2025-09-20 17:48:28'),
(N'52ABA704-01B6-480E-86A8-4208C243372F', N'30F10E7F-2899-4E90-91A9-834AD35D14C0', N'313F0FD2-DBC0-4074-BC71-6E759C001C1D', N'D9D8BA27-1F7C-431F-AE8E-119BA1426F5F', N'57C220B1-B1A8-421D-A4E0-0751783A4C25', N'BCE840C3-57B4-4692-93A9-07271368E87F', NULL, N'portrait', N'one-sided', 1, 1, 1000, NULL, 0, 1000, N'completed', N'2025-07-28 19:32:50', N'2025-07-28 19:46:50', N'2025-07-28 19:08:50'),
(N'610478AC-AA41-447F-B795-5D8C733758F4', N'30F10E7F-2899-4E90-91A9-834AD35D14C0', N'9C7E49DC-A89C-4435-AC81-B9C812C1A424', N'2E8D2C5C-5C16-41A8-98DF-9E8BE9581F67', N'57C220B1-B1A8-421D-A4E0-0751783A4C25', N'BCE840C3-57B4-4692-93A9-07271368E87F', NULL, N'portrait', N'double-sided', 3, 36, 36000, NULL, 0, 36000, N'completed', N'2025-07-10 11:16:00', N'2025-07-10 11:18:00', N'2025-07-10 11:02:00'),
(N'B55CF6A8-B02C-440F-B65D-2E9CF892C632', N'30F10E7F-2899-4E90-91A9-834AD35D14C0', N'B5F5ADF2-C0EC-4F5F-88F9-6460349AB0B7', N'1746A76E-7A26-4C24-ABC7-C7B1D462AA72', N'57C220B1-B1A8-421D-A4E0-0751783A4C25', N'BCE840C3-57B4-4692-93A9-07271368E87F', NULL, N'portrait', N'one-sided', 1, 1, 1000, NULL, 0, 1000, N'failed', N'2025-11-09 22:21:17', N'2025-11-09 22:29:17', N'2025-11-09 22:17:17'),
(N'9681069E-D65F-4FEC-B2EE-B017A7759331', N'30F10E7F-2899-4E90-91A9-834AD35D14C0', N'6AD4F422-080C-49FA-BFD3-A86D6387BD30', N'1DC6D520-E494-4A94-A241-9B4FAE822C9A', N'57C220B1-B1A8-421D-A4E0-0751783A4C25', N'B17DFFD1-C2EA-4AB5-A267-8AB1B539536C', NULL, N'portrait', N'one-sided', 1, 24, 28800, NULL, 0, 28800, N'completed', N'2025-11-17 11:12:17', N'2025-11-17 11:13:17', N'2025-11-17 10:54:17'),
(N'E7D4E4F4-F5D9-40ED-AE76-0BBA0A28F46B', N'30F10E7F-2899-4E90-91A9-834AD35D14C0', N'8D79373F-545B-4BCF-A652-451EC71089DF', N'8309F95F-4424-4D9D-B78F-2F56F660C39D', N'57C220B1-B1A8-421D-A4E0-0751783A4C25', N'BCE840C3-57B4-4692-93A9-07271368E87F', NULL, N'portrait', N'one-sided', 1, 1, 1000, NULL, 0, 1000, N'completed', N'2025-07-30 07:10:19', N'2025-07-30 07:17:19', N'2025-07-30 06:48:19'),
(N'D1319EC7-C162-4935-BCB1-8ED0DD37D907', N'A2347010-D0C9-4B15-8766-98F997468DBD', N'313F0FD2-DBC0-4074-BC71-6E759C001C1D', N'35E80077-F7D9-425C-91A5-B4F2460BFDC7', N'57C220B1-B1A8-421D-A4E0-0751783A4C25', N'B17DFFD1-C2EA-4AB5-A267-8AB1B539536C', NULL, N'portrait', N'double-sided', 1, 15, 18000, NULL, 0, 18000, N'completed', N'2025-08-10 11:44:44', N'2025-08-10 11:48:44', N'2025-08-10 11:17:44'),
(N'0DA6BD6D-37FB-47BC-96C2-65D07C9BA3E6', N'A2347010-D0C9-4B15-8766-98F997468DBD', N'1FEB69BC-2134-43A3-A10A-71C60EA9238B', N'6ABBB834-1694-4BAD-8C1D-350D94005055', N'504D93D9-1621-4EAF-B4D9-123FB4B87FA6', N'BCE840C3-57B4-4692-93A9-07271368E87F', NULL, N'portrait', N'double-sided', 3, 36, 72000, NULL, 0, 72000, N'completed', N'2025-10-31 11:32:55', N'2025-10-31 11:40:55', N'2025-10-31 11:08:55'),
(N'CA94FF62-AC79-4817-A032-2F2E41ADA051', N'A2347010-D0C9-4B15-8766-98F997468DBD', N'09790F24-2309-4E4E-8E8A-07ED47E848D6', N'51D8CBEA-A0CA-4BC7-8DBE-AF9727F18ADA', N'57C220B1-B1A8-421D-A4E0-0751783A4C25', N'BCE840C3-57B4-4692-93A9-07271368E87F', NULL, N'portrait', N'double-sided', 1, 4, 4000, NULL, 0, 4000, N'completed', N'2025-11-22 09:59:31', N'2025-11-22 10:06:31', N'2025-11-22 09:30:31'),
(N'CF587E5D-3C31-4560-8A3E-65093AB06549', N'A2347010-D0C9-4B15-8766-98F997468DBD', N'AA775076-B36F-458B-9DC5-D745C6DAA598', N'F177BCDE-4F3D-4CD6-9630-6D015C599307', N'57C220B1-B1A8-421D-A4E0-0751783A4C25', N'BCE840C3-57B4-4692-93A9-07271368E87F', NULL, N'portrait', N'double-sided', 1, 32, 32000, NULL, 0, 32000, N'completed', N'2025-08-26 21:49:19', N'2025-08-26 22:04:19', N'2025-08-26 21:34:19'),
(N'6DCD475F-6694-4515-84EC-AFF421063A95', N'A2347010-D0C9-4B15-8766-98F997468DBD', N'BC993E8A-CD27-4BEE-8DFA-5795DCF7FE64', N'41D7FFEA-AD01-4865-BF20-96A96A754312', N'57C220B1-B1A8-421D-A4E0-0751783A4C25', N'B17DFFD1-C2EA-4AB5-A267-8AB1B539536C', NULL, N'portrait', N'one-sided', 2, 8, 9600, NULL, 0, 9600, N'completed', N'2025-07-30 08:21:44', N'2025-07-30 08:25:44', N'2025-07-30 08:06:44'),
(N'75524338-5210-4D1F-B638-3D706B72861C', N'A2347010-D0C9-4B15-8766-98F997468DBD', N'824CA3FD-EFD0-45AC-90CF-9DFB614ED6BD', N'95BBD112-BC71-430C-AA39-C0C04727930F', N'57C220B1-B1A8-421D-A4E0-0751783A4C25', N'47A6A72A-76D2-494A-83BC-F6B7E0AE7126', NULL, N'portrait', N'one-sided', 1, 1, 2200, NULL, 0, 2200, N'completed', N'2025-07-26 08:18:35', N'2025-07-26 08:19:35', N'2025-07-26 08:07:35'),
(N'6B9112AF-F3ED-450D-996F-B664A259254B', N'A2347010-D0C9-4B15-8766-98F997468DBD', N'F9090D10-897F-4F56-A9C9-D9076A360C1B', N'CAD72679-8EDE-4502-AF92-BEBEFA77D74E', N'57C220B1-B1A8-421D-A4E0-0751783A4C25', N'BCE840C3-57B4-4692-93A9-07271368E87F', NULL, N'portrait', N'one-sided', 1, 36, 36000, NULL, 0, 36000, N'completed', N'2025-12-17 16:35:03', N'2025-12-17 16:40:03', N'2025-12-17 16:21:03'),
(N'E1A35FCE-E054-4FFA-87B5-97959E3C8BBE', N'A2347010-D0C9-4B15-8766-98F997468DBD', N'4CAEC7AA-7A16-4592-8336-BD38631B7BD1', N'A9F9E804-9D53-4979-933E-4965BFFF5529', N'504D93D9-1621-4EAF-B4D9-123FB4B87FA6', N'BCE840C3-57B4-4692-93A9-07271368E87F', NULL, N'portrait', N'one-sided', 1, 1, 2000, NULL, 0, 2000, N'completed', N'2025-10-20 17:12:57', N'2025-10-20 17:21:57', N'2025-10-20 16:59:57'),
(N'9788597D-A9A8-4002-8844-BBABF5CC473F', N'A2347010-D0C9-4B15-8766-98F997468DBD', N'B85CECBC-7699-4BBF-90F9-4F68EE482EE5', N'A9805156-1AB1-4B4B-9FF5-C8E548571BEC', N'57C220B1-B1A8-421D-A4E0-0751783A4C25', N'BCE840C3-57B4-4692-93A9-07271368E87F', NULL, N'landscape', N'one-sided', 1, 1, 1000, NULL, 0, 1000, N'completed', N'2025-10-07 17:04:09', N'2025-10-07 17:16:09', N'2025-10-07 16:53:09'),
(N'092EFADC-5E86-4E82-85A1-85A80F92BD82', N'A2347010-D0C9-4B15-8766-98F997468DBD', N'6AD4F422-080C-49FA-BFD3-A86D6387BD30', N'C1D5D9D9-9EC4-45CD-9828-C3676856CCAE', N'57C220B1-B1A8-421D-A4E0-0751783A4C25', N'BCE840C3-57B4-4692-93A9-07271368E87F', NULL, N'portrait', N'double-sided', 10, 10, 10000, NULL, 0, 10000, N'completed', N'2025-07-20 09:59:37', N'2025-07-20 10:08:37', N'2025-07-20 09:38:37'),
(N'A93D4C3A-F307-4BED-BC53-EEFDE867B44E', N'D6BB5253-3A25-43A3-93E6-4AD256A30DC6', N'0CF6A930-866A-44CE-9337-A8A064C454E2', N'0841CE9D-4123-413E-8C47-24F57C0EBBAB', N'57C220B1-B1A8-421D-A4E0-0751783A4C25', N'BCE840C3-57B4-4692-93A9-07271368E87F', NULL, N'portrait', N'one-sided', 1, 25, 25000, NULL, 0, 25000, N'completed', N'2025-08-31 20:54:31', N'2025-08-31 20:58:31', N'2025-08-31 20:28:31'),
(N'84EF0903-9BD7-4D92-A47B-1FE06C940D21', N'D6BB5253-3A25-43A3-93E6-4AD256A30DC6', N'B5F5ADF2-C0EC-4F5F-88F9-6460349AB0B7', N'7D8EC8D5-360D-4262-A521-71C17698FDDA', N'504D93D9-1621-4EAF-B4D9-123FB4B87FA6', N'BCE840C3-57B4-4692-93A9-07271368E87F', NULL, N'portrait', N'one-sided', 1, 10, 20000, NULL, 0, 20000, N'completed', N'2025-07-27 16:46:09', N'2025-07-27 16:48:09', N'2025-07-27 16:16:09'),
(N'7E93BDD2-EAA6-4C9A-91A4-D736F9CFB921', N'D6BB5253-3A25-43A3-93E6-4AD256A30DC6', N'6F791136-030D-4A49-94A3-F3F56D8B8798', N'7B236F76-23D5-41B8-8B32-0AB38DC0B72E', N'57C220B1-B1A8-421D-A4E0-0751783A4C25', N'BCE840C3-57B4-4692-93A9-07271368E87F', NULL, N'landscape', N'one-sided', 3, 12, 12000, NULL, 0, 12000, N'pending_payment', NULL, NULL, N'2025-11-09 16:03:26'),
(N'29B55414-C6DE-48E5-97D5-6FC686489D7A', N'D6BB5253-3A25-43A3-93E6-4AD256A30DC6', N'F6EB3950-AFEA-455B-8B2F-033155F12E8D', N'49155915-0C40-46AA-BD88-4DA8732A2992', N'57C220B1-B1A8-421D-A4E0-0751783A4C25', N'BCE840C3-57B4-4692-93A9-07271368E87F', NULL, N'landscape', N'one-sided', 1, 2, 2000, NULL, 0, 2000, N'completed', N'2025-09-18 15:20:07', N'2025-09-18 15:22:07', N'2025-09-18 15:00:07'),
(N'5835A31F-6293-47CF-8E3F-51D15595104C', N'D6BB5253-3A25-43A3-93E6-4AD256A30DC6', N'E4D136DC-7BBB-43A8-BB22-EF7E8DA2DEF3', N'D13C221B-2151-4A96-888B-8A9D0FE2F680', N'57C220B1-B1A8-421D-A4E0-0751783A4C25', N'BCE840C3-57B4-4692-93A9-07271368E87F', NULL, N'portrait', N'double-sided', 2, 22, 22000, NULL, 0, 22000, N'completed', N'2025-10-29 15:15:56', N'2025-10-29 15:21:56', N'2025-10-29 15:07:56'),
(N'58C6252C-66F2-4EDB-8F45-A5122B19B1D4', N'D6BB5253-3A25-43A3-93E6-4AD256A30DC6', N'0CF6A930-866A-44CE-9337-A8A064C454E2', N'985D7D91-98F0-4111-8A27-EECD3C421329', N'57C220B1-B1A8-421D-A4E0-0751783A4C25', N'BCE840C3-57B4-4692-93A9-07271368E87F', NULL, N'portrait', N'one-sided', 1, 1, 1000, NULL, 0, 1000, N'queued', NULL, NULL, N'2025-12-09 06:20:11'),
(N'E9CBBED7-952D-4B82-B211-4549904C68BD', N'D6BB5253-3A25-43A3-93E6-4AD256A30DC6', N'147159DB-B363-453B-B29A-5ED3A4688C19', N'1E22C839-37CD-418B-AD89-D6030169F8F9', N'57C220B1-B1A8-421D-A4E0-0751783A4C25', N'BCE840C3-57B4-4692-93A9-07271368E87F', NULL, N'portrait', N'one-sided', 2, 40, 40000, NULL, 0, 40000, N'completed', N'2025-12-10 10:44:46', N'2025-12-10 10:56:46', N'2025-12-10 10:42:46'),
(N'3538862C-8AAC-4C2C-8DFA-7047EC72D0EE', N'D6BB5253-3A25-43A3-93E6-4AD256A30DC6', N'E243EC8F-9C08-45C1-89B4-130CCE463B8A', N'865F1811-271A-4EC6-AC78-B712E9C8FE8F', N'57C220B1-B1A8-421D-A4E0-0751783A4C25', N'BCE840C3-57B4-4692-93A9-07271368E87F', NULL, N'portrait', N'double-sided', 1, 17, 17000, NULL, 0, 17000, N'completed', N'2025-12-10 15:36:55', N'2025-12-10 15:39:55', N'2025-12-10 15:24:55'),
(N'4FF4AB01-1D26-4BDF-88AB-090E48DD02FA', N'D6BB5253-3A25-43A3-93E6-4AD256A30DC6', N'8BD2A141-9E7E-4AEF-BADF-93E4DD9466AB', N'201241E8-CFA8-44DD-A323-77FC39258E7A', N'57C220B1-B1A8-421D-A4E0-0751783A4C25', N'BCE840C3-57B4-4692-93A9-07271368E87F', NULL, N'portrait', N'one-sided', 1, 13, 13000, NULL, 0, 13000, N'completed', N'2025-09-04 11:51:55', N'2025-09-04 12:05:55', N'2025-09-04 11:28:55');

INSERT INTO print_job_page (page_record_id, job_id, page_number, is_printed, printed_at) VALUES
(N'9F523310-B43F-4F8D-B21D-61285C014D9D', N'05AAE0B3-FC04-4DEA-98EB-323101236F7C', 1, 1, N'2025-12-14 11:33:42'),
(N'C6025DE6-8D48-45D3-B345-8D826F57462D', N'5CDEADF3-2273-4E7A-B5FD-5E665951711D', 1, 1, N'2025-12-07 07:02:20'),
(N'56D2886F-5EA0-4E09-B051-1EB8376E5776', N'5CDEADF3-2273-4E7A-B5FD-5E665951711D', 2, 1, N'2025-12-07 07:02:20'),
(N'6DD9363D-318D-4E77-924E-8B59A40FA23D', N'5CDEADF3-2273-4E7A-B5FD-5E665951711D', 3, 0, NULL),
(N'E18669B6-BF0F-4449-B64D-35429CE7C466', N'5CDEADF3-2273-4E7A-B5FD-5E665951711D', 4, 0, NULL),
(N'D350DE34-4C0D-4A44-91F3-64118CFE3A42', N'5CDEADF3-2273-4E7A-B5FD-5E665951711D', 5, 0, NULL),
(N'1FE0F114-44AA-4562-82DC-E13214B05FEC', N'5CDEADF3-2273-4E7A-B5FD-5E665951711D', 6, 0, NULL),
(N'1DE9DC65-F304-41D9-BDFF-484EA47E436B', N'5CDEADF3-2273-4E7A-B5FD-5E665951711D', 7, 0, NULL),
(N'0EC497BB-AD27-4E6C-8601-EA9FB3C2DA1D', N'5CDEADF3-2273-4E7A-B5FD-5E665951711D', 8, 0, NULL),
(N'1FAB7883-46A9-4D91-9094-3FFF33633331', N'5CDEADF3-2273-4E7A-B5FD-5E665951711D', 9, 0, NULL),
(N'F244171C-48D8-42C3-BF9F-C12DA3FF3157', N'5CDEADF3-2273-4E7A-B5FD-5E665951711D', 10, 0, NULL),
(N'EB983A58-8BEF-48EF-9D41-A5418B16103F', N'115EC306-DDA1-4273-87B8-DCB9FF3C2ADB', 1, 0, NULL),
(N'1911CA02-FF45-4084-B593-4737E4DDFA78', N'115EC306-DDA1-4273-87B8-DCB9FF3C2ADB', 2, 0, NULL),
(N'AF74FECE-1E18-4BD8-8102-A93D8546F4BA', N'115EC306-DDA1-4273-87B8-DCB9FF3C2ADB', 3, 0, NULL),
(N'F1D9E091-A423-4D1F-B3AC-6F4786F7C4DF', N'115EC306-DDA1-4273-87B8-DCB9FF3C2ADB', 4, 0, NULL),
(N'9F5C32B0-6C86-4509-85A1-60D2DD2ACA36', N'115EC306-DDA1-4273-87B8-DCB9FF3C2ADB', 5, 0, NULL),
(N'15DDC5C7-5C0A-479F-8ED0-FB8065F5AED0', N'115EC306-DDA1-4273-87B8-DCB9FF3C2ADB', 6, 0, NULL),
(N'16910585-008A-4A56-AFD3-91E9AF2C836C', N'115EC306-DDA1-4273-87B8-DCB9FF3C2ADB', 7, 0, NULL),
(N'24886E24-A2BD-4A7C-97B1-87603C156CD7', N'115EC306-DDA1-4273-87B8-DCB9FF3C2ADB', 8, 0, NULL),
(N'0B00655E-AB2D-4629-BBB8-3E1EA6BEFAB6', N'115EC306-DDA1-4273-87B8-DCB9FF3C2ADB', 9, 0, NULL),
(N'36CFF93E-54B6-470C-B57E-2D44BFCF1656', N'115EC306-DDA1-4273-87B8-DCB9FF3C2ADB', 10, 0, NULL),
(N'8195F311-E269-4941-82F9-BA5A22FD9034', N'115EC306-DDA1-4273-87B8-DCB9FF3C2ADB', 11, 0, NULL),
(N'D91E7B1C-3285-4AE2-A3E3-45F40279FDD9', N'115EC306-DDA1-4273-87B8-DCB9FF3C2ADB', 12, 0, NULL),
(N'92B7709F-642E-4B62-A83F-FB5544237947', N'115EC306-DDA1-4273-87B8-DCB9FF3C2ADB', 13, 0, NULL),
(N'2C98057E-5CB3-4578-B663-9E4591E2C8E4', N'115EC306-DDA1-4273-87B8-DCB9FF3C2ADB', 14, 0, NULL),
(N'96DEBBAB-53F9-4AEE-99F4-6373AAD37076', N'115EC306-DDA1-4273-87B8-DCB9FF3C2ADB', 15, 0, NULL),
(N'372BBA20-43F5-490B-BFF2-C0A31DF3F18B', N'115EC306-DDA1-4273-87B8-DCB9FF3C2ADB', 16, 0, NULL),
(N'8F8CEC0C-69D2-4D28-B527-301B801A1C5F', N'115EC306-DDA1-4273-87B8-DCB9FF3C2ADB', 17, 0, NULL),
(N'F4152008-C30A-49F7-A9ED-E594F16976CF', N'7D91CE6B-14EF-46BB-A593-1FCCF35D0418', 1, 1, N'2025-10-04 21:28:30'),
(N'6645AB7D-57F6-4F07-9D95-B9221C60ECAD', N'7D91CE6B-14EF-46BB-A593-1FCCF35D0418', 2, 1, N'2025-10-04 21:29:30'),
(N'1FBB7497-2D4F-410C-8E83-24640AF817BF', N'7D91CE6B-14EF-46BB-A593-1FCCF35D0418', 3, 1, N'2025-10-04 21:30:30'),
(N'7146136A-BD49-4972-BA8A-613E998B3131', N'7D91CE6B-14EF-46BB-A593-1FCCF35D0418', 4, 1, N'2025-10-04 21:31:30'),
(N'C933C34B-90EA-4879-B116-EF21A18C22BC', N'7D91CE6B-14EF-46BB-A593-1FCCF35D0418', 5, 1, N'2025-10-04 21:32:30'),
(N'13CF7758-8AAF-4434-B563-7D97E946AB76', N'7D91CE6B-14EF-46BB-A593-1FCCF35D0418', 6, 1, N'2025-10-04 21:33:30'),
(N'1888E840-6B97-4EC4-9030-1A2005A1D97E', N'7D91CE6B-14EF-46BB-A593-1FCCF35D0418', 7, 1, N'2025-10-04 21:34:30'),
(N'8D89DB7D-8686-4F0E-9FA8-8EE1F460E96B', N'7D91CE6B-14EF-46BB-A593-1FCCF35D0418', 8, 1, N'2025-10-04 21:35:30'),
(N'4083BEDF-346E-4CB0-B8FD-CB99CBAA32FD', N'9BDEAB6A-0BA0-4F5C-8961-13A9D92AEEC9', 1, 1, N'2025-10-29 06:40:16'),
(N'3789E30F-CA5F-4364-9D70-8A4B3EFF6B0D', N'A4D8C6F0-BE01-4373-98B3-F07887E67928', 1, 1, N'2025-11-06 20:56:23'),
(N'F5D2CD8D-4794-4048-A30C-2169CC4498D0', N'429D9CB6-55E5-4620-96E1-3363FC59D4A1', 1, 1, N'2025-07-09 12:18:14'),
(N'FE07CC97-6E07-47F7-89E1-BA2204784694', N'429D9CB6-55E5-4620-96E1-3363FC59D4A1', 2, 1, N'2025-07-09 12:18:38'),
(N'5473BDCA-F53B-4532-ABCC-85D27ADF6C5D', N'429D9CB6-55E5-4620-96E1-3363FC59D4A1', 3, 1, N'2025-07-09 12:19:02'),
(N'A367F368-7371-45D0-AFCD-32D1A5D6CF34', N'429D9CB6-55E5-4620-96E1-3363FC59D4A1', 4, 1, N'2025-07-09 12:19:26'),
(N'89022B10-7BED-4EAE-AE5D-265DC55135FD', N'429D9CB6-55E5-4620-96E1-3363FC59D4A1', 5, 1, N'2025-07-09 12:19:50'),
(N'EF7B1E35-97C1-47B7-AF68-046331BB48C0', N'429D9CB6-55E5-4620-96E1-3363FC59D4A1', 6, 1, N'2025-07-09 12:20:14'),
(N'76E0457F-52CF-4EE5-89AA-EAD9612FE122', N'429D9CB6-55E5-4620-96E1-3363FC59D4A1', 7, 1, N'2025-07-09 12:20:38'),
(N'481669B9-20F1-4678-83C3-A0BBF131BC56', N'429D9CB6-55E5-4620-96E1-3363FC59D4A1', 8, 1, N'2025-07-09 12:21:02'),
(N'3C18CFD5-3A90-4ED4-ADED-3F0AE0127EAB', N'429D9CB6-55E5-4620-96E1-3363FC59D4A1', 9, 1, N'2025-07-09 12:21:26'),
(N'B3D6B932-162A-4725-88D1-954D02BCA9ED', N'429D9CB6-55E5-4620-96E1-3363FC59D4A1', 10, 1, N'2025-07-09 12:21:50'),
(N'33DB9D83-3782-413F-8ED1-AC93D110241D', N'6095DAA1-B358-467A-9137-56F0AAD1AB7D', 1, 1, N'2025-07-14 21:32:17'),
(N'5C6BAAC1-7DB0-4AD5-924B-E21AC75B4681', N'6095DAA1-B358-467A-9137-56F0AAD1AB7D', 2, 1, N'2025-07-14 21:32:30'),
(N'53F2F967-212C-47A1-824D-7FB1E2C94F20', N'6095DAA1-B358-467A-9137-56F0AAD1AB7D', 3, 1, N'2025-07-14 21:32:43'),
(N'DE0DE964-A87B-4E5F-A513-C54733DFE5D6', N'6095DAA1-B358-467A-9137-56F0AAD1AB7D', 4, 1, N'2025-07-14 21:32:56'),
(N'3C5F16C0-E24A-4726-BB73-8D9439FC3163', N'6095DAA1-B358-467A-9137-56F0AAD1AB7D', 5, 1, N'2025-07-14 21:33:09'),
(N'1529B7B4-16E3-47AB-8450-9F926273C854', N'6095DAA1-B358-467A-9137-56F0AAD1AB7D', 6, 1, N'2025-07-14 21:33:21'),
(N'335CC69C-0618-4316-B6E9-A00B8D224385', N'6095DAA1-B358-467A-9137-56F0AAD1AB7D', 7, 1, N'2025-07-14 21:33:34'),
(N'047ECF9D-C921-43A0-A3C5-06D901F3C99B', N'6095DAA1-B358-467A-9137-56F0AAD1AB7D', 8, 1, N'2025-07-14 21:33:47'),
(N'2E63295C-2E2C-4A99-BD09-E35E3BF72624', N'6095DAA1-B358-467A-9137-56F0AAD1AB7D', 9, 1, N'2025-07-14 21:34:00'),
(N'3ACD834D-3F1D-4EBA-B5B6-9DC237BF3035', N'6095DAA1-B358-467A-9137-56F0AAD1AB7D', 10, 1, N'2025-07-14 21:34:13'),
(N'5C554406-19A5-4B7F-916E-065241FAE74C', N'6095DAA1-B358-467A-9137-56F0AAD1AB7D', 11, 1, N'2025-07-14 21:34:26'),
(N'3DE106EA-80FA-4E6C-9AC8-2A6F4A1D6CEB', N'6095DAA1-B358-467A-9137-56F0AAD1AB7D', 12, 1, N'2025-07-14 21:34:39'),
(N'F0EB8BC5-C75A-4D00-B38E-0B192F9D2653', N'6095DAA1-B358-467A-9137-56F0AAD1AB7D', 13, 1, N'2025-07-14 21:34:51'),
(N'BDEEF6CA-9065-4C8A-8665-3FF45F2837E5', N'6095DAA1-B358-467A-9137-56F0AAD1AB7D', 14, 1, N'2025-07-14 21:35:04'),
(N'D7F4672E-733B-414D-B64D-2375EFF93084', N'007DD33A-769E-4B84-BF51-1DA14BA4AEDD', 1, 1, N'2025-11-26 10:38:12'),
(N'95AD8C63-6114-4BCE-AE32-8295F00D4AD9', N'007DD33A-769E-4B84-BF51-1DA14BA4AEDD', 2, 1, N'2025-11-26 10:43:12'),
(N'5F678D23-9FB7-46DA-BF5A-B63077C643C4', N'007DD33A-769E-4B84-BF51-1DA14BA4AEDD', 3, 1, N'2025-11-26 10:48:12'),
(N'CD34C429-57E0-4E64-94F3-F3A0FABEAD43', N'F30836FF-0E8F-439A-85A1-D8640BB6FACC', 1, 1, N'2025-12-12 18:14:48'),
(N'4498EA25-ADCD-408E-9DF3-BDD466D383CD', N'FECC1DC3-8CF6-4A0F-8B4B-5D86F7BF6897', 1, 1, N'2025-09-09 16:04:02'),
(N'B3DE0B62-CBEF-419C-99FB-9B21C9DA5022', N'FECC1DC3-8CF6-4A0F-8B4B-5D86F7BF6897', 2, 1, N'2025-09-09 16:05:22'),
(N'46F017AA-345A-49F8-A44D-C33C69BC6AFE', N'FECC1DC3-8CF6-4A0F-8B4B-5D86F7BF6897', 3, 1, N'2025-09-09 16:06:42'),
(N'381ABFA7-896D-4C3F-85ED-CB065E8958D6', N'FECC1DC3-8CF6-4A0F-8B4B-5D86F7BF6897', 4, 1, N'2025-09-09 16:08:02'),
(N'0C0A8229-4D57-466A-B3FE-7FBD90F97829', N'FECC1DC3-8CF6-4A0F-8B4B-5D86F7BF6897', 5, 1, N'2025-09-09 16:09:22'),
(N'57234BEF-D801-4EE0-84EF-7BA9BC50DCE9', N'FECC1DC3-8CF6-4A0F-8B4B-5D86F7BF6897', 6, 1, N'2025-09-09 16:10:42'),
(N'0FA59651-6D45-4931-B42F-228657D1C9A8', N'FECC1DC3-8CF6-4A0F-8B4B-5D86F7BF6897', 7, 1, N'2025-09-09 16:12:02'),
(N'9E2D3C7F-28EF-415A-9A56-BEF64EFDC16E', N'FECC1DC3-8CF6-4A0F-8B4B-5D86F7BF6897', 8, 1, N'2025-09-09 16:13:22'),
(N'42E63583-FFA2-461A-948F-E68AFFA2DBB4', N'FECC1DC3-8CF6-4A0F-8B4B-5D86F7BF6897', 9, 1, N'2025-09-09 16:14:42'),
(N'3276E2E1-775F-4C22-ACC0-F0493618F77E', N'41F754F6-D112-4DC7-98A0-BC1C85FF39F2', 1, 1, N'2025-07-12 13:21:43'),
(N'05001956-C823-40BA-8E91-3F4EE8E52443', N'41F754F6-D112-4DC7-98A0-BC1C85FF39F2', 2, 1, N'2025-07-12 13:23:53'),
(N'09FBA0C0-F1EA-4DB6-B645-5F2E2F2530BE', N'41F754F6-D112-4DC7-98A0-BC1C85FF39F2', 3, 1, N'2025-07-12 13:26:03'),
(N'93AA5238-B07F-464B-81D1-FE1339F41310', N'41F754F6-D112-4DC7-98A0-BC1C85FF39F2', 4, 1, N'2025-07-12 13:28:13'),
(N'52A3A057-EAFB-4EF2-8120-E72E1C078FE6', N'41F754F6-D112-4DC7-98A0-BC1C85FF39F2', 5, 1, N'2025-07-12 13:30:23'),
(N'BBB69093-B6FD-471B-85C9-B431509AAFD6', N'41F754F6-D112-4DC7-98A0-BC1C85FF39F2', 6, 1, N'2025-07-12 13:32:33'),
(N'E03CA9FB-90E2-48DC-86CE-AAC71A6622FB', N'15256E69-2ACD-4EC1-8EF0-DA75C346B05E', 1, 1, N'2025-08-03 16:54:08'),
(N'E34545E8-94F5-45EC-BBB2-7A8535EC8563', N'7AE71BEA-7C7F-420A-86B6-738E157306C0', 1, 1, N'2025-08-25 09:45:17'),
(N'5FF5F00C-806F-4C56-9FC9-66A5D7B91D7F', N'2D61B3D6-F543-4E5E-A7EE-7E903F7A5906', 1, 1, N'2025-10-01 07:14:22'),
(N'5BFF13D1-4B4D-4D48-A933-84166633F354', N'DD600A5F-3396-499A-81D8-82707809597F', 1, 1, N'2025-07-17 21:18:58'),
(N'3BD0B483-D69A-49FE-A071-7F3C87710AF3', N'CB889AAD-0BAC-4C55-950B-52F9141AF1CB', 1, 1, N'2025-09-01 15:23:13'),
(N'88A883DF-9F37-4D21-AB14-3F9EE954A226', N'CB889AAD-0BAC-4C55-950B-52F9141AF1CB', 2, 1, N'2025-09-01 15:24:47'),
(N'5504A80A-53EA-4E1D-AFDA-EAEEA7E0A009', N'CB889AAD-0BAC-4C55-950B-52F9141AF1CB', 3, 1, N'2025-09-01 15:26:22'),
(N'C36FA312-F270-4A1B-A565-63DA4BD0A8B5', N'CB889AAD-0BAC-4C55-950B-52F9141AF1CB', 4, 1, N'2025-09-01 15:27:56'),
(N'A9933777-724D-4900-A123-980EDD3E5416', N'CB889AAD-0BAC-4C55-950B-52F9141AF1CB', 5, 1, N'2025-09-01 15:29:30'),
(N'1ED6AE46-4F45-4E94-9E05-5740A27206E5', N'CB889AAD-0BAC-4C55-950B-52F9141AF1CB', 6, 1, N'2025-09-01 15:31:05'),
(N'90016030-76D9-4744-B972-4797DB83A78F', N'CB889AAD-0BAC-4C55-950B-52F9141AF1CB', 7, 1, N'2025-09-01 15:32:39'),
(N'E85D0521-9436-4066-A848-E048E4CD0578', N'C328717C-9576-422F-8BAA-0A9656B863F8', 1, 1, N'2025-12-15 13:45:11'),
(N'9ABF0B40-12D9-46FA-86AF-CC45304244A3', N'9D88EEC4-E649-4D30-9506-7D40DC027FEF', 1, 1, N'2025-08-03 12:25:10'),
(N'58E0E7C2-CE24-4977-84AC-FB1AB1582A57', N'0E74F10C-8118-448B-95B2-ED5D6392D2D5', 1, 0, NULL),
(N'DE48D8F9-A3B5-4D87-AB9F-B5F419603F1E', N'ED958639-F737-4BDB-9380-CCD803FDD4F7', 1, 1, N'2025-07-04 10:17:11'),
(N'31D759F0-FD93-43DE-8A0A-26C8E3BA5178', N'ED958639-F737-4BDB-9380-CCD803FDD4F7', 2, 1, N'2025-07-04 10:18:51'),
(N'25635D38-B45C-4717-91E2-2AFE516A54D3', N'ED958639-F737-4BDB-9380-CCD803FDD4F7', 3, 1, N'2025-07-04 10:20:31'),
(N'B27EBEA4-0080-47B4-ADD8-D9EFA06DCFC3', N'ED958639-F737-4BDB-9380-CCD803FDD4F7', 4, 1, N'2025-07-04 10:22:11'),
(N'C9AF06AF-9585-42D3-A096-63DF59AC4FFC', N'ED958639-F737-4BDB-9380-CCD803FDD4F7', 5, 1, N'2025-07-04 10:23:51'),
(N'41AC787F-7CFA-4170-9001-E10731F6AB75', N'ED958639-F737-4BDB-9380-CCD803FDD4F7', 6, 1, N'2025-07-04 10:25:31'),
(N'28D75699-10A5-4790-A54B-B63D54783444', N'EA608A6F-30AD-495B-9CC5-5B82F6ECADDE', 1, 1, N'2025-10-17 17:31:24'),
(N'497224AD-C1EC-48AF-AA49-240CF00B30DE', N'DED2A736-29D7-4ACB-8BDB-5D70E17845F9', 1, 1, N'2025-10-16 13:59:44'),
(N'9141DC2B-97D5-4E3D-A0CC-39669727E133', N'DED2A736-29D7-4ACB-8BDB-5D70E17845F9', 2, 1, N'2025-10-16 14:01:14'),
(N'69201DDE-A08E-446F-964F-9AE9B8909586', N'DED2A736-29D7-4ACB-8BDB-5D70E17845F9', 3, 1, N'2025-10-16 14:02:44'),
(N'7E25694B-A279-4111-88D5-C09D6CD52E81', N'DED2A736-29D7-4ACB-8BDB-5D70E17845F9', 4, 1, N'2025-10-16 14:04:14'),
(N'876A3CD6-FF85-4F9B-9654-9BCB1E75D987', N'DED2A736-29D7-4ACB-8BDB-5D70E17845F9', 5, 1, N'2025-10-16 14:05:44'),
(N'8EC9D8F4-12C0-432F-84EA-0BC1F1BD05A7', N'DED2A736-29D7-4ACB-8BDB-5D70E17845F9', 6, 1, N'2025-10-16 14:07:14'),
(N'6402FC61-DF00-4B93-AB6E-5CFC33643110', N'27B2E3CD-7D8D-49FE-B83A-A7CB676643AD', 1, 0, NULL),
(N'0B30F923-68D1-44F4-A603-E4FA7F241604', N'27B2E3CD-7D8D-49FE-B83A-A7CB676643AD', 2, 0, NULL),
(N'EF9E22DA-D853-43BC-9E6E-604A52117181', N'27B2E3CD-7D8D-49FE-B83A-A7CB676643AD', 3, 0, NULL),
(N'5BEEE5EB-6D0C-406B-8F6B-B2AF4DB17022', N'27B2E3CD-7D8D-49FE-B83A-A7CB676643AD', 4, 0, NULL),
(N'68131EC7-CDAA-43EA-AFC5-61A850A1FC29', N'27B2E3CD-7D8D-49FE-B83A-A7CB676643AD', 5, 0, NULL),
(N'0AABFA31-4AC0-46E5-8872-1DB13AAFF6DC', N'C1980246-4B15-4950-92CD-209EB1C182F2', 1, 1, N'2025-08-25 10:00:38'),
(N'D072B98F-DC72-44D1-AECB-F9672F361E8C', N'C1980246-4B15-4950-92CD-209EB1C182F2', 2, 1, N'2025-08-25 10:00:51'),
(N'EEEB79D1-EEE7-471D-8D91-831798BF85A5', N'C1980246-4B15-4950-92CD-209EB1C182F2', 3, 1, N'2025-08-25 10:01:04'),
(N'A8979C67-4096-4724-BE8F-1716F9431373', N'C1980246-4B15-4950-92CD-209EB1C182F2', 4, 1, N'2025-08-25 10:01:17'),
(N'45A92692-A392-43CC-914A-E6884E2AC848', N'C1980246-4B15-4950-92CD-209EB1C182F2', 5, 1, N'2025-08-25 10:01:30'),
(N'0B9D2005-6DB4-4B12-ADE3-8A3D4715B703', N'C1980246-4B15-4950-92CD-209EB1C182F2', 6, 1, N'2025-08-25 10:01:43'),
(N'F7A56A33-5E1E-44B0-A6AB-7FA358872D93', N'C1980246-4B15-4950-92CD-209EB1C182F2', 7, 1, N'2025-08-25 10:01:56'),
(N'6C209E9C-2EE5-40C4-90CA-04078E7BB7FF', N'C1980246-4B15-4950-92CD-209EB1C182F2', 8, 1, N'2025-08-25 10:02:09'),
(N'6CA92113-243D-4C83-9FFA-22BFAD39066A', N'C1980246-4B15-4950-92CD-209EB1C182F2', 9, 1, N'2025-08-25 10:02:22'),
(N'BF64D2C4-0220-4A17-BE3E-67B594548B61', N'C1980246-4B15-4950-92CD-209EB1C182F2', 10, 1, N'2025-08-25 10:02:35'),
(N'CF9F5A39-1E85-4FA8-9A53-41EEF1B9A507', N'C1980246-4B15-4950-92CD-209EB1C182F2', 11, 1, N'2025-08-25 10:02:48'),
(N'3E5D6F38-5F90-44FD-8396-48198E2EC445', N'C1980246-4B15-4950-92CD-209EB1C182F2', 12, 1, N'2025-08-25 10:03:01'),
(N'C21B0E44-F0C7-402E-B5A1-525A0CFAC66F', N'C1980246-4B15-4950-92CD-209EB1C182F2', 13, 1, N'2025-08-25 10:03:14'),
(N'71DCAFA9-9BDB-45DE-A7AA-4F8FFA40A268', N'C1980246-4B15-4950-92CD-209EB1C182F2', 14, 1, N'2025-08-25 10:03:27'),
(N'E704D9DD-637D-481B-A26B-E983BB2456AB', N'C1980246-4B15-4950-92CD-209EB1C182F2', 15, 1, N'2025-08-25 10:03:40'),
(N'DD1A905D-5BAF-475B-81B8-AA87F47C51C2', N'C1980246-4B15-4950-92CD-209EB1C182F2', 16, 1, N'2025-08-25 10:03:53'),
(N'D4297935-B6C7-4B9A-877C-049837896EE7', N'C1980246-4B15-4950-92CD-209EB1C182F2', 17, 1, N'2025-08-25 10:04:06'),
(N'F71A114D-D10E-4C9A-ABE2-3BB96700F504', N'C1980246-4B15-4950-92CD-209EB1C182F2', 18, 1, N'2025-08-25 10:04:19'),
(N'F04524AD-F889-4F5A-9508-235E9D58AF1A', N'C1980246-4B15-4950-92CD-209EB1C182F2', 19, 1, N'2025-08-25 10:04:32'),
(N'3FB8A090-BCE1-4E8D-AB39-8C1B64D8D714', N'C1980246-4B15-4950-92CD-209EB1C182F2', 20, 1, N'2025-08-25 10:04:45'),
(N'FDCAE4F0-4FDE-4F37-A7E9-CC16DF7AA032', N'C1980246-4B15-4950-92CD-209EB1C182F2', 21, 1, N'2025-08-25 10:04:58'),
(N'34A02842-8C1C-4CA2-87F5-E4BD9D0A4BD2', N'C1980246-4B15-4950-92CD-209EB1C182F2', 22, 1, N'2025-08-25 10:05:11'),
(N'5C3F741B-46D6-411E-AD1F-F56FC4F6DE99', N'C1980246-4B15-4950-92CD-209EB1C182F2', 23, 1, N'2025-08-25 10:05:24'),
(N'1B5532B6-4E91-4C81-AB8E-05EDDD73C61D', N'C1980246-4B15-4950-92CD-209EB1C182F2', 24, 1, N'2025-08-25 10:05:37'),
(N'1C850005-6750-457B-8D21-F9306C734C30', N'C1980246-4B15-4950-92CD-209EB1C182F2', 25, 1, N'2025-08-25 10:05:50'),
(N'15F28853-79BB-4902-AF37-2908D2C56E78', N'C1980246-4B15-4950-92CD-209EB1C182F2', 26, 1, N'2025-08-25 10:06:03'),
(N'405A31F3-6B5F-4490-8AF7-C4A6318687DC', N'C1980246-4B15-4950-92CD-209EB1C182F2', 27, 1, N'2025-08-25 10:06:15'),
(N'D3682BE3-3DB8-4D04-8593-DF8FC614EF1F', N'C1980246-4B15-4950-92CD-209EB1C182F2', 28, 1, N'2025-08-25 10:06:28'),
(N'AFE023FF-2821-479E-A66D-1AF1B0FA821B', N'C1980246-4B15-4950-92CD-209EB1C182F2', 29, 1, N'2025-08-25 10:06:41'),
(N'9D2EAE2F-9CAD-4AB4-8D1B-752AAB0F3978', N'C1980246-4B15-4950-92CD-209EB1C182F2', 30, 1, N'2025-08-25 10:06:54'),
(N'7EA5FD83-7E11-4392-8FB9-5AB97C0F053B', N'C1980246-4B15-4950-92CD-209EB1C182F2', 31, 1, N'2025-08-25 10:07:07'),
(N'7ABA6C25-EC7E-44F9-9785-E24DDE6042A3', N'C1980246-4B15-4950-92CD-209EB1C182F2', 32, 1, N'2025-08-25 10:07:20'),
(N'F8C90D02-AE46-40E2-9878-B696914DB166', N'C1980246-4B15-4950-92CD-209EB1C182F2', 33, 1, N'2025-08-25 10:07:33'),
(N'CA68FB0D-E9C6-42A5-B128-927E593B7FB5', N'C1980246-4B15-4950-92CD-209EB1C182F2', 34, 1, N'2025-08-25 10:07:46'),
(N'A9EAB745-B4F6-4277-B485-2262ACDE7564', N'C1980246-4B15-4950-92CD-209EB1C182F2', 35, 1, N'2025-08-25 10:07:59'),
(N'BBF61CBC-68FF-4EF9-A0BB-929D354C2FD8', N'C1980246-4B15-4950-92CD-209EB1C182F2', 36, 1, N'2025-08-25 10:08:12'),
(N'1C6DEDBD-89DC-49D7-8F3F-6EE4373B2B8F', N'C1980246-4B15-4950-92CD-209EB1C182F2', 37, 1, N'2025-08-25 10:08:25'),
(N'C14F778A-4C84-475E-A253-21217CC952A3', N'A28150E5-256E-4C22-B271-6CEDFA4C860A', 1, 1, N'2025-08-10 08:42:56'),
(N'B86E18C9-A26B-4502-9E56-D93AFF295B3E', N'A28150E5-256E-4C22-B271-6CEDFA4C860A', 2, 1, N'2025-08-10 08:44:00'),
(N'4492AECC-392D-41A2-934E-2B9AA52FE2CC', N'A28150E5-256E-4C22-B271-6CEDFA4C860A', 3, 1, N'2025-08-10 08:45:05'),
(N'E20A0E93-52EC-4BEC-9C3A-E8646CCC6D6C', N'A28150E5-256E-4C22-B271-6CEDFA4C860A', 4, 1, N'2025-08-10 08:46:09'),
(N'877BCA5A-8C34-4D7E-88AC-0D70BCDB45A4', N'A28150E5-256E-4C22-B271-6CEDFA4C860A', 5, 1, N'2025-08-10 08:47:13'),
(N'794B5BDA-CC3E-4326-BAA3-16449037863E', N'A28150E5-256E-4C22-B271-6CEDFA4C860A', 6, 1, N'2025-08-10 08:48:18'),
(N'982AC338-178F-4BA9-B83B-8C2EBAEF338D', N'A28150E5-256E-4C22-B271-6CEDFA4C860A', 7, 1, N'2025-08-10 08:49:22'),
(N'7E5E1489-AAD0-4F16-A712-7778EA6D084A', N'A28150E5-256E-4C22-B271-6CEDFA4C860A', 8, 1, N'2025-08-10 08:50:26'),
(N'1DE2AD18-C77F-4388-BDED-FBF771FE97DE', N'A28150E5-256E-4C22-B271-6CEDFA4C860A', 9, 1, N'2025-08-10 08:51:30'),
(N'D20CBA41-B7B1-4019-B202-490F2C05FF63', N'A28150E5-256E-4C22-B271-6CEDFA4C860A', 10, 1, N'2025-08-10 08:52:35'),
(N'EA880C37-F921-4624-AB93-629A59BBEFF8', N'A28150E5-256E-4C22-B271-6CEDFA4C860A', 11, 1, N'2025-08-10 08:53:39'),
(N'38C98146-D93B-4055-A995-ED07BA33E211', N'A28150E5-256E-4C22-B271-6CEDFA4C860A', 12, 1, N'2025-08-10 08:54:43'),
(N'73576F99-621B-4B2C-8FBB-389D54C55EFD', N'A28150E5-256E-4C22-B271-6CEDFA4C860A', 13, 1, N'2025-08-10 08:55:48'),
(N'503D40C8-58F1-4E31-9FF9-F293A35C3587', N'A28150E5-256E-4C22-B271-6CEDFA4C860A', 14, 1, N'2025-08-10 08:56:52'),
(N'C713350D-13FF-455F-8C1C-826A413F26A5', N'439BE682-5880-471C-AB6C-C979C8B1E1C2', 1, 1, N'2025-11-27 20:15:23'),
(N'C54541E2-11C5-42EB-B0F9-C6AE25115B47', N'439BE682-5880-471C-AB6C-C979C8B1E1C2', 2, 1, N'2025-11-27 20:18:23'),
(N'9C094E86-0F97-4DDC-968E-84DA4659527D', N'439BE682-5880-471C-AB6C-C979C8B1E1C2', 3, 1, N'2025-11-27 20:21:23'),
(N'AC6FFF7D-938C-44FD-B4D2-3A8DC7E7C8BB', N'439BE682-5880-471C-AB6C-C979C8B1E1C2', 4, 1, N'2025-11-27 20:24:23'),
(N'B96F291E-2521-43D3-99A9-781C9D006409', N'439BE682-5880-471C-AB6C-C979C8B1E1C2', 5, 1, N'2025-11-27 20:27:23'),
(N'CC102CAC-8E27-40CC-A662-D67EDE6162B0', N'884A7CAB-62F7-4D46-A8B6-27E30E943FFD', 1, 1, N'2025-11-27 16:52:29'),
(N'C6ED6820-B21A-407C-89A7-E46D01EC3F40', N'884A7CAB-62F7-4D46-A8B6-27E30E943FFD', 2, 1, N'2025-11-27 16:52:31'),
(N'9D8815F7-9859-4E8B-97B0-E65553B04CC2', N'884A7CAB-62F7-4D46-A8B6-27E30E943FFD', 3, 1, N'2025-11-27 16:52:33'),
(N'633F0506-3C81-4353-9EF4-09188063131F', N'884A7CAB-62F7-4D46-A8B6-27E30E943FFD', 4, 1, N'2025-11-27 16:52:35'),
(N'6A6412AE-E79A-42DF-A8AB-6ADF96190E60', N'884A7CAB-62F7-4D46-A8B6-27E30E943FFD', 5, 1, N'2025-11-27 16:52:37'),
(N'70842B8F-63BA-4A06-A4F2-F4F7F4B6AD48', N'884A7CAB-62F7-4D46-A8B6-27E30E943FFD', 6, 1, N'2025-11-27 16:52:40'),
(N'72A98B06-35DD-4232-9644-93827E2D5A0F', N'884A7CAB-62F7-4D46-A8B6-27E30E943FFD', 7, 1, N'2025-11-27 16:52:42'),
(N'C15B0801-0CA1-4EEC-983C-EB903EF89221', N'884A7CAB-62F7-4D46-A8B6-27E30E943FFD', 8, 1, N'2025-11-27 16:52:44'),
(N'A5A87534-D94D-494D-A997-698F8A4C7BC6', N'884A7CAB-62F7-4D46-A8B6-27E30E943FFD', 9, 1, N'2025-11-27 16:52:46'),
(N'5B69011B-6E98-4F4F-8601-FEA32F65B0A9', N'884A7CAB-62F7-4D46-A8B6-27E30E943FFD', 10, 1, N'2025-11-27 16:52:48'),
(N'1EB5701E-D8EC-4A73-BCF8-5CD7A851B4AE', N'884A7CAB-62F7-4D46-A8B6-27E30E943FFD', 11, 1, N'2025-11-27 16:52:50'),
(N'3269708B-C417-4E02-8683-4ED9D4D2C171', N'884A7CAB-62F7-4D46-A8B6-27E30E943FFD', 12, 1, N'2025-11-27 16:52:52'),
(N'EB135E08-2DF7-4F17-A8DF-67F77658DEB8', N'884A7CAB-62F7-4D46-A8B6-27E30E943FFD', 13, 1, N'2025-11-27 16:52:54'),
(N'63F9C60F-EA86-43C5-9111-86887E9987F6', N'884A7CAB-62F7-4D46-A8B6-27E30E943FFD', 14, 1, N'2025-11-27 16:52:56'),
(N'76AD420A-0648-42D4-B3F7-F165ADE62150', N'884A7CAB-62F7-4D46-A8B6-27E30E943FFD', 15, 1, N'2025-11-27 16:52:58'),
(N'24D79620-F83A-4FE8-A912-F56898F02743', N'884A7CAB-62F7-4D46-A8B6-27E30E943FFD', 16, 1, N'2025-11-27 16:53:00'),
(N'C7FE29F0-C396-4946-8A50-305091FBD919', N'884A7CAB-62F7-4D46-A8B6-27E30E943FFD', 17, 1, N'2025-11-27 16:53:02'),
(N'64D18995-56E8-471D-B000-5378164EF4B2', N'884A7CAB-62F7-4D46-A8B6-27E30E943FFD', 18, 1, N'2025-11-27 16:53:04'),
(N'F2D5006A-BD8C-488F-8F63-38901DBFDE77', N'884A7CAB-62F7-4D46-A8B6-27E30E943FFD', 19, 1, N'2025-11-27 16:53:06'),
(N'58A3952D-D12E-404B-B28B-F600D35E0EFB', N'884A7CAB-62F7-4D46-A8B6-27E30E943FFD', 20, 1, N'2025-11-27 16:53:08'),
(N'EA2ABBC1-8B20-40DC-9F48-48757F0F2412', N'884A7CAB-62F7-4D46-A8B6-27E30E943FFD', 21, 1, N'2025-11-27 16:53:11'),
(N'A6ACE8E8-35B7-477C-9CC7-0BEFBC0B7322', N'884A7CAB-62F7-4D46-A8B6-27E30E943FFD', 22, 1, N'2025-11-27 16:53:13'),
(N'E45DE1E1-8FAD-484B-A77C-59F39C56FED9', N'884A7CAB-62F7-4D46-A8B6-27E30E943FFD', 23, 1, N'2025-11-27 16:53:15'),
(N'9122A383-7CD6-4B87-9F8D-2B2BC3AB73D9', N'884A7CAB-62F7-4D46-A8B6-27E30E943FFD', 24, 1, N'2025-11-27 16:53:17'),
(N'1800F154-06E9-4B1A-BF48-AE61CB353CFF', N'884A7CAB-62F7-4D46-A8B6-27E30E943FFD', 25, 1, N'2025-11-27 16:53:19'),
(N'FA693125-732A-4A05-89F0-0A0C25A700A7', N'884A7CAB-62F7-4D46-A8B6-27E30E943FFD', 26, 1, N'2025-11-27 16:53:21'),
(N'172FA0D3-0673-4D6C-A933-3C6B20A8C4C3', N'884A7CAB-62F7-4D46-A8B6-27E30E943FFD', 27, 1, N'2025-11-27 16:53:23'),
(N'E1CEE3F0-6C8F-459F-BE86-FA414EEE6FB3', N'884A7CAB-62F7-4D46-A8B6-27E30E943FFD', 28, 1, N'2025-11-27 16:53:25'),
(N'D6330935-A5A2-4485-81CC-1A0E619BA0EB', N'884A7CAB-62F7-4D46-A8B6-27E30E943FFD', 29, 1, N'2025-11-27 16:53:27'),
(N'C1EBC486-8DA0-4077-AA21-FCBD6FC5EA02', N'1215D8DA-DA56-472B-A919-7A3FA7B8C129', 1, 1, N'2025-11-25 17:45:04'),
(N'43B85649-ECE6-4A85-A8BC-F2AC3708BE37', N'1215D8DA-DA56-472B-A919-7A3FA7B8C129', 2, 1, N'2025-11-25 17:46:21'),
(N'29B3949B-04D6-46CF-88B9-CA607F26B9A9', N'1215D8DA-DA56-472B-A919-7A3FA7B8C129', 3, 1, N'2025-11-25 17:47:38'),
(N'51A00D89-8C9E-428D-B7F7-4CCCF25F2F8E', N'1215D8DA-DA56-472B-A919-7A3FA7B8C129', 4, 1, N'2025-11-25 17:48:56'),
(N'5AA78316-AE60-4026-8A34-22A90412F36F', N'1215D8DA-DA56-472B-A919-7A3FA7B8C129', 5, 1, N'2025-11-25 17:50:13'),
(N'23B5B1F3-727E-489B-9054-7D932FADB420', N'1215D8DA-DA56-472B-A919-7A3FA7B8C129', 6, 1, N'2025-11-25 17:51:30'),
(N'74919080-E410-41AF-8B78-212B7FE587F3', N'1215D8DA-DA56-472B-A919-7A3FA7B8C129', 7, 1, N'2025-11-25 17:52:47'),
(N'7F880F5F-EA36-4F54-9EC3-7F02B7E2086A', N'B3941E54-2CFD-40DB-85F1-32471A1BA2FA', 1, 1, N'2025-07-12 22:58:31'),
(N'097B4E4D-F7CA-470A-B8E1-130CA3E2FC41', N'B3941E54-2CFD-40DB-85F1-32471A1BA2FA', 2, 1, N'2025-07-12 22:59:04'),
(N'85D565F2-F927-4EE2-AA03-853657CCFA55', N'B3941E54-2CFD-40DB-85F1-32471A1BA2FA', 3, 1, N'2025-07-12 22:59:37'),
(N'FB9F2820-5AE5-43A6-B02F-71E67EB80745', N'B3941E54-2CFD-40DB-85F1-32471A1BA2FA', 4, 1, N'2025-07-12 23:00:09'),
(N'4153199F-7789-4271-914C-9FD11F762FD4', N'B3941E54-2CFD-40DB-85F1-32471A1BA2FA', 5, 1, N'2025-07-12 23:00:42'),
(N'2F877203-0CB4-4AB8-87B0-03AF8BDEBABD', N'B3941E54-2CFD-40DB-85F1-32471A1BA2FA', 6, 1, N'2025-07-12 23:01:15'),
(N'091C57E2-5C21-4922-A139-B29128A7D940', N'B3941E54-2CFD-40DB-85F1-32471A1BA2FA', 7, 1, N'2025-07-12 23:01:48'),
(N'5F0A9B43-468A-4510-AF0D-165045E8CACA', N'B3941E54-2CFD-40DB-85F1-32471A1BA2FA', 8, 1, N'2025-07-12 23:02:20'),
(N'46E9A655-AC19-48C7-A2B4-06C016BAAC26', N'B3941E54-2CFD-40DB-85F1-32471A1BA2FA', 9, 1, N'2025-07-12 23:02:53'),
(N'23BF1FFC-FD5F-47D7-807F-DEEAA92176D7', N'B3941E54-2CFD-40DB-85F1-32471A1BA2FA', 10, 1, N'2025-07-12 23:03:26'),
(N'A7876D9A-E2CE-4FBB-A63E-D98FD17B15CD', N'B3941E54-2CFD-40DB-85F1-32471A1BA2FA', 11, 1, N'2025-07-12 23:03:58'),
(N'9F5CDF44-F409-4AB6-B81B-3ADD87BCB177', N'24C97B26-7961-43D6-92A4-8EEB98D5282F', 1, 1, N'2025-09-16 10:33:36'),
(N'E02B732F-5D27-4727-A018-86D46149CA21', N'24C97B26-7961-43D6-92A4-8EEB98D5282F', 2, 1, N'2025-09-16 10:34:08'),
(N'557F8D1B-8976-4C3E-8BE0-C3F389E3D320', N'24C97B26-7961-43D6-92A4-8EEB98D5282F', 3, 1, N'2025-09-16 10:34:41'),
(N'9377BA22-4733-479F-B09B-0D69906094AA', N'24C97B26-7961-43D6-92A4-8EEB98D5282F', 4, 1, N'2025-09-16 10:35:13'),
(N'3DB88017-23D2-4C6E-8ECF-C82A3DCDA328', N'24C97B26-7961-43D6-92A4-8EEB98D5282F', 5, 1, N'2025-09-16 10:35:45'),
(N'DFC5F027-9346-4730-85B4-52BA6E8A78A8', N'24C97B26-7961-43D6-92A4-8EEB98D5282F', 6, 1, N'2025-09-16 10:36:18'),
(N'659E27B9-74BE-4B38-9A42-D3844DAE8DE7', N'24C97B26-7961-43D6-92A4-8EEB98D5282F', 7, 1, N'2025-09-16 10:36:50'),
(N'00C2AD29-E0C9-4B26-848F-6B2B68D2A87B', N'24C97B26-7961-43D6-92A4-8EEB98D5282F', 8, 1, N'2025-09-16 10:37:22'),
(N'40581E77-F021-4102-A5CE-FCAB8800BD73', N'24C97B26-7961-43D6-92A4-8EEB98D5282F', 9, 1, N'2025-09-16 10:37:55'),
(N'ECF38DE2-1ECE-4F3A-B2F3-B0A41A9D678F', N'24C97B26-7961-43D6-92A4-8EEB98D5282F', 10, 1, N'2025-09-16 10:38:27'),
(N'9D8453E7-6D39-4E97-AE5D-711F4A33F8E2', N'24C97B26-7961-43D6-92A4-8EEB98D5282F', 11, 1, N'2025-09-16 10:38:59'),
(N'EB224038-4924-43CA-88A2-76C6E5B6162B', N'24C97B26-7961-43D6-92A4-8EEB98D5282F', 12, 1, N'2025-09-16 10:39:32'),
(N'C2237BE5-3A69-4F45-95D6-805FA9A1A829', N'24C97B26-7961-43D6-92A4-8EEB98D5282F', 13, 1, N'2025-09-16 10:40:04'),
(N'C9807DB5-E606-40BA-9077-2E177AF4E598', N'764A9209-AD07-4C43-B57A-A77E15B3388B', 1, 1, N'2025-09-15 06:32:35'),
(N'20303DB4-5DDA-49F3-9755-8B7F669437BC', N'1DA4EFAF-0AE8-4220-B95D-A0CD262EFE06', 1, 1, N'2025-07-24 13:48:16'),
(N'93BCBE62-3D63-4B4B-B4CA-DE8237E267CB', N'1106B4B4-984F-4CAD-B142-67060DFD6D74', 1, 1, N'2025-11-02 13:38:48'),
(N'F4FBD81B-6978-4C67-97D5-9B280E957B46', N'8FC15C57-991F-4FFC-8B6B-8F4D97D2E131', 1, 1, N'2025-11-08 19:45:24'),
(N'1828295D-57FA-411A-AA35-0F4CF2775DF7', N'8FC15C57-991F-4FFC-8B6B-8F4D97D2E131', 2, 1, N'2025-11-08 19:45:54'),
(N'2EA2DFD3-A043-4AA3-B7C6-B31AD9ED57EC', N'8FC15C57-991F-4FFC-8B6B-8F4D97D2E131', 3, 1, N'2025-11-08 19:46:24'),
(N'6A00DC53-2423-41D2-A0DE-F5AAE118E065', N'8FC15C57-991F-4FFC-8B6B-8F4D97D2E131', 4, 1, N'2025-11-08 19:46:54'),
(N'81E77E93-C535-4925-AFD2-64962F9B403B', N'8FC15C57-991F-4FFC-8B6B-8F4D97D2E131', 5, 1, N'2025-11-08 19:47:24'),
(N'5A49C471-4B4E-4B48-8DA4-84F62C667A7A', N'8FC15C57-991F-4FFC-8B6B-8F4D97D2E131', 6, 1, N'2025-11-08 19:47:54'),
(N'9C3E10F8-3741-46EF-ABCB-FD633F30E619', N'8FC15C57-991F-4FFC-8B6B-8F4D97D2E131', 7, 1, N'2025-11-08 19:48:24'),
(N'DF7B7637-1B37-42AB-B51F-8313909DA694', N'8FC15C57-991F-4FFC-8B6B-8F4D97D2E131', 8, 1, N'2025-11-08 19:48:54'),
(N'88328C86-C111-4934-A9E2-5CEE56BB4557', N'8FC15C57-991F-4FFC-8B6B-8F4D97D2E131', 9, 1, N'2025-11-08 19:49:24'),
(N'89EDEB14-E0F6-43B3-B760-F485780C6A1F', N'8FC15C57-991F-4FFC-8B6B-8F4D97D2E131', 10, 1, N'2025-11-08 19:49:54'),
(N'16C111E9-6CFC-4A20-9878-E34DF09B1E10', N'8FC15C57-991F-4FFC-8B6B-8F4D97D2E131', 11, 1, N'2025-11-08 19:50:24'),
(N'9328A156-845E-4F72-BAD6-6F2A7E489FA5', N'8FC15C57-991F-4FFC-8B6B-8F4D97D2E131', 12, 1, N'2025-11-08 19:50:54'),
(N'0031EA07-51D7-4C3B-A5A2-4E52503B56D6', N'8FC15C57-991F-4FFC-8B6B-8F4D97D2E131', 13, 1, N'2025-11-08 19:51:24'),
(N'0C060634-439F-4962-BC14-14DFA6961CCB', N'8FC15C57-991F-4FFC-8B6B-8F4D97D2E131', 14, 1, N'2025-11-08 19:51:54'),
(N'A2513BB7-4DE2-4B14-8A45-0A9411AD4B46', N'8FC15C57-991F-4FFC-8B6B-8F4D97D2E131', 15, 1, N'2025-11-08 19:52:24'),
(N'B3A689B6-02D8-42BB-8661-4477B67349E1', N'8FC15C57-991F-4FFC-8B6B-8F4D97D2E131', 16, 1, N'2025-11-08 19:52:54'),
(N'C747F108-9694-4A9B-8185-330DD3EACD83', N'8FC15C57-991F-4FFC-8B6B-8F4D97D2E131', 17, 1, N'2025-11-08 19:53:24'),
(N'80BF19B2-7B34-44B3-AB6E-A8BF4DB13009', N'8FC15C57-991F-4FFC-8B6B-8F4D97D2E131', 18, 1, N'2025-11-08 19:53:54'),
(N'EF1F6387-1C8F-4EAB-A8BC-8949D04B5CED', N'1F68DD5B-EBBC-44F7-87AE-7429199A9508', 1, 1, N'2025-07-07 11:09:58'),
(N'3E4F1CA2-9795-4949-B181-D38B9ABC10F6', N'3653021E-D449-4215-85B0-99E278FE83A9', 1, 1, N'2025-09-20 17:49:28'),
(N'7AB4FE4A-B591-4D16-B524-4A8F80F133A3', N'3653021E-D449-4215-85B0-99E278FE83A9', 2, 1, N'2025-09-20 17:49:44'),
(N'B8FB0076-CCFB-4DA2-86F0-8EF61B6B4CA7', N'3653021E-D449-4215-85B0-99E278FE83A9', 3, 1, N'2025-09-20 17:50:00'),
(N'1BDFCD1C-589D-4423-A667-4D67FC272900', N'3653021E-D449-4215-85B0-99E278FE83A9', 4, 1, N'2025-09-20 17:50:16'),
(N'4AEA5583-5BDD-429F-B025-5D7E471979E5', N'3653021E-D449-4215-85B0-99E278FE83A9', 5, 1, N'2025-09-20 17:50:32'),
(N'F41C8893-B094-49ED-BE97-9191CE02A522', N'3653021E-D449-4215-85B0-99E278FE83A9', 6, 1, N'2025-09-20 17:50:48'),
(N'2E9346D1-E448-4B67-97D3-9CD37866951B', N'3653021E-D449-4215-85B0-99E278FE83A9', 7, 1, N'2025-09-20 17:51:04'),
(N'37289916-A342-4730-BAA8-1E5C61D53665', N'3653021E-D449-4215-85B0-99E278FE83A9', 8, 1, N'2025-09-20 17:51:20'),
(N'E685F6FC-393E-4203-9575-B769B7DD409A', N'3653021E-D449-4215-85B0-99E278FE83A9', 9, 1, N'2025-09-20 17:51:36'),
(N'4E8076C4-205B-46CF-A484-FF669AAC3462', N'3653021E-D449-4215-85B0-99E278FE83A9', 10, 1, N'2025-09-20 17:51:52'),
(N'92A9C69E-7387-486D-83F9-709EAA800E7B', N'3653021E-D449-4215-85B0-99E278FE83A9', 11, 1, N'2025-09-20 17:52:08'),
(N'0C6E9F6B-7F78-4CB5-AEEE-469A051ABD4F', N'3653021E-D449-4215-85B0-99E278FE83A9', 12, 1, N'2025-09-20 17:52:24'),
(N'3105A4C0-2704-4141-A5DA-A45C806211BA', N'3653021E-D449-4215-85B0-99E278FE83A9', 13, 1, N'2025-09-20 17:52:40'),
(N'15793F5B-F576-4050-BB81-66C3E7CF5C69', N'3653021E-D449-4215-85B0-99E278FE83A9', 14, 1, N'2025-09-20 17:52:56'),
(N'96AFC597-B71B-4DEE-8052-2D546911BE2A', N'3653021E-D449-4215-85B0-99E278FE83A9', 15, 1, N'2025-09-20 17:53:12'),
(N'398FCC4E-9C19-47E9-A1D3-20036A71A96E', N'52ABA704-01B6-480E-86A8-4208C243372F', 1, 1, N'2025-07-28 19:32:50'),
(N'7A07FED9-3350-4BF2-B2D2-46B63E9338DF', N'610478AC-AA41-447F-B795-5D8C733758F4', 1, 1, N'2025-07-10 11:16:00'),
(N'33E08D28-3C5B-4B62-8C56-F13FF0703958', N'610478AC-AA41-447F-B795-5D8C733758F4', 2, 1, N'2025-07-10 11:16:10'),
(N'E348F316-DB09-454E-BD8F-980551C33FF1', N'610478AC-AA41-447F-B795-5D8C733758F4', 3, 1, N'2025-07-10 11:16:20'),
(N'6C4184AA-1A6F-491B-A1AB-238F630AB5E1', N'610478AC-AA41-447F-B795-5D8C733758F4', 4, 1, N'2025-07-10 11:16:30'),
(N'3501058E-EADD-4EDC-BFA2-62DEB8A68989', N'610478AC-AA41-447F-B795-5D8C733758F4', 5, 1, N'2025-07-10 11:16:40'),
(N'AC72291C-5630-4E56-A742-F674A67F41A0', N'610478AC-AA41-447F-B795-5D8C733758F4', 6, 1, N'2025-07-10 11:16:50'),
(N'75C885A7-9944-4F30-A2FB-32E37C5DC69F', N'610478AC-AA41-447F-B795-5D8C733758F4', 7, 1, N'2025-07-10 11:17:00'),
(N'FA6CBAF5-EAC7-4945-AD2C-BA2BCE0FE987', N'610478AC-AA41-447F-B795-5D8C733758F4', 8, 1, N'2025-07-10 11:17:10'),
(N'1AE402E4-A115-4039-BDF7-376901AF358E', N'610478AC-AA41-447F-B795-5D8C733758F4', 9, 1, N'2025-07-10 11:17:20'),
(N'271BD41F-DC60-4AFC-BADF-3C9F3926AC1B', N'610478AC-AA41-447F-B795-5D8C733758F4', 10, 1, N'2025-07-10 11:17:30'),
(N'5CA41949-449D-458B-9996-25DE36EEBE28', N'610478AC-AA41-447F-B795-5D8C733758F4', 11, 1, N'2025-07-10 11:17:40'),
(N'A806B162-568D-4F5A-805F-8C2CB0B3A1AF', N'610478AC-AA41-447F-B795-5D8C733758F4', 12, 1, N'2025-07-10 11:17:50'),
(N'D63FD4E3-56A2-4FC1-9A1C-57FFDF7A72F8', N'B55CF6A8-B02C-440F-B65D-2E9CF892C632', 1, 0, NULL),
(N'3210C2A4-5239-4F54-99B8-31122DA64230', N'9681069E-D65F-4FEC-B2EE-B017A7759331', 1, 1, N'2025-11-17 11:12:17'),
(N'A6CD98A5-EF71-491A-9090-1A59C7D5B15D', N'9681069E-D65F-4FEC-B2EE-B017A7759331', 2, 1, N'2025-11-17 11:12:20'),
(N'FAB83A4B-2E43-49E7-BDD6-F3BF3265A481', N'9681069E-D65F-4FEC-B2EE-B017A7759331', 3, 1, N'2025-11-17 11:12:22'),
(N'96DE8042-6255-46FA-94B3-B4DA63F54391', N'9681069E-D65F-4FEC-B2EE-B017A7759331', 4, 1, N'2025-11-17 11:12:25'),
(N'B201B56C-8276-4E42-90C3-FBAF4D4AD7BC', N'9681069E-D65F-4FEC-B2EE-B017A7759331', 5, 1, N'2025-11-17 11:12:27'),
(N'5BDDB812-4681-41B6-B2FA-F3CFF410BB19', N'9681069E-D65F-4FEC-B2EE-B017A7759331', 6, 1, N'2025-11-17 11:12:30'),
(N'4204E25A-83A0-409E-AA8E-BED08AFD3A7A', N'9681069E-D65F-4FEC-B2EE-B017A7759331', 7, 1, N'2025-11-17 11:12:32'),
(N'BE6F91D8-7E25-40C6-B3CE-56248527DC1E', N'9681069E-D65F-4FEC-B2EE-B017A7759331', 8, 1, N'2025-11-17 11:12:35'),
(N'D47FFA60-AEBA-4DD4-9017-A637C6DA861D', N'9681069E-D65F-4FEC-B2EE-B017A7759331', 9, 1, N'2025-11-17 11:12:37'),
(N'6879DB87-D3F5-40E2-9FD9-6CD36DA2E149', N'9681069E-D65F-4FEC-B2EE-B017A7759331', 10, 1, N'2025-11-17 11:12:40'),
(N'62DFDA6C-9F53-4AE7-8818-73B9B6C580BF', N'9681069E-D65F-4FEC-B2EE-B017A7759331', 11, 1, N'2025-11-17 11:12:42'),
(N'F399C0CE-1342-433A-BA98-3089DF83DBE8', N'9681069E-D65F-4FEC-B2EE-B017A7759331', 12, 1, N'2025-11-17 11:12:45'),
(N'E288677C-7024-468E-9498-4ABDAD847FC9', N'9681069E-D65F-4FEC-B2EE-B017A7759331', 13, 1, N'2025-11-17 11:12:47'),
(N'066B8529-CE2A-4E13-8EB3-E9FFE6CE518A', N'9681069E-D65F-4FEC-B2EE-B017A7759331', 14, 1, N'2025-11-17 11:12:50'),
(N'BC7ECABE-646F-4A36-8CA9-FC272BAFC9A3', N'9681069E-D65F-4FEC-B2EE-B017A7759331', 15, 1, N'2025-11-17 11:12:52'),
(N'03CA5975-0F99-4E2C-A721-9ABF917FB908', N'9681069E-D65F-4FEC-B2EE-B017A7759331', 16, 1, N'2025-11-17 11:12:55'),
(N'05BEAB9E-7BE0-4567-9F57-BA7F68CA5A18', N'9681069E-D65F-4FEC-B2EE-B017A7759331', 17, 1, N'2025-11-17 11:12:57'),
(N'78BC8723-98FC-4F94-8949-C9B5751E5D23', N'9681069E-D65F-4FEC-B2EE-B017A7759331', 18, 1, N'2025-11-17 11:13:00'),
(N'17F4A15C-E53D-48B5-9551-2F7334334A4A', N'9681069E-D65F-4FEC-B2EE-B017A7759331', 19, 1, N'2025-11-17 11:13:02'),
(N'58F801EE-C674-4C03-9D8B-1F8F67B8E0EB', N'9681069E-D65F-4FEC-B2EE-B017A7759331', 20, 1, N'2025-11-17 11:13:05'),
(N'C4DB8E9E-31E0-4B77-A2C7-B379FD4A9515', N'9681069E-D65F-4FEC-B2EE-B017A7759331', 21, 1, N'2025-11-17 11:13:07'),
(N'AF9DA97C-5ACB-4954-B6DA-BE0E42B67F1B', N'9681069E-D65F-4FEC-B2EE-B017A7759331', 22, 1, N'2025-11-17 11:13:10'),
(N'B688CC42-8498-4BB4-8CC8-7813624B9700', N'9681069E-D65F-4FEC-B2EE-B017A7759331', 23, 1, N'2025-11-17 11:13:12'),
(N'C81E1CA7-F953-43C6-AB6D-E0B2DCA72CB9', N'9681069E-D65F-4FEC-B2EE-B017A7759331', 24, 1, N'2025-11-17 11:13:15'),
(N'ACCA52D0-D92C-48F5-B108-D5235F84BBF4', N'E7D4E4F4-F5D9-40ED-AE76-0BBA0A28F46B', 1, 1, N'2025-07-30 07:10:19'),
(N'2FF4738E-2CCD-4A20-9668-898166CDCC9C', N'D1319EC7-C162-4935-BCB1-8ED0DD37D907', 1, 1, N'2025-08-10 11:44:44'),
(N'DCAFF3D7-E3F9-44EF-9FFB-F5EF3786E3C4', N'D1319EC7-C162-4935-BCB1-8ED0DD37D907', 2, 1, N'2025-08-10 11:45:00'),
(N'4465C816-E5B5-4C33-86C4-5BD9F762CAFF', N'D1319EC7-C162-4935-BCB1-8ED0DD37D907', 3, 1, N'2025-08-10 11:45:16'),
(N'4693410B-0F9C-43C6-B119-1C88C6AF7595', N'D1319EC7-C162-4935-BCB1-8ED0DD37D907', 4, 1, N'2025-08-10 11:45:32'),
(N'05FFF1EB-DBEC-4E94-B424-FF9420300202', N'D1319EC7-C162-4935-BCB1-8ED0DD37D907', 5, 1, N'2025-08-10 11:45:48'),
(N'855C921D-01A3-490E-BCE3-0D2877C068AC', N'D1319EC7-C162-4935-BCB1-8ED0DD37D907', 6, 1, N'2025-08-10 11:46:04'),
(N'325BCFA1-9F67-4BB8-B9F0-ED4C35B65A1B', N'D1319EC7-C162-4935-BCB1-8ED0DD37D907', 7, 1, N'2025-08-10 11:46:20'),
(N'A58C37BE-5661-4AC9-A89F-0A1F2A28016C', N'D1319EC7-C162-4935-BCB1-8ED0DD37D907', 8, 1, N'2025-08-10 11:46:36'),
(N'BD2BDC2D-2D62-468C-B58A-77F7E30801BC', N'D1319EC7-C162-4935-BCB1-8ED0DD37D907', 9, 1, N'2025-08-10 11:46:52'),
(N'D12AF6D3-34F4-4CBD-834C-7C3AACBB978E', N'D1319EC7-C162-4935-BCB1-8ED0DD37D907', 10, 1, N'2025-08-10 11:47:08'),
(N'1B41D1AD-14DD-4A95-B876-FA441C474A04', N'D1319EC7-C162-4935-BCB1-8ED0DD37D907', 11, 1, N'2025-08-10 11:47:24'),
(N'645DDE4A-F175-4581-9FD3-2F8211342594', N'D1319EC7-C162-4935-BCB1-8ED0DD37D907', 12, 1, N'2025-08-10 11:47:40'),
(N'C713A3F5-A5DD-4480-842E-A29C0FC4B056', N'D1319EC7-C162-4935-BCB1-8ED0DD37D907', 13, 1, N'2025-08-10 11:47:56'),
(N'BEC04A45-7645-4FCC-91A8-18C6A04A3179', N'D1319EC7-C162-4935-BCB1-8ED0DD37D907', 14, 1, N'2025-08-10 11:48:12'),
(N'04662988-1763-4140-907C-E2AE54432F27', N'D1319EC7-C162-4935-BCB1-8ED0DD37D907', 15, 1, N'2025-08-10 11:48:28'),
(N'7D8FCC09-D84C-4913-9652-D04D29DF4CEB', N'0DA6BD6D-37FB-47BC-96C2-65D07C9BA3E6', 1, 1, N'2025-10-31 11:32:55'),
(N'EC60D338-DA77-4B60-B6C0-821204565F06', N'0DA6BD6D-37FB-47BC-96C2-65D07C9BA3E6', 2, 1, N'2025-10-31 11:33:35'),
(N'3F7D1F2F-5ABB-4BCE-8A5C-3C8D68CA20E3', N'0DA6BD6D-37FB-47BC-96C2-65D07C9BA3E6', 3, 1, N'2025-10-31 11:34:15'),
(N'7E5B607C-907B-41AE-870A-66FE86B466A9', N'0DA6BD6D-37FB-47BC-96C2-65D07C9BA3E6', 4, 1, N'2025-10-31 11:34:55'),
(N'281ED228-E6E1-4D3E-A05C-EE6BC0330072', N'0DA6BD6D-37FB-47BC-96C2-65D07C9BA3E6', 5, 1, N'2025-10-31 11:35:35'),
(N'F966B16B-5D4C-49AD-8C18-178F7465CF21', N'0DA6BD6D-37FB-47BC-96C2-65D07C9BA3E6', 6, 1, N'2025-10-31 11:36:15'),
(N'6FCAC364-40FA-4F8F-B53D-1118ACEF6A81', N'0DA6BD6D-37FB-47BC-96C2-65D07C9BA3E6', 7, 1, N'2025-10-31 11:36:55'),
(N'AA2467F3-39B1-45F1-8900-2850D6D35D40', N'0DA6BD6D-37FB-47BC-96C2-65D07C9BA3E6', 8, 1, N'2025-10-31 11:37:35'),
(N'603D6197-6AE7-4A96-934B-6005CEBD0FDF', N'0DA6BD6D-37FB-47BC-96C2-65D07C9BA3E6', 9, 1, N'2025-10-31 11:38:15'),
(N'D5069E7B-80E5-4A86-960C-1D2DC1BAC9F7', N'0DA6BD6D-37FB-47BC-96C2-65D07C9BA3E6', 10, 1, N'2025-10-31 11:38:55'),
(N'025AA4CD-D103-4A20-AF0D-E894453D0D3D', N'0DA6BD6D-37FB-47BC-96C2-65D07C9BA3E6', 11, 1, N'2025-10-31 11:39:35'),
(N'9B8DAB4B-8CCE-448A-BD88-B0B160B27182', N'0DA6BD6D-37FB-47BC-96C2-65D07C9BA3E6', 12, 1, N'2025-10-31 11:40:15'),
(N'0CDC6B24-3785-490D-A004-B32C4B3F7652', N'CA94FF62-AC79-4817-A032-2F2E41ADA051', 1, 1, N'2025-11-22 09:59:31'),
(N'3A0E9093-4F39-4621-BA12-6E8C3EACD3F9', N'CA94FF62-AC79-4817-A032-2F2E41ADA051', 2, 1, N'2025-11-22 10:01:16'),
(N'89B8C58C-78DB-4FCA-A640-47A8A9A32B99', N'CA94FF62-AC79-4817-A032-2F2E41ADA051', 3, 1, N'2025-11-22 10:03:01'),
(N'5674E977-D8FD-4D0C-ADB4-FD865A20BD56', N'CA94FF62-AC79-4817-A032-2F2E41ADA051', 4, 1, N'2025-11-22 10:04:46'),
(N'C08A8213-9DF2-427E-9C74-DC9FB2D8C11D', N'CF587E5D-3C31-4560-8A3E-65093AB06549', 1, 1, N'2025-08-26 21:49:19'),
(N'D4286A85-6F92-41F2-9001-DBB59403F999', N'CF587E5D-3C31-4560-8A3E-65093AB06549', 2, 1, N'2025-08-26 21:49:47'),
(N'301EBFAD-819F-4ED9-B97E-C778CE844C69', N'CF587E5D-3C31-4560-8A3E-65093AB06549', 3, 1, N'2025-08-26 21:50:15'),
(N'C432D2CC-D98E-45B0-9E64-ED4507DB29EA', N'CF587E5D-3C31-4560-8A3E-65093AB06549', 4, 1, N'2025-08-26 21:50:44'),
(N'5ACE80FB-B7FB-4548-ADE4-4FFCAB4B531E', N'CF587E5D-3C31-4560-8A3E-65093AB06549', 5, 1, N'2025-08-26 21:51:12'),
(N'E18C7F16-1FE6-424B-B720-E6167731F61A', N'CF587E5D-3C31-4560-8A3E-65093AB06549', 6, 1, N'2025-08-26 21:51:40'),
(N'3693D92F-F37E-4BC6-B844-BA1CFEAAC8C7', N'CF587E5D-3C31-4560-8A3E-65093AB06549', 7, 1, N'2025-08-26 21:52:08'),
(N'30B3691D-6FEB-412C-85FC-ADC8864BE716', N'CF587E5D-3C31-4560-8A3E-65093AB06549', 8, 1, N'2025-08-26 21:52:36'),
(N'3BD19BA6-9A68-4356-A42A-899575B5CAB0', N'CF587E5D-3C31-4560-8A3E-65093AB06549', 9, 1, N'2025-08-26 21:53:04'),
(N'9476BEA5-672E-42DD-BEC5-F8E3C1A8A610', N'CF587E5D-3C31-4560-8A3E-65093AB06549', 10, 1, N'2025-08-26 21:53:32'),
(N'BC15944C-2B2A-4C68-BE2B-084806C9A0F7', N'CF587E5D-3C31-4560-8A3E-65093AB06549', 11, 1, N'2025-08-26 21:54:00'),
(N'EFF73DF8-8BD4-4565-8028-9B20EB00E3C4', N'CF587E5D-3C31-4560-8A3E-65093AB06549', 12, 1, N'2025-08-26 21:54:29'),
(N'A13C7BC9-EA1F-4276-9D00-F6D977CF3AD3', N'CF587E5D-3C31-4560-8A3E-65093AB06549', 13, 1, N'2025-08-26 21:54:57'),
(N'B81F59D7-F4B0-45BF-9232-071F0E7032A0', N'CF587E5D-3C31-4560-8A3E-65093AB06549', 14, 1, N'2025-08-26 21:55:25'),
(N'E9B745E9-622A-470B-94C1-26DFBFBD606A', N'CF587E5D-3C31-4560-8A3E-65093AB06549', 15, 1, N'2025-08-26 21:55:53'),
(N'0DEC4BD7-088D-4808-978C-4DBC2C58A50C', N'CF587E5D-3C31-4560-8A3E-65093AB06549', 16, 1, N'2025-08-26 21:56:21'),
(N'02819FDF-5B09-41B8-9318-770BB1C6C721', N'CF587E5D-3C31-4560-8A3E-65093AB06549', 17, 1, N'2025-08-26 21:56:49'),
(N'C4A547E4-0A29-43F6-B34E-94CE9724A3C4', N'CF587E5D-3C31-4560-8A3E-65093AB06549', 18, 1, N'2025-08-26 21:57:17'),
(N'812BBFF7-D8DA-41E2-8E8F-C33EB8D34F85', N'CF587E5D-3C31-4560-8A3E-65093AB06549', 19, 1, N'2025-08-26 21:57:45'),
(N'973FB810-D8C2-4B79-A50C-C896F4FF6031', N'CF587E5D-3C31-4560-8A3E-65093AB06549', 20, 1, N'2025-08-26 21:58:14'),
(N'4D70759A-6CB1-4FD0-9FF7-E6D785CA416A', N'CF587E5D-3C31-4560-8A3E-65093AB06549', 21, 1, N'2025-08-26 21:58:42'),
(N'78A1ABAB-3C64-4520-BF3E-915918288153', N'CF587E5D-3C31-4560-8A3E-65093AB06549', 22, 1, N'2025-08-26 21:59:10'),
(N'4BFEFE99-29CF-4D9B-965C-889DBAE21189', N'CF587E5D-3C31-4560-8A3E-65093AB06549', 23, 1, N'2025-08-26 21:59:38'),
(N'12D1EA6F-767B-463E-B6F2-3CE6AF6BE763', N'CF587E5D-3C31-4560-8A3E-65093AB06549', 24, 1, N'2025-08-26 22:00:06'),
(N'D3DD062F-1A2B-460C-97B7-5756C5102D4F', N'CF587E5D-3C31-4560-8A3E-65093AB06549', 25, 1, N'2025-08-26 22:00:34'),
(N'EA2B4B69-6EAD-4AC4-89E5-51570DE96607', N'CF587E5D-3C31-4560-8A3E-65093AB06549', 26, 1, N'2025-08-26 22:01:02'),
(N'589D1E17-F9C5-4496-9395-A9AA73D290E4', N'CF587E5D-3C31-4560-8A3E-65093AB06549', 27, 1, N'2025-08-26 22:01:30'),
(N'291AF88B-3EED-4358-A849-01220442B324', N'CF587E5D-3C31-4560-8A3E-65093AB06549', 28, 1, N'2025-08-26 22:01:59'),
(N'70A1FA3E-4D9B-44B9-8772-5BA2F0D41FA7', N'CF587E5D-3C31-4560-8A3E-65093AB06549', 29, 1, N'2025-08-26 22:02:27'),
(N'0BB4FA17-B611-4647-853A-96E8B5B440B4', N'CF587E5D-3C31-4560-8A3E-65093AB06549', 30, 1, N'2025-08-26 22:02:55'),
(N'A78BBA5B-70C3-4F12-9130-D44B74A41824', N'CF587E5D-3C31-4560-8A3E-65093AB06549', 31, 1, N'2025-08-26 22:03:23'),
(N'8050DB64-DF10-4A70-919A-589A40CB3FDF', N'CF587E5D-3C31-4560-8A3E-65093AB06549', 32, 1, N'2025-08-26 22:03:51'),
(N'14AC6A3C-CDFF-49E3-A691-8C83CB1015C4', N'6DCD475F-6694-4515-84EC-AFF421063A95', 1, 1, N'2025-07-30 08:21:44'),
(N'9025497B-A683-4ADE-A323-8B9CE21598E6', N'6DCD475F-6694-4515-84EC-AFF421063A95', 2, 1, N'2025-07-30 08:22:44'),
(N'B5EC9120-65CB-4271-914C-F4AEBF2B06D4', N'6DCD475F-6694-4515-84EC-AFF421063A95', 3, 1, N'2025-07-30 08:23:44'),
(N'3C12BBA1-F815-48B2-AC46-9AC3A2410BA2', N'6DCD475F-6694-4515-84EC-AFF421063A95', 4, 1, N'2025-07-30 08:24:44'),
(N'2FD25A78-2E8B-4759-9541-510A0742FFA4', N'75524338-5210-4D1F-B638-3D706B72861C', 1, 1, N'2025-07-26 08:18:35'),
(N'4A067E2C-7392-4D77-874D-11D530C3054C', N'6B9112AF-F3ED-450D-996F-B664A259254B', 1, 1, N'2025-12-17 16:35:03'),
(N'3D52199D-5128-4FDA-BACA-314A0566932B', N'6B9112AF-F3ED-450D-996F-B664A259254B', 2, 1, N'2025-12-17 16:35:12'),
(N'0E941552-C3E0-4764-859A-F40D787612B6', N'6B9112AF-F3ED-450D-996F-B664A259254B', 3, 1, N'2025-12-17 16:35:20'),
(N'7980FC69-1999-4346-B167-5276BEA6A92A', N'6B9112AF-F3ED-450D-996F-B664A259254B', 4, 1, N'2025-12-17 16:35:28'),
(N'E5E8EE7F-B7AD-4192-B51A-3F4DAC5A10AE', N'6B9112AF-F3ED-450D-996F-B664A259254B', 5, 1, N'2025-12-17 16:35:37'),
(N'C110EA01-2C8D-46BD-A4C3-09185B0C84EE', N'6B9112AF-F3ED-450D-996F-B664A259254B', 6, 1, N'2025-12-17 16:35:45'),
(N'70F25555-A2BF-4A93-93E0-CD3F9171A8DD', N'6B9112AF-F3ED-450D-996F-B664A259254B', 7, 1, N'2025-12-17 16:35:53'),
(N'0A1B6F8C-6590-4BDB-B634-2B02ED851629', N'6B9112AF-F3ED-450D-996F-B664A259254B', 8, 1, N'2025-12-17 16:36:02'),
(N'C8AC1094-3E53-4D65-8476-8D578D143E02', N'6B9112AF-F3ED-450D-996F-B664A259254B', 9, 1, N'2025-12-17 16:36:10'),
(N'172BCBC7-105B-461F-994B-CDA097453882', N'6B9112AF-F3ED-450D-996F-B664A259254B', 10, 1, N'2025-12-17 16:36:18'),
(N'9EBED604-827F-4243-9049-EA372BB9B939', N'6B9112AF-F3ED-450D-996F-B664A259254B', 11, 1, N'2025-12-17 16:36:27'),
(N'0B20C30F-3E9D-46A5-AADE-CB015FDB9E1C', N'6B9112AF-F3ED-450D-996F-B664A259254B', 12, 1, N'2025-12-17 16:36:35'),
(N'FDF53E43-7AFC-4235-8804-24A596B17AA3', N'6B9112AF-F3ED-450D-996F-B664A259254B', 13, 1, N'2025-12-17 16:36:43'),
(N'F3486758-E171-4B70-A965-6A4D73A9E0C3', N'6B9112AF-F3ED-450D-996F-B664A259254B', 14, 1, N'2025-12-17 16:36:52'),
(N'70FE1895-84F5-48D1-A789-42B247240918', N'6B9112AF-F3ED-450D-996F-B664A259254B', 15, 1, N'2025-12-17 16:37:00'),
(N'72B7B663-9C2C-4539-B55A-E06621A3D841', N'6B9112AF-F3ED-450D-996F-B664A259254B', 16, 1, N'2025-12-17 16:37:08'),
(N'A17862E6-2548-46CC-81A6-D08943D62913', N'6B9112AF-F3ED-450D-996F-B664A259254B', 17, 1, N'2025-12-17 16:37:17'),
(N'44069B3B-97B5-4AB1-987A-CB879F0F2A46', N'6B9112AF-F3ED-450D-996F-B664A259254B', 18, 1, N'2025-12-17 16:37:25'),
(N'358BA690-B07B-4732-83B6-87D945A03036', N'6B9112AF-F3ED-450D-996F-B664A259254B', 19, 1, N'2025-12-17 16:37:33'),
(N'2F8FB972-7180-47EB-8417-6ABF870D777A', N'6B9112AF-F3ED-450D-996F-B664A259254B', 20, 1, N'2025-12-17 16:37:42'),
(N'EA46542F-4016-4287-9A67-AC2F137D187A', N'6B9112AF-F3ED-450D-996F-B664A259254B', 21, 1, N'2025-12-17 16:37:50'),
(N'B2E2BC28-5B3F-4C4A-9C10-C3FE0F785708', N'6B9112AF-F3ED-450D-996F-B664A259254B', 22, 1, N'2025-12-17 16:37:58'),
(N'21FDE54F-8301-4033-9D29-F9BC2802DDF9', N'6B9112AF-F3ED-450D-996F-B664A259254B', 23, 1, N'2025-12-17 16:38:07'),
(N'AA7599F8-DBD6-417F-A1F2-E897FD41715B', N'6B9112AF-F3ED-450D-996F-B664A259254B', 24, 1, N'2025-12-17 16:38:15'),
(N'9189E5F7-F0EE-49F8-8F6F-35A238DF6347', N'6B9112AF-F3ED-450D-996F-B664A259254B', 25, 1, N'2025-12-17 16:38:23'),
(N'FAEDA5F4-CA6C-421F-9B08-B12BA746A38C', N'6B9112AF-F3ED-450D-996F-B664A259254B', 26, 1, N'2025-12-17 16:38:32'),
(N'29786927-D190-44F3-8671-A8C75EA6FA6D', N'6B9112AF-F3ED-450D-996F-B664A259254B', 27, 1, N'2025-12-17 16:38:40'),
(N'EC9B01EB-DE62-4776-AADE-C15FDCB291BF', N'6B9112AF-F3ED-450D-996F-B664A259254B', 28, 1, N'2025-12-17 16:38:48'),
(N'9A033F61-B32B-42B1-8B3A-AD682B4D9BB3', N'6B9112AF-F3ED-450D-996F-B664A259254B', 29, 1, N'2025-12-17 16:38:57'),
(N'F39B7548-B293-4D57-9217-83C06256210B', N'6B9112AF-F3ED-450D-996F-B664A259254B', 30, 1, N'2025-12-17 16:39:05'),
(N'E54FF2A3-99C5-4BFE-A386-CC01BCDC88C8', N'6B9112AF-F3ED-450D-996F-B664A259254B', 31, 1, N'2025-12-17 16:39:13'),
(N'35E54C5C-6829-4B15-A133-C5CFD7056DD4', N'6B9112AF-F3ED-450D-996F-B664A259254B', 32, 1, N'2025-12-17 16:39:22'),
(N'C082A6A5-F6C4-4564-A270-44F916A46B50', N'6B9112AF-F3ED-450D-996F-B664A259254B', 33, 1, N'2025-12-17 16:39:30'),
(N'275FCE16-CF82-469B-A049-CE9F479ECE4E', N'6B9112AF-F3ED-450D-996F-B664A259254B', 34, 1, N'2025-12-17 16:39:38'),
(N'4008A076-AF2C-436D-809D-64FAB02EEC90', N'6B9112AF-F3ED-450D-996F-B664A259254B', 35, 1, N'2025-12-17 16:39:47'),
(N'DED93217-DB2E-46A0-8EF9-BA87A990552C', N'6B9112AF-F3ED-450D-996F-B664A259254B', 36, 1, N'2025-12-17 16:39:55'),
(N'9864B555-B6F2-46BE-81D6-AE911450FD04', N'E1A35FCE-E054-4FFA-87B5-97959E3C8BBE', 1, 1, N'2025-10-20 17:12:57'),
(N'BC532E4D-952E-4F68-873A-320F4C725FF3', N'9788597D-A9A8-4002-8844-BBABF5CC473F', 1, 1, N'2025-10-07 17:04:09'),
(N'B40EC63C-CE81-4870-9CCE-8EAD69F58B7C', N'092EFADC-5E86-4E82-85A1-85A80F92BD82', 1, 1, N'2025-07-20 09:59:37'),
(N'76662346-E727-4F57-BB7F-D7DC590AFCFC', N'A93D4C3A-F307-4BED-BC53-EEFDE867B44E', 1, 1, N'2025-08-31 20:54:31'),
(N'4F43E8DE-7F78-4EA2-AE1F-F58D75CBB845', N'A93D4C3A-F307-4BED-BC53-EEFDE867B44E', 2, 1, N'2025-08-31 20:54:41'),
(N'C96B1938-8052-42D8-A48C-16A2B52103B3', N'A93D4C3A-F307-4BED-BC53-EEFDE867B44E', 3, 1, N'2025-08-31 20:54:50'),
(N'A89596E3-9118-4029-AC5A-32E9C50634A6', N'A93D4C3A-F307-4BED-BC53-EEFDE867B44E', 4, 1, N'2025-08-31 20:55:00'),
(N'DFC2914D-274D-435F-A72C-9622FD5DF4E9', N'A93D4C3A-F307-4BED-BC53-EEFDE867B44E', 5, 1, N'2025-08-31 20:55:10'),
(N'149949A7-DC5F-498C-9E9A-5D9A6F9CB605', N'A93D4C3A-F307-4BED-BC53-EEFDE867B44E', 6, 1, N'2025-08-31 20:55:19'),
(N'B9C6588E-D374-4581-8DF6-564354B1AEA0', N'A93D4C3A-F307-4BED-BC53-EEFDE867B44E', 7, 1, N'2025-08-31 20:55:29'),
(N'8DB19B3D-0C0E-4AA9-A9F5-DDC425612631', N'A93D4C3A-F307-4BED-BC53-EEFDE867B44E', 8, 1, N'2025-08-31 20:55:38'),
(N'8AC81E2E-E629-40C4-A48F-1295F607AF21', N'A93D4C3A-F307-4BED-BC53-EEFDE867B44E', 9, 1, N'2025-08-31 20:55:48'),
(N'ED96529D-8536-44F7-A465-DF2EB5C1CBBF', N'A93D4C3A-F307-4BED-BC53-EEFDE867B44E', 10, 1, N'2025-08-31 20:55:58'),
(N'BD34AC49-455E-46FA-8CD9-E42DBCDFDE1E', N'A93D4C3A-F307-4BED-BC53-EEFDE867B44E', 11, 1, N'2025-08-31 20:56:07'),
(N'626CC584-7E9E-44B3-A7DC-7A3E02A6CE9A', N'A93D4C3A-F307-4BED-BC53-EEFDE867B44E', 12, 1, N'2025-08-31 20:56:17'),
(N'95D70A35-EC45-416C-A668-C1F2F268902A', N'A93D4C3A-F307-4BED-BC53-EEFDE867B44E', 13, 1, N'2025-08-31 20:56:26'),
(N'7231E218-070D-4F35-8F34-694B4E220EAF', N'A93D4C3A-F307-4BED-BC53-EEFDE867B44E', 14, 1, N'2025-08-31 20:56:36'),
(N'D06D1668-5B9D-48E2-AA7B-75622A93ED44', N'A93D4C3A-F307-4BED-BC53-EEFDE867B44E', 15, 1, N'2025-08-31 20:56:46'),
(N'D122A67F-8FB4-4EB5-B237-FA11F363F810', N'A93D4C3A-F307-4BED-BC53-EEFDE867B44E', 16, 1, N'2025-08-31 20:56:55'),
(N'F0EC794B-1DA3-4B74-A0CA-8A3DFB8A9EA0', N'A93D4C3A-F307-4BED-BC53-EEFDE867B44E', 17, 1, N'2025-08-31 20:57:05'),
(N'8EF0F77F-A199-4478-8360-70C4CB5705FB', N'A93D4C3A-F307-4BED-BC53-EEFDE867B44E', 18, 1, N'2025-08-31 20:57:14'),
(N'1E9CA69F-C880-4EAF-8D39-8905E91D811A', N'A93D4C3A-F307-4BED-BC53-EEFDE867B44E', 19, 1, N'2025-08-31 20:57:24'),
(N'E7710B1B-47AD-4A33-A92C-80DF0B9B6DD0', N'A93D4C3A-F307-4BED-BC53-EEFDE867B44E', 20, 1, N'2025-08-31 20:57:34'),
(N'41C5973A-8DF4-410A-8F55-445A46D2056E', N'A93D4C3A-F307-4BED-BC53-EEFDE867B44E', 21, 1, N'2025-08-31 20:57:43'),
(N'6329B1FD-9F4E-49FE-BBA9-7112EF204B7B', N'A93D4C3A-F307-4BED-BC53-EEFDE867B44E', 22, 1, N'2025-08-31 20:57:53'),
(N'0240893D-025E-4141-8DB4-62A804697BB5', N'A93D4C3A-F307-4BED-BC53-EEFDE867B44E', 23, 1, N'2025-08-31 20:58:02'),
(N'0856F420-2F64-42C5-820C-1E34F72C5199', N'A93D4C3A-F307-4BED-BC53-EEFDE867B44E', 24, 1, N'2025-08-31 20:58:12'),
(N'F0A095D2-70C3-4176-84BC-642BE0ECAAAE', N'A93D4C3A-F307-4BED-BC53-EEFDE867B44E', 25, 1, N'2025-08-31 20:58:22'),
(N'DDCBE101-B475-4BEB-9A31-2E350AEAC418', N'84EF0903-9BD7-4D92-A47B-1FE06C940D21', 1, 1, N'2025-07-27 16:46:09'),
(N'9EA881DE-AA93-455A-B672-563FA719180B', N'84EF0903-9BD7-4D92-A47B-1FE06C940D21', 2, 1, N'2025-07-27 16:46:21'),
(N'08CB87F1-B5B5-4191-9DD2-41B1B64BA8C4', N'84EF0903-9BD7-4D92-A47B-1FE06C940D21', 3, 1, N'2025-07-27 16:46:33'),
(N'48686C75-1B04-4D7E-B3BF-C427BAD23853', N'84EF0903-9BD7-4D92-A47B-1FE06C940D21', 4, 1, N'2025-07-27 16:46:45'),
(N'466EF73D-D575-45FF-8621-ECA06A14C63D', N'84EF0903-9BD7-4D92-A47B-1FE06C940D21', 5, 1, N'2025-07-27 16:46:57'),
(N'E0CA23DE-9D64-4367-A9B6-96EE0295AC06', N'84EF0903-9BD7-4D92-A47B-1FE06C940D21', 6, 1, N'2025-07-27 16:47:09'),
(N'850C7AC6-B914-438E-82FE-036321D11971', N'84EF0903-9BD7-4D92-A47B-1FE06C940D21', 7, 1, N'2025-07-27 16:47:21'),
(N'164E9953-D2D0-4AA8-861D-2BFBF0E26BB7', N'84EF0903-9BD7-4D92-A47B-1FE06C940D21', 8, 1, N'2025-07-27 16:47:33'),
(N'9DEE00F8-BDEC-414C-A61D-B6CCC8CE5040', N'84EF0903-9BD7-4D92-A47B-1FE06C940D21', 9, 1, N'2025-07-27 16:47:45'),
(N'5D955177-1773-42DF-A589-39A1B3B3FCC1', N'84EF0903-9BD7-4D92-A47B-1FE06C940D21', 10, 1, N'2025-07-27 16:47:57'),
(N'8B4F6139-5983-42C0-8E00-AD934F0FF552', N'7E93BDD2-EAA6-4C9A-91A4-D736F9CFB921', 1, 0, NULL),
(N'CE60D605-7F18-4252-97FA-EF89CA7C4F39', N'7E93BDD2-EAA6-4C9A-91A4-D736F9CFB921', 2, 0, NULL),
(N'2E0117D1-BF4A-4164-A115-3FA022B218B9', N'7E93BDD2-EAA6-4C9A-91A4-D736F9CFB921', 3, 0, NULL),
(N'5E97EF16-A06B-4576-A4B3-FEFCF5C76B43', N'7E93BDD2-EAA6-4C9A-91A4-D736F9CFB921', 4, 0, NULL),
(N'93D649F4-9CDF-470C-A4B9-E93B22EAF257', N'29B55414-C6DE-48E5-97D5-6FC686489D7A', 1, 1, N'2025-09-18 15:20:07'),
(N'34CB1B7F-E489-4A8E-B598-603C04D25C34', N'29B55414-C6DE-48E5-97D5-6FC686489D7A', 2, 1, N'2025-09-18 15:21:07'),
(N'8A11C408-8F02-43EF-890B-A9F584F35209', N'5835A31F-6293-47CF-8E3F-51D15595104C', 1, 1, N'2025-10-29 15:15:56'),
(N'69440A01-D583-4A6C-9C95-4537F749ECC2', N'5835A31F-6293-47CF-8E3F-51D15595104C', 2, 1, N'2025-10-29 15:16:29'),
(N'78929BB0-DA0F-4CE0-8724-7D8F753E0EA1', N'5835A31F-6293-47CF-8E3F-51D15595104C', 3, 1, N'2025-10-29 15:17:02'),
(N'CF8A5116-292F-4425-92A3-E8DC16E4E713', N'5835A31F-6293-47CF-8E3F-51D15595104C', 4, 1, N'2025-10-29 15:17:34'),
(N'7BB47FCF-F516-45B2-B7D6-9DB7F301B482', N'5835A31F-6293-47CF-8E3F-51D15595104C', 5, 1, N'2025-10-29 15:18:07'),
(N'BE3708AB-C900-4B5A-AB37-4166490F4902', N'5835A31F-6293-47CF-8E3F-51D15595104C', 6, 1, N'2025-10-29 15:18:40'),
(N'30B74E47-C71C-463A-A058-1B4BA79F8C34', N'5835A31F-6293-47CF-8E3F-51D15595104C', 7, 1, N'2025-10-29 15:19:13'),
(N'3CB01A8D-0B53-4C37-9BB8-C26BD694F812', N'5835A31F-6293-47CF-8E3F-51D15595104C', 8, 1, N'2025-10-29 15:19:45'),
(N'753ED155-4EFE-4956-B79E-CED4165A9190', N'5835A31F-6293-47CF-8E3F-51D15595104C', 9, 1, N'2025-10-29 15:20:18'),
(N'FEC192CF-999A-4254-AF08-58B54732FE8D', N'5835A31F-6293-47CF-8E3F-51D15595104C', 10, 1, N'2025-10-29 15:20:51'),
(N'C2BE60AD-F32B-4760-8BC9-870F2047FCE3', N'5835A31F-6293-47CF-8E3F-51D15595104C', 11, 1, N'2025-10-29 15:21:23'),
(N'B247B288-A4FB-4E12-A7E4-D2E79D003D35', N'58C6252C-66F2-4EDB-8F45-A5122B19B1D4', 1, 0, NULL),
(N'9EC855FE-DA74-4D36-8A42-CB42EBF906F2', N'E9CBBED7-952D-4B82-B211-4549904C68BD', 1, 1, N'2025-12-10 10:44:46'),
(N'8CCDCDF9-C23D-4915-A593-BC0E59CDF0BE', N'E9CBBED7-952D-4B82-B211-4549904C68BD', 2, 1, N'2025-12-10 10:45:22'),
(N'8219656C-207F-46F0-8537-554989FE0533', N'E9CBBED7-952D-4B82-B211-4549904C68BD', 3, 1, N'2025-12-10 10:45:58'),
(N'BC0A1E51-B4FE-4BB6-A34A-3337DEDBD10B', N'E9CBBED7-952D-4B82-B211-4549904C68BD', 4, 1, N'2025-12-10 10:46:34'),
(N'5CD6086B-0906-417D-B040-3F42944E6EDD', N'E9CBBED7-952D-4B82-B211-4549904C68BD', 5, 1, N'2025-12-10 10:47:10'),
(N'E04252B0-771A-4854-876C-5B788BE80A0F', N'E9CBBED7-952D-4B82-B211-4549904C68BD', 6, 1, N'2025-12-10 10:47:46'),
(N'FB1BAD28-74F1-47A9-A120-A74F6C95FF7C', N'E9CBBED7-952D-4B82-B211-4549904C68BD', 7, 1, N'2025-12-10 10:48:22'),
(N'93876A78-35EF-40B2-AD83-CA0CF93920E6', N'E9CBBED7-952D-4B82-B211-4549904C68BD', 8, 1, N'2025-12-10 10:48:58'),
(N'198428EC-BD49-4758-8A61-E7A715009937', N'E9CBBED7-952D-4B82-B211-4549904C68BD', 9, 1, N'2025-12-10 10:49:34'),
(N'AADBE2E0-CD2C-4D81-8497-55E32C4EADAB', N'E9CBBED7-952D-4B82-B211-4549904C68BD', 10, 1, N'2025-12-10 10:50:10'),
(N'D7FA926B-3063-4268-9792-2C92EE992AF7', N'E9CBBED7-952D-4B82-B211-4549904C68BD', 11, 1, N'2025-12-10 10:50:46'),
(N'ED0B6B7F-5C32-498A-9E4A-0E4F409710F2', N'E9CBBED7-952D-4B82-B211-4549904C68BD', 12, 1, N'2025-12-10 10:51:22'),
(N'F24B9EAD-273D-499D-B4C8-4F2B312EB7D9', N'E9CBBED7-952D-4B82-B211-4549904C68BD', 13, 1, N'2025-12-10 10:51:58'),
(N'3BD85869-C243-4F63-96B4-EE371751FDCA', N'E9CBBED7-952D-4B82-B211-4549904C68BD', 14, 1, N'2025-12-10 10:52:34'),
(N'39717256-0AA1-46BF-A477-7EE03D3AD0AB', N'E9CBBED7-952D-4B82-B211-4549904C68BD', 15, 1, N'2025-12-10 10:53:10'),
(N'FB34449F-E175-4E75-B520-D2BC734D239B', N'E9CBBED7-952D-4B82-B211-4549904C68BD', 16, 1, N'2025-12-10 10:53:46'),
(N'0EFD7E98-25BE-4616-938D-043AF1000638', N'E9CBBED7-952D-4B82-B211-4549904C68BD', 17, 1, N'2025-12-10 10:54:22'),
(N'6A998E7C-7885-45D7-B37C-08926E3747AE', N'E9CBBED7-952D-4B82-B211-4549904C68BD', 18, 1, N'2025-12-10 10:54:58'),
(N'6BD7899F-691C-451C-8CA8-E2A9E472F344', N'E9CBBED7-952D-4B82-B211-4549904C68BD', 19, 1, N'2025-12-10 10:55:34'),
(N'D14D108F-D722-4165-BC0B-FD06A0BD3394', N'E9CBBED7-952D-4B82-B211-4549904C68BD', 20, 1, N'2025-12-10 10:56:10'),
(N'820A45E6-3379-43AA-8848-73CD1CEAEFD3', N'3538862C-8AAC-4C2C-8DFA-7047EC72D0EE', 1, 1, N'2025-12-10 15:36:55'),
(N'1D53A069-8C7A-4541-9FB4-F01E7B02FEB9', N'3538862C-8AAC-4C2C-8DFA-7047EC72D0EE', 2, 1, N'2025-12-10 15:37:06'),
(N'ECF05AAE-B21D-40BA-AE60-5EC599226D5C', N'3538862C-8AAC-4C2C-8DFA-7047EC72D0EE', 3, 1, N'2025-12-10 15:37:16'),
(N'A7F190CB-4C99-4442-ADC5-2AF5554CE4AC', N'3538862C-8AAC-4C2C-8DFA-7047EC72D0EE', 4, 1, N'2025-12-10 15:37:27'),
(N'A9DB6F15-B995-4E40-80CC-25D6DB482378', N'3538862C-8AAC-4C2C-8DFA-7047EC72D0EE', 5, 1, N'2025-12-10 15:37:38'),
(N'ED6D95D5-F1A5-4023-AEB8-D24104D6B97F', N'3538862C-8AAC-4C2C-8DFA-7047EC72D0EE', 6, 1, N'2025-12-10 15:37:48'),
(N'607AC1DB-08C6-440A-BFD2-6D4889DC32AE', N'3538862C-8AAC-4C2C-8DFA-7047EC72D0EE', 7, 1, N'2025-12-10 15:37:59'),
(N'1B1A8D47-F2E8-4ED4-9A94-E69C4E39D9CF', N'3538862C-8AAC-4C2C-8DFA-7047EC72D0EE', 8, 1, N'2025-12-10 15:38:09'),
(N'BCECC827-6559-4501-889B-33EBA68CF9D5', N'3538862C-8AAC-4C2C-8DFA-7047EC72D0EE', 9, 1, N'2025-12-10 15:38:20'),
(N'BA36026A-0083-40EF-BF9B-3AD0E11551BE', N'3538862C-8AAC-4C2C-8DFA-7047EC72D0EE', 10, 1, N'2025-12-10 15:38:30'),
(N'7D9B99B2-BB12-4C77-B61F-F298315EEF45', N'3538862C-8AAC-4C2C-8DFA-7047EC72D0EE', 11, 1, N'2025-12-10 15:38:41'),
(N'B97FAA0B-47C8-4CE7-BBEB-0D83A6F9D3F2', N'3538862C-8AAC-4C2C-8DFA-7047EC72D0EE', 12, 1, N'2025-12-10 15:38:52'),
(N'5E64C338-0FCA-4A57-AA71-72F5E5FE5BD4', N'3538862C-8AAC-4C2C-8DFA-7047EC72D0EE', 13, 1, N'2025-12-10 15:39:02'),
(N'6E8FF2D1-C11A-4F31-89B7-4EFE5D1ED34B', N'3538862C-8AAC-4C2C-8DFA-7047EC72D0EE', 14, 1, N'2025-12-10 15:39:13'),
(N'D7B4AB3D-437C-4E1D-BCDB-F1B371F05EA1', N'3538862C-8AAC-4C2C-8DFA-7047EC72D0EE', 15, 1, N'2025-12-10 15:39:23'),
(N'677C303D-B753-4F54-9627-57CD813D2B3E', N'3538862C-8AAC-4C2C-8DFA-7047EC72D0EE', 16, 1, N'2025-12-10 15:39:34'),
(N'869261C8-7DB7-49C4-B285-80DB3FD5D4F5', N'3538862C-8AAC-4C2C-8DFA-7047EC72D0EE', 17, 1, N'2025-12-10 15:39:45'),
(N'D01D5F1E-6911-485C-8B1C-37753F2DB99B', N'4FF4AB01-1D26-4BDF-88AB-090E48DD02FA', 1, 1, N'2025-09-04 11:51:55'),
(N'AAF934C4-4F01-4D76-BA93-2EAD7FFD0D58', N'4FF4AB01-1D26-4BDF-88AB-090E48DD02FA', 2, 1, N'2025-09-04 11:53:00'),
(N'B1784B20-D335-42B6-BEA7-56CDC72801AF', N'4FF4AB01-1D26-4BDF-88AB-090E48DD02FA', 3, 1, N'2025-09-04 11:54:04'),
(N'E9B804DE-5C0E-4E25-B05A-C945EB0EC861', N'4FF4AB01-1D26-4BDF-88AB-090E48DD02FA', 4, 1, N'2025-09-04 11:55:09'),
(N'609F25F1-C1D9-4842-8BDC-628D0EAF650E', N'4FF4AB01-1D26-4BDF-88AB-090E48DD02FA', 5, 1, N'2025-09-04 11:56:14'),
(N'FC117379-6C9D-43F6-9A41-59AB1BD52DB6', N'4FF4AB01-1D26-4BDF-88AB-090E48DD02FA', 6, 1, N'2025-09-04 11:57:18'),
(N'3DF1AD7B-A9E7-462C-A3C6-377CCB930614', N'4FF4AB01-1D26-4BDF-88AB-090E48DD02FA', 7, 1, N'2025-09-04 11:58:23'),
(N'4D8B3788-C305-41FF-8103-673F662DEED6', N'4FF4AB01-1D26-4BDF-88AB-090E48DD02FA', 8, 1, N'2025-09-04 11:59:27'),
(N'6ECED515-BA6B-431B-B08B-212AC667D2A8', N'4FF4AB01-1D26-4BDF-88AB-090E48DD02FA', 9, 1, N'2025-09-04 12:00:32'),
(N'C42399E7-BE62-418B-B127-5B8DBE6ABB8B', N'4FF4AB01-1D26-4BDF-88AB-090E48DD02FA', 10, 1, N'2025-09-04 12:01:37'),
(N'51214F08-7CC5-4AA3-B219-A4DD86374ED5', N'4FF4AB01-1D26-4BDF-88AB-090E48DD02FA', 11, 1, N'2025-09-04 12:02:41'),
(N'3469E8BE-190E-4103-B716-CC464E814BE7', N'4FF4AB01-1D26-4BDF-88AB-090E48DD02FA', 12, 1, N'2025-09-04 12:03:46'),
(N'DF33172B-857B-4A31-86A6-9C4EE945F66E', N'4FF4AB01-1D26-4BDF-88AB-090E48DD02FA', 13, 1, N'2025-09-04 12:04:51');


-- ============================================

-- PAYMENT DATA (for Print Jobs)

-- ============================================

INSERT INTO payment (payment_id, job_id, student_id, amount_paid_directly, amount_paid_from_balance, total_amount, payment_method, payment_reference, payment_status, transaction_date) VALUES
(N'912D7B6A-2FF5-4C4A-9BBF-35A9758F98F4', N'05AAE0B3-FC04-4DEA-98EB-323101236F7C', N'13EE90FC-83E6-4B7F-A52E-78B1B8DD34F8', 0, 1000.0, 1000.0, N'balance', N'PAY-476501', N'completed', N'2025-12-14 11:37:42'),
(N'8F8F0978-AC8B-4CF1-B500-58686460B61C', N'5CDEADF3-2273-4E7A-B5FD-5E665951711D', N'13EE90FC-83E6-4B7F-A52E-78B1B8DD34F8', 0, 5000.0, 5000.0, N'balance', N'PAY-926331', N'completed', N'2025-12-07 07:00:20'),
(N'1C9C9750-E8B1-452D-8487-0FFCF8FCE5E2', N'115EC306-DDA1-4273-87B8-DCB9FF3C2ADB', N'13EE90FC-83E6-4B7F-A52E-78B1B8DD34F8', 0, 68000.0, 68000.0, N'balance', N'PAY-148932', N'completed', N'2025-12-12 12:27:43'),
(N'82188B8C-96A8-4192-A03C-52685C4453DB', N'7D91CE6B-14EF-46BB-A593-1FCCF35D0418', N'13EE90FC-83E6-4B7F-A52E-78B1B8DD34F8', 0, 4000.0, 4000.0, N'balance', N'PAY-739538', N'completed', N'2025-10-04 21:51:30'),
(N'4216127F-0722-42A2-B725-22A569D57DB5', N'9BDEAB6A-0BA0-4F5C-8961-13A9D92AEEC9', N'13EE90FC-83E6-4B7F-A52E-78B1B8DD34F8', 0, 2200.0, 2200.0, N'balance', N'PAY-926493', N'completed', N'2025-10-29 07:26:16'),
(N'C5B37F43-78FC-4630-84D0-054A10BE913B', N'A4D8C6F0-BE01-4373-98B3-F07887E67928', N'20E8D03A-7648-4904-972A-E148D2B70278', 0, 1000.0, 1000.0, N'balance', N'PAY-126073', N'completed', N'2025-11-06 21:18:23'),
(N'DBE6D1B2-CECA-4AFF-97EF-FA29A05FFC52', N'429D9CB6-55E5-4620-96E1-3363FC59D4A1', N'20E8D03A-7648-4904-972A-E148D2B70278', 0, 24000.0, 24000.0, N'balance', N'PAY-714664', N'completed', N'2025-07-09 13:29:14'),
(N'506DE171-798A-4013-8394-37BD3B26940E', N'6095DAA1-B358-467A-9137-56F0AAD1AB7D', N'20E8D03A-7648-4904-972A-E148D2B70278', 0, 14000.0, 14000.0, N'balance', N'PAY-948104', N'completed', N'2025-07-14 22:24:17'),
(N'03C8468A-5E00-4859-AC6C-124257809C39', N'007DD33A-769E-4B84-BF51-1DA14BA4AEDD', N'20E8D03A-7648-4904-972A-E148D2B70278', 0, 9000.0, 9000.0, N'balance', N'PAY-135530', N'completed', N'2025-11-26 10:57:12'),
(N'1EF29E9E-2D41-4942-835E-2A56D8184424', N'F30836FF-0E8F-439A-85A1-D8640BB6FACC', N'20E8D03A-7648-4904-972A-E148D2B70278', 0, 10000.0, 10000.0, N'balance', N'PAY-312862', N'completed', N'2025-12-12 18:18:48'),
(N'B5325754-F3D2-4AB3-8245-E2B092F395B4', N'9D88EEC4-E649-4D30-9506-7D40DC027FEF', N'A35C2B37-4108-465D-BD56-ED058C29B5E7', 0, 1200.0, 1200.0, N'balance', N'PAY-161335', N'completed', N'2025-08-03 13:37:10'),
(N'C527288D-EE57-4765-8EC6-E86FD9D14D3E', N'0E74F10C-8118-448B-95B2-ED5D6392D2D5', N'A35C2B37-4108-465D-BD56-ED058C29B5E7', 0, 8800.0, 8800.0, N'balance', N'PAY-599245', N'completed', N'2025-12-04 21:41:42'),
(N'D6F4C95F-70BF-41BF-9B1B-A9934FF2C41C', N'ED958639-F737-4BDB-9380-CCD803FDD4F7', N'A35C2B37-4108-465D-BD56-ED058C29B5E7', 0, 13200.0, 13200.0, N'balance', N'PAY-814283', N'completed', N'2025-07-04 10:13:11'),
(N'AC8E77EB-C250-46C8-AD5B-1E6E40D6487E', N'EA608A6F-30AD-495B-9CC5-5B82F6ECADDE', N'A35C2B37-4108-465D-BD56-ED058C29B5E7', 0, 6000.0, 6000.0, N'balance', N'PAY-399360', N'completed', N'2025-10-17 17:27:24'),
(N'50309B4C-9FC7-4CB4-B841-7ACF3A626300', N'DED2A736-29D7-4ACB-8BDB-5D70E17845F9', N'A35C2B37-4108-465D-BD56-ED058C29B5E7', 0, 6000.0, 6000.0, N'balance', N'PAY-673010', N'completed', N'2025-10-16 14:48:44'),
(N'06214733-CC40-4550-850B-CAB20017E54F', N'27B2E3CD-7D8D-49FE-B83A-A7CB676643AD', N'A35C2B37-4108-465D-BD56-ED058C29B5E7', 0, 2500.0, 2500.0, N'balance', N'PAY-158387', N'completed', N'2025-07-21 11:21:16'),
(N'D9C5BEF7-96F8-413E-9F60-687817DC8D54', N'C1980246-4B15-4950-92CD-209EB1C182F2', N'A35C2B37-4108-465D-BD56-ED058C29B5E7', 0, 99900.0, 99900.0, N'balance', N'PAY-822661', N'completed', N'2025-08-25 10:15:38'),
(N'7C106B12-BA40-4639-A4E9-BD078FF98D98', N'A28150E5-256E-4C22-B271-6CEDFA4C860A', N'A35C2B37-4108-465D-BD56-ED058C29B5E7', 0, 16800.0, 16800.0, N'balance', N'PAY-784753', N'completed', N'2025-08-10 09:51:56'),
(N'37AEC817-09E9-4F9A-8C6F-257C015CDAC1', N'439BE682-5880-471C-AB6C-C979C8B1E1C2', N'A35C2B37-4108-465D-BD56-ED058C29B5E7', 0, 22000.0, 22000.0, N'balance', N'PAY-322071', N'completed', N'2025-11-27 21:35:23'),
(N'D57A567D-BB6A-4E1E-B72F-E88D6CD91CC7', N'884A7CAB-62F7-4D46-A8B6-27E30E943FFD', N'A35C2B37-4108-465D-BD56-ED058C29B5E7', 0, 29000.0, 29000.0, N'balance', N'PAY-175955', N'completed', N'2025-11-27 16:48:29'),
(N'571D8D30-6706-4517-BED4-4129355E35BA', N'1215D8DA-DA56-472B-A919-7A3FA7B8C129', N'A35C2B37-4108-465D-BD56-ED058C29B5E7', 0, 14000.0, 14000.0, N'balance', N'PAY-873233', N'completed', N'2025-11-25 17:30:04'),
(N'7ED6A28C-87C6-47C8-8155-AA11A39FF72A', N'B3941E54-2CFD-40DB-85F1-32471A1BA2FA', N'A35C2B37-4108-465D-BD56-ED058C29B5E7', 0, 22000.0, 22000.0, N'balance', N'PAY-584115', N'completed', N'2025-07-13 00:01:31'),
(N'E4FF7D6A-4980-4F24-B6C1-7BD0C24C57F8', N'24C97B26-7961-43D6-92A4-8EEB98D5282F', N'A35C2B37-4108-465D-BD56-ED058C29B5E7', 0, 31200.0, 31200.0, N'balance', N'PAY-461668', N'completed', N'2025-09-16 10:27:36'),
(N'84BFEA5C-3FC5-4623-9089-D664D7899576', N'764A9209-AD07-4C43-B57A-A77E15B3388B', N'A35C2B37-4108-465D-BD56-ED058C29B5E7', 0, 4000.0, 4000.0, N'balance', N'PAY-408581', N'completed', N'2025-09-15 06:37:35'),
(N'1A8760D9-6ACB-42BE-A453-A431BF4720CF', N'1DA4EFAF-0AE8-4220-B95D-A0CD262EFE06', N'A35C2B37-4108-465D-BD56-ED058C29B5E7', 0, 1200.0, 1200.0, N'balance', N'PAY-387233', N'completed', N'2025-07-24 13:42:16'),
(N'30D03C41-B5D8-4F3C-A405-73889DA2B1BF', N'1106B4B4-984F-4CAD-B142-67060DFD6D74', N'30F10E7F-2899-4E90-91A9-834AD35D14C0', 0, 1200.0, 1200.0, N'balance', N'PAY-186886', N'completed', N'2025-11-02 14:41:48'),
(N'F5286102-5850-470F-8189-0C83FD4A3280', N'8FC15C57-991F-4FFC-8B6B-8F4D97D2E131', N'30F10E7F-2899-4E90-91A9-834AD35D14C0', 0, 36000.0, 36000.0, N'balance', N'PAY-503598', N'completed', N'2025-11-08 20:56:24'),
(N'77BC6013-4B1D-42DD-B484-03B8990E01C0', N'1F68DD5B-EBBC-44F7-87AE-7429199A9508', N'30F10E7F-2899-4E90-91A9-834AD35D14C0', 0, 1000.0, 1000.0, N'balance', N'PAY-589291', N'completed', N'2025-07-07 12:11:58'),
(N'A889C938-96C0-4DE4-8FBF-AE54224E93E9', N'3653021E-D449-4215-85B0-99E278FE83A9', N'30F10E7F-2899-4E90-91A9-834AD35D14C0', 0, 90000.0, 90000.0, N'balance', N'PAY-299223', N'completed', N'2025-09-20 19:22:28'),
(N'713E282D-01E6-4780-A82D-16416BD8EB99', N'52ABA704-01B6-480E-86A8-4208C243372F', N'30F10E7F-2899-4E90-91A9-834AD35D14C0', 0, 1000.0, 1000.0, N'balance', N'PAY-547434', N'completed', N'2025-07-28 20:08:50'),
(N'FA52D4BB-3FE4-414E-970A-1B62D266815F', N'610478AC-AA41-447F-B795-5D8C733758F4', N'30F10E7F-2899-4E90-91A9-834AD35D14C0', 0, 36000.0, 36000.0, N'balance', N'PAY-516192', N'completed', N'2025-07-10 12:41:00'),
(N'ADEB9168-4EEB-4E25-AED7-5C0A5B16C6DC', N'B55CF6A8-B02C-440F-B65D-2E9CF892C632', N'30F10E7F-2899-4E90-91A9-834AD35D14C0', 0, 1000.0, 1000.0, N'balance', N'PAY-109248', N'completed', N'2025-11-09 22:40:17'),
(N'A13CC938-F016-4A1E-B285-72C0F736665E', N'9681069E-D65F-4FEC-B2EE-B017A7759331', N'30F10E7F-2899-4E90-91A9-834AD35D14C0', 0, 28800.0, 28800.0, N'balance', N'PAY-976540', N'completed', N'2025-11-17 12:07:17'),
(N'3DAC234F-C147-4CB9-BC15-6E83A46BEF55', N'E7D4E4F4-F5D9-40ED-AE76-0BBA0A28F46B', N'30F10E7F-2899-4E90-91A9-834AD35D14C0', 0, 1000.0, 1000.0, N'balance', N'PAY-898499', N'completed', N'2025-07-30 07:35:19'),
(N'77E5D637-AA33-4190-8B22-99F18BF95470', N'D1319EC7-C162-4935-BCB1-8ED0DD37D907', N'A2347010-D0C9-4B15-8766-98F997468DBD', 0, 18000.0, 18000.0, N'balance', N'PAY-996815', N'completed', N'2025-08-10 13:10:44'),
(N'2CA9566F-0270-49A2-873E-C998BCB02458', N'0DA6BD6D-37FB-47BC-96C2-65D07C9BA3E6', N'A2347010-D0C9-4B15-8766-98F997468DBD', 0, 72000.0, 72000.0, N'balance', N'PAY-885828', N'completed', N'2025-10-31 12:03:55'),
(N'1AD55A34-C029-437C-A31A-AD0FAAE7055F', N'CA94FF62-AC79-4817-A032-2F2E41ADA051', N'A2347010-D0C9-4B15-8766-98F997468DBD', 0, 4000.0, 4000.0, N'balance', N'PAY-986173', N'completed', N'2025-11-22 11:07:31'),
(N'142A7CB7-B79D-4332-B9DE-18FA84A53BB4', N'CF587E5D-3C31-4560-8A3E-65093AB06549', N'A2347010-D0C9-4B15-8766-98F997468DBD', 0, 32000.0, 32000.0, N'balance', N'PAY-424949', N'completed', N'2025-08-26 22:40:19'),
(N'EA0CA63C-6A78-4AB8-95AB-ED97248127EB', N'6DCD475F-6694-4515-84EC-AFF421063A95', N'A2347010-D0C9-4B15-8766-98F997468DBD', 0, 9600.0, 9600.0, N'balance', N'PAY-713601', N'completed', N'2025-07-30 09:40:44'),
(N'39AE7222-20D7-49A9-90E5-DB6A1ECBC8FE', N'75524338-5210-4D1F-B638-3D706B72861C', N'A2347010-D0C9-4B15-8766-98F997468DBD', 0, 2200.0, 2200.0, N'balance', N'PAY-441765', N'completed', N'2025-07-26 09:37:35'),
(N'1B0FEB72-AE91-4D64-B74B-3C39500C98B0', N'6B9112AF-F3ED-450D-996F-B664A259254B', N'A2347010-D0C9-4B15-8766-98F997468DBD', 0, 36000.0, 36000.0, N'balance', N'PAY-429227', N'completed', N'2025-12-17 17:03:03'),
(N'52313576-E9B0-4A31-BF4F-9A01B2BABA22', N'E1A35FCE-E054-4FFA-87B5-97959E3C8BBE', N'A2347010-D0C9-4B15-8766-98F997468DBD', 0, 2000.0, 2000.0, N'balance', N'PAY-713652', N'completed', N'2025-10-20 17:39:57'),
(N'D834E42B-C405-49BD-8AD8-9D422F0404DD', N'9788597D-A9A8-4002-8844-BBABF5CC473F', N'A2347010-D0C9-4B15-8766-98F997468DBD', 0, 1000.0, 1000.0, N'balance', N'PAY-450732', N'completed', N'2025-10-07 16:57:09'),
(N'F2CE203E-9876-4702-9EC4-B5A94B0114CB', N'092EFADC-5E86-4E82-85A1-85A80F92BD82', N'A2347010-D0C9-4B15-8766-98F997468DBD', 0, 10000.0, 10000.0, N'balance', N'PAY-760785', N'completed', N'2025-07-20 10:08:37'),
(N'CE952EC1-F151-4728-B261-510F152DAA73', N'A93D4C3A-F307-4BED-BC53-EEFDE867B44E', N'D6BB5253-3A25-43A3-93E6-4AD256A30DC6', 0, 25000.0, 25000.0, N'balance', N'PAY-165580', N'completed', N'2025-08-31 21:38:31'),
(N'8984083F-7609-4D51-9E25-F98D2FD6BC1D', N'84EF0903-9BD7-4D92-A47B-1FE06C940D21', N'D6BB5253-3A25-43A3-93E6-4AD256A30DC6', 0, 20000.0, 20000.0, N'balance', N'PAY-350492', N'completed', N'2025-07-27 16:56:09'),
(N'2C2F5E6F-C526-44F2-87D8-ACF2D9474E82', N'7E93BDD2-EAA6-4C9A-91A4-D736F9CFB921', N'D6BB5253-3A25-43A3-93E6-4AD256A30DC6', 0, 12000.0, 12000.0, N'balance', N'PAY-294664', N'completed', N'2025-11-09 17:55:26'),
(N'592632CE-98BB-4FF4-8DDC-65415B6977F0', N'29B55414-C6DE-48E5-97D5-6FC686489D7A', N'D6BB5253-3A25-43A3-93E6-4AD256A30DC6', 0, 2000.0, 2000.0, N'balance', N'PAY-561964', N'completed', N'2025-09-18 16:49:07'),
(N'D70B5AB3-B2BB-495D-9FBE-6CAC333844EE', N'5835A31F-6293-47CF-8E3F-51D15595104C', N'D6BB5253-3A25-43A3-93E6-4AD256A30DC6', 0, 22000.0, 22000.0, N'balance', N'PAY-521320', N'completed', N'2025-10-29 16:38:56'),
(N'3E568D40-8657-4BA9-AABE-607AB153118A', N'58C6252C-66F2-4EDB-8F45-A5122B19B1D4', N'D6BB5253-3A25-43A3-93E6-4AD256A30DC6', 0, 1000.0, 1000.0, N'balance', N'PAY-824200', N'completed', N'2025-12-09 07:09:11'),
(N'8DBCADFB-5944-4841-9A89-CA9FF781D107', N'E9CBBED7-952D-4B82-B211-4549904C68BD', N'D6BB5253-3A25-43A3-93E6-4AD256A30DC6', 0, 40000.0, 40000.0, N'balance', N'PAY-169826', N'completed', N'2025-12-10 11:50:46'),
(N'DE90BA1B-E08F-4384-B77A-0CA0047429B1', N'3538862C-8AAC-4C2C-8DFA-7047EC72D0EE', N'D6BB5253-3A25-43A3-93E6-4AD256A30DC6', 0, 17000.0, 17000.0, N'balance', N'PAY-990392', N'completed', N'2025-12-10 15:59:55'),
(N'BA3625D6-CCC6-4951-82FE-ED705667DC83', N'4FF4AB01-1D26-4BDF-88AB-090E48DD02FA', N'D6BB5253-3A25-43A3-93E6-4AD256A30DC6', 0, 13000.0, 13000.0, N'balance', N'PAY-828296', N'completed', N'2025-09-04 12:32:55');


-- ============================================

-- STUDENT WALLET LEDGER DATA

-- ============================================

INSERT INTO student_wallet_ledger (ledger_id, student_id, amount, direction, source_type, source_table, source_id, description, created_at) VALUES
(N'F7947B8B-FEDE-44FC-9772-E191307AC8AD', N'13EE90FC-83E6-4B7F-A52E-78B1B8DD34F8', 750000, N'IN', N'DEPOSIT', N'deposit', N'F0C5C707-BF73-465D-987F-311A087BB93A', N'Nạp tiền: $750000.00', N'2025-07-24 16:04:26'),
(N'ECADBDDD-F659-4071-B7DA-50624609DF58', N'13EE90FC-83E6-4B7F-A52E-78B1B8DD34F8', 225000, N'IN', N'DEPOSIT', N'deposit', N'F0C5C707-BF73-465D-987F-311A087BB93A', N'Bonus nạp tiền: $225000.00', N'2025-07-24 16:04:26'),
(N'7120CDCF-D637-47E8-925D-63E36B050FEA', N'13EE90FC-83E6-4B7F-A52E-78B1B8DD34F8', 375000, N'IN', N'DEPOSIT', N'deposit', N'B7B7363C-6109-44F7-835D-FB70E8082BF3', N'Nạp tiền: $375000.00', N'2025-12-23 16:04:26'),
(N'E59BB601-BF26-431B-87AB-7BC549B841C9', N'13EE90FC-83E6-4B7F-A52E-78B1B8DD34F8', 93750, N'IN', N'DEPOSIT', N'deposit', N'B7B7363C-6109-44F7-835D-FB70E8082BF3', N'Bonus nạp tiền: $93750.00', N'2025-12-23 16:04:26'),
(N'1EFB6B49-ADB2-4CCC-8B4C-6B9BD84A0886', N'13EE90FC-83E6-4B7F-A52E-78B1B8DD34F8', 750000, N'IN', N'DEPOSIT', N'deposit', N'A1E8537E-6506-4240-AA9D-DE1BD8DBB2E0', N'Nạp tiền: $750000.00', N'2025-08-25 16:04:26'),
(N'5B74CB8C-792F-4FBF-8FE4-DB3926633271', N'13EE90FC-83E6-4B7F-A52E-78B1B8DD34F8', 225000, N'IN', N'DEPOSIT', N'deposit', N'A1E8537E-6506-4240-AA9D-DE1BD8DBB2E0', N'Bonus nạp tiền: $225000.00', N'2025-08-25 16:04:26'),
(N'63C38415-325D-4525-8782-636B35E76ABD', N'13EE90FC-83E6-4B7F-A52E-78B1B8DD34F8', 2500000, N'IN', N'DEPOSIT', N'deposit', N'44838FF1-39CC-4354-BBC7-33C8E6292BBC', N'Nạp tiền: $2500000.00', N'2025-09-22 16:04:26'),
(N'E32C8650-42F6-489C-8114-2ED21FA03F80', N'13EE90FC-83E6-4B7F-A52E-78B1B8DD34F8', 750000, N'IN', N'DEPOSIT', N'deposit', N'44838FF1-39CC-4354-BBC7-33C8E6292BBC', N'Bonus nạp tiền: $750000.00', N'2025-09-22 16:04:26'),
(N'03AE65F0-87BC-4958-A641-117CF4C8D8D1', N'13EE90FC-83E6-4B7F-A52E-78B1B8DD34F8', 750000, N'IN', N'DEPOSIT', N'deposit', N'6F9BEEE4-79EA-4159-9288-6C18ACBD163D', N'Nạp tiền: $750000.00', N'2025-10-02 16:04:26'),
(N'BB9F6D61-226F-48D4-8888-D5779071FDF4', N'13EE90FC-83E6-4B7F-A52E-78B1B8DD34F8', 225000, N'IN', N'DEPOSIT', N'deposit', N'6F9BEEE4-79EA-4159-9288-6C18ACBD163D', N'Bonus nạp tiền: $225000.00', N'2025-10-02 16:04:26'),
(N'03782FAA-5A2C-438B-8E27-0F4D190FBBD1', N'13EE90FC-83E6-4B7F-A52E-78B1B8DD34F8', 250000, N'IN', N'DEPOSIT', N'deposit', N'521AC9BD-A813-4463-BBA3-6C857C9CEEC0', N'Nạp tiền: $250000.00', N'2025-11-13 16:04:26'),
(N'8A04994D-1367-4FEF-8D15-49CA07D5D8DB', N'13EE90FC-83E6-4B7F-A52E-78B1B8DD34F8', 62500, N'IN', N'DEPOSIT', N'deposit', N'521AC9BD-A813-4463-BBA3-6C857C9CEEC0', N'Bonus nạp tiền: $62500.00', N'2025-11-13 16:04:26'),
(N'E7E68ADE-60E6-4175-BC15-05D1B98B235F', N'13EE90FC-83E6-4B7F-A52E-78B1B8DD34F8', 625000, N'IN', N'DEPOSIT', N'deposit', N'83DEBB72-7721-4A35-A6E8-5B6E9E7A198B', N'Nạp tiền: $625000.00', N'2025-09-10 16:04:26'),
(N'CA540518-5B93-4A0E-8C1C-D491C53B3B54', N'13EE90FC-83E6-4B7F-A52E-78B1B8DD34F8', 187500, N'IN', N'DEPOSIT', N'deposit', N'83DEBB72-7721-4A35-A6E8-5B6E9E7A198B', N'Bonus nạp tiền: $187500.00', N'2025-09-10 16:04:26'),
(N'10D40BBD-9AE9-41CE-9FEC-B9EA0A6370AA', N'20E8D03A-7648-4904-972A-E148D2B70278', 2500000, N'IN', N'DEPOSIT', N'deposit', N'CCF48356-7E7D-4791-8C7F-6D4AF3D6048C', N'Nạp tiền: $2500000.00', N'2025-09-14 16:04:26'),
(N'A757A2EA-ED49-4F12-BB1E-EE5BDB8DDF92', N'20E8D03A-7648-4904-972A-E148D2B70278', 750000, N'IN', N'DEPOSIT', N'deposit', N'CCF48356-7E7D-4791-8C7F-6D4AF3D6048C', N'Bonus nạp tiền: $750000.00', N'2025-09-14 16:04:26'),
(N'9C63C7A1-EC5A-45C7-AC9C-089C45818984', N'20E8D03A-7648-4904-972A-E148D2B70278', 500000, N'IN', N'DEPOSIT', N'deposit', N'D74AFCAF-9EBA-4F90-9854-B5A42AE3E41E', N'Nạp tiền: $500000.00', N'2025-12-26 16:04:26'),
(N'DA89CADD-0F80-4595-8AE5-2DFD045CB01D', N'20E8D03A-7648-4904-972A-E148D2B70278', 150000, N'IN', N'DEPOSIT', N'deposit', N'D74AFCAF-9EBA-4F90-9854-B5A42AE3E41E', N'Bonus nạp tiền: $150000.00', N'2025-12-26 16:04:26'),
(N'317613B4-26C0-45F3-A7A1-4561051154E4', N'20E8D03A-7648-4904-972A-E148D2B70278', 250000, N'IN', N'DEPOSIT', N'deposit', N'0A40A958-59BC-4290-85CB-16C14D52B188', N'Nạp tiền: $250000.00', N'2025-09-10 16:04:26'),
(N'33279237-CA8C-402C-9009-18B2B4C1C6F0', N'20E8D03A-7648-4904-972A-E148D2B70278', 62500, N'IN', N'DEPOSIT', N'deposit', N'0A40A958-59BC-4290-85CB-16C14D52B188', N'Bonus nạp tiền: $62500.00', N'2025-09-10 16:04:26'),
(N'0CE37BA1-C33D-4D00-B2ED-2B4AD6D34860', N'20E8D03A-7648-4904-972A-E148D2B70278', 250000, N'IN', N'DEPOSIT', N'deposit', N'1ACEFD87-06EB-4940-A8A1-E68066F3569C', N'Nạp tiền: $250000.00', N'2025-08-10 16:04:26'),
(N'333396CD-6CC1-4655-9A0D-2E11740B192A', N'20E8D03A-7648-4904-972A-E148D2B70278', 62500, N'IN', N'DEPOSIT', N'deposit', N'1ACEFD87-06EB-4940-A8A1-E68066F3569C', N'Bonus nạp tiền: $62500.00', N'2025-08-10 16:04:26'),
(N'EFF12FF6-36D6-48FE-82BE-EF0D16351490', N'20E8D03A-7648-4904-972A-E148D2B70278', 500000, N'IN', N'DEPOSIT', N'deposit', N'4EA10913-238F-4436-B4CD-E67BA0B0BED8', N'Nạp tiền: $500000.00', N'2025-11-30 16:04:26'),
(N'712C0005-934F-41BD-BD45-3B725C5E8FF2', N'20E8D03A-7648-4904-972A-E148D2B70278', 150000, N'IN', N'DEPOSIT', N'deposit', N'4EA10913-238F-4436-B4CD-E67BA0B0BED8', N'Bonus nạp tiền: $150000.00', N'2025-11-30 16:04:26'),
(N'746E241A-9F6E-4693-9C72-3ACD28544C8C', N'20E8D03A-7648-4904-972A-E148D2B70278', 375000, N'IN', N'DEPOSIT', N'deposit', N'04D9AB54-5A6B-483E-A506-E881BC140F18', N'Nạp tiền: $375000.00', N'2025-09-04 16:04:26'),
(N'98E6EF09-C382-4B89-86F8-9514F8EADA6A', N'20E8D03A-7648-4904-972A-E148D2B70278', 93750, N'IN', N'DEPOSIT', N'deposit', N'04D9AB54-5A6B-483E-A506-E881BC140F18', N'Bonus nạp tiền: $93750.00', N'2025-09-04 16:04:26'),
(N'E266ED79-8BD7-48F2-A955-34EA721488F4', N'20E8D03A-7648-4904-972A-E148D2B70278', 125000, N'IN', N'DEPOSIT', N'deposit', N'AC9E21BA-AC5D-4732-965E-908DBB6E7A56', N'Nạp tiền: $125000.00', N'2025-07-31 16:04:26'),
(N'07B65EC8-CDFA-4033-90AA-3ED95BCA7CA1', N'20E8D03A-7648-4904-972A-E148D2B70278', 12500, N'IN', N'DEPOSIT', N'deposit', N'AC9E21BA-AC5D-4732-965E-908DBB6E7A56', N'Bonus nạp tiền: $12500.00', N'2025-07-31 16:04:26'),
(N'01E516B6-838F-49C5-B9B8-45AF92615A32', N'20E8D03A-7648-4904-972A-E148D2B70278', 250000, N'IN', N'DEPOSIT', N'deposit', N'56192F55-298B-47F5-86BF-FF55F37B71F8', N'Nạp tiền: $250000.00', N'2025-08-03 16:04:26'),
(N'FAB4734C-67BB-4804-8B84-32938A23BFBE', N'20E8D03A-7648-4904-972A-E148D2B70278', 62500, N'IN', N'DEPOSIT', N'deposit', N'56192F55-298B-47F5-86BF-FF55F37B71F8', N'Bonus nạp tiền: $62500.00', N'2025-08-03 16:04:26'),
(N'4393BF5A-D0DD-488F-8214-526E6C2AB300', N'A35C2B37-4108-465D-BD56-ED058C29B5E7', 250000, N'IN', N'DEPOSIT', N'deposit', N'C27CACE7-16F2-40F9-8ED7-B74FAFCEE648', N'Nạp tiền: $250000.00', N'2025-11-28 16:04:26'),
(N'7A3806D2-E8F2-4885-B3D7-126CC3508FBA', N'A35C2B37-4108-465D-BD56-ED058C29B5E7', 62500, N'IN', N'DEPOSIT', N'deposit', N'C27CACE7-16F2-40F9-8ED7-B74FAFCEE648', N'Bonus nạp tiền: $62500.00', N'2025-11-28 16:04:26'),
(N'F8FD713A-4BFE-41C1-82F9-15B77FA9E8C2', N'A35C2B37-4108-465D-BD56-ED058C29B5E7', 250000, N'IN', N'DEPOSIT', N'deposit', N'F5F3AAA5-63F0-4688-AC77-BAFF3403DFD3', N'Nạp tiền: $250000.00', N'2025-09-07 16:04:26'),
(N'53A07FFC-A5BE-4342-AEA5-B4E7EF940CBE', N'A35C2B37-4108-465D-BD56-ED058C29B5E7', 62500, N'IN', N'DEPOSIT', N'deposit', N'F5F3AAA5-63F0-4688-AC77-BAFF3403DFD3', N'Bonus nạp tiền: $62500.00', N'2025-09-07 16:04:26'),
(N'BB47549C-D7E7-4355-B561-19400F02E7E7', N'A35C2B37-4108-465D-BD56-ED058C29B5E7', 125000, N'IN', N'DEPOSIT', N'deposit', N'37DE079A-A4BB-4837-B2E8-3B8A172FFA5D', N'Nạp tiền: $125000.00', N'2025-11-29 16:04:26'),
(N'ADD9008A-E36E-4387-B228-8541264D7074', N'A35C2B37-4108-465D-BD56-ED058C29B5E7', 12500, N'IN', N'DEPOSIT', N'deposit', N'37DE079A-A4BB-4837-B2E8-3B8A172FFA5D', N'Bonus nạp tiền: $12500.00', N'2025-11-29 16:04:26'),
(N'8AD0A202-156B-4E65-BB8E-3E8E17F71FFA', N'A35C2B37-4108-465D-BD56-ED058C29B5E7', 500000, N'IN', N'DEPOSIT', N'deposit', N'F7C8E05E-FF7F-4940-A093-4AE0BA8760A3', N'Nạp tiền: $500000.00', N'2025-07-27 16:04:26'),
(N'080D2C36-1F4D-4253-98C2-07F85DB3B4A8', N'A35C2B37-4108-465D-BD56-ED058C29B5E7', 150000, N'IN', N'DEPOSIT', N'deposit', N'F7C8E05E-FF7F-4940-A093-4AE0BA8760A3', N'Bonus nạp tiền: $150000.00', N'2025-07-27 16:04:26'),
(N'FB2F13A0-7BD4-4549-96DB-FE5716FB5D1A', N'A35C2B37-4108-465D-BD56-ED058C29B5E7', 375000, N'IN', N'DEPOSIT', N'deposit', N'02A62EF5-3A8F-4260-90F3-A6F3C58A05FF', N'Nạp tiền: $375000.00', N'2025-08-14 16:04:26'),
(N'F55C6C3B-FE35-4D5A-A26E-A4E158B63396', N'A35C2B37-4108-465D-BD56-ED058C29B5E7', 93750, N'IN', N'DEPOSIT', N'deposit', N'02A62EF5-3A8F-4260-90F3-A6F3C58A05FF', N'Bonus nạp tiền: $93750.00', N'2025-08-14 16:04:26'),
(N'146BEE9A-C809-4CC2-9240-0900227B527A', N'A35C2B37-4108-465D-BD56-ED058C29B5E7', 125000, N'IN', N'DEPOSIT', N'deposit', N'80C9308C-9326-4EFD-84A7-25FCE8E7E447', N'Nạp tiền: $125000.00', N'2025-09-11 16:04:26'),
(N'3F946FE9-7384-40C8-B734-F33B4B46708A', N'A35C2B37-4108-465D-BD56-ED058C29B5E7', 12500, N'IN', N'DEPOSIT', N'deposit', N'80C9308C-9326-4EFD-84A7-25FCE8E7E447', N'Bonus nạp tiền: $12500.00', N'2025-09-11 16:04:26'),
(N'9C26B131-687F-49CC-B3A6-012EF147CD32', N'30F10E7F-2899-4E90-91A9-834AD35D14C0', 125000, N'IN', N'DEPOSIT', N'deposit', N'62552F44-BEFC-4A83-8DDC-C443B888D910', N'Nạp tiền: $125000.00', N'2025-09-29 16:04:26'),
(N'BA3BAAFD-740D-4744-BEA1-571651D5EB5B', N'30F10E7F-2899-4E90-91A9-834AD35D14C0', 12500, N'IN', N'DEPOSIT', N'deposit', N'62552F44-BEFC-4A83-8DDC-C443B888D910', N'Bonus nạp tiền: $12500.00', N'2025-09-29 16:04:26'),
(N'4396F354-DD13-4D1D-A850-A59C461B3FA7', N'30F10E7F-2899-4E90-91A9-834AD35D14C0', 500000, N'IN', N'DEPOSIT', N'deposit', N'9C5111C1-BB59-4A35-A051-06C75E542E34', N'Nạp tiền: $500000.00', N'2025-11-01 16:04:26'),
(N'FB271870-E27D-4CB1-958F-61BCCEF49474', N'30F10E7F-2899-4E90-91A9-834AD35D14C0', 150000, N'IN', N'DEPOSIT', N'deposit', N'9C5111C1-BB59-4A35-A051-06C75E542E34', N'Bonus nạp tiền: $150000.00', N'2025-11-01 16:04:26'),
(N'ED4C0A8E-67EE-4E33-B14D-7D883AC77764', N'30F10E7F-2899-4E90-91A9-834AD35D14C0', 500000, N'IN', N'DEPOSIT', N'deposit', N'04C4DB48-D6C1-4553-9F19-29EC169041A6', N'Nạp tiền: $500000.00', N'2025-07-06 16:04:26'),
(N'A78371B8-9F89-4167-9FB9-17F77747C628', N'30F10E7F-2899-4E90-91A9-834AD35D14C0', 150000, N'IN', N'DEPOSIT', N'deposit', N'04C4DB48-D6C1-4553-9F19-29EC169041A6', N'Bonus nạp tiền: $150000.00', N'2025-07-06 16:04:26'),
(N'E32D6144-4D07-4F67-9BB7-F8274410866D', N'30F10E7F-2899-4E90-91A9-834AD35D14C0', 125000, N'IN', N'DEPOSIT', N'deposit', N'59508766-8E37-47AF-9778-D19674F82DED', N'Nạp tiền: $125000.00', N'2025-07-28 16:04:26'),
(N'C27CBCF3-0320-4036-B0C5-B26801EC004D', N'30F10E7F-2899-4E90-91A9-834AD35D14C0', 12500, N'IN', N'DEPOSIT', N'deposit', N'59508766-8E37-47AF-9778-D19674F82DED', N'Bonus nạp tiền: $12500.00', N'2025-07-28 16:04:26'),
(N'3E87F165-D390-4AAE-90F5-6501D898B6C9', N'30F10E7F-2899-4E90-91A9-834AD35D14C0', 125000, N'IN', N'DEPOSIT', N'deposit', N'F134A0B7-1B0A-4702-A705-433C8B31140D', N'Nạp tiền: $125000.00', N'2025-10-17 16:04:26'),
(N'7CAFA95C-BE54-404F-93B2-1106B24D84B8', N'30F10E7F-2899-4E90-91A9-834AD35D14C0', 12500, N'IN', N'DEPOSIT', N'deposit', N'F134A0B7-1B0A-4702-A705-433C8B31140D', N'Bonus nạp tiền: $12500.00', N'2025-10-17 16:04:26'),
(N'58589EC8-3B67-4C50-8E90-38A6B7A7A20B', N'30F10E7F-2899-4E90-91A9-834AD35D14C0', 250000, N'IN', N'DEPOSIT', N'deposit', N'0F8425D5-95BA-45D2-AF38-8B0554A735BD', N'Nạp tiền: $250000.00', N'2025-09-18 16:04:26'),
(N'6C7C0230-F8BE-410A-B248-8BD0BF2A2D02', N'30F10E7F-2899-4E90-91A9-834AD35D14C0', 62500, N'IN', N'DEPOSIT', N'deposit', N'0F8425D5-95BA-45D2-AF38-8B0554A735BD', N'Bonus nạp tiền: $62500.00', N'2025-09-18 16:04:26'),
(N'8965D290-060E-4A50-B775-0F5A29FD69A7', N'30F10E7F-2899-4E90-91A9-834AD35D14C0', 500000, N'IN', N'DEPOSIT', N'deposit', N'E7BD5837-3783-42E6-BEFF-F0C88F1DB3DD', N'Nạp tiền: $500000.00', N'2025-09-05 16:04:26'),
(N'AB315D92-0DA5-4659-B214-DB30904F7A13', N'30F10E7F-2899-4E90-91A9-834AD35D14C0', 150000, N'IN', N'DEPOSIT', N'deposit', N'E7BD5837-3783-42E6-BEFF-F0C88F1DB3DD', N'Bonus nạp tiền: $150000.00', N'2025-09-05 16:04:26'),
(N'C5B163C2-3D6D-4494-98E3-4E9C33B54A9E', N'A2347010-D0C9-4B15-8766-98F997468DBD', 250000, N'IN', N'DEPOSIT', N'deposit', N'6DE2323F-0E2E-4A36-9868-CE1E47B5C419', N'Nạp tiền: $250000.00', N'2025-09-09 16:04:26'),
(N'F4BA49AE-9687-4209-96D0-BAB279AD8BBB', N'A2347010-D0C9-4B15-8766-98F997468DBD', 62500, N'IN', N'DEPOSIT', N'deposit', N'6DE2323F-0E2E-4A36-9868-CE1E47B5C419', N'Bonus nạp tiền: $62500.00', N'2025-09-09 16:04:26'),
(N'76681060-52E1-4DF9-ABF6-FEE762940084', N'A2347010-D0C9-4B15-8766-98F997468DBD', 250000, N'IN', N'DEPOSIT', N'deposit', N'A2EE3F4A-0D14-49CE-9CC8-6ED8E4DBDEC5', N'Nạp tiền: $250000.00', N'2025-10-25 16:04:26'),
(N'935E5AEA-779A-4D8F-ADEC-4EA2D6B4365B', N'A2347010-D0C9-4B15-8766-98F997468DBD', 62500, N'IN', N'DEPOSIT', N'deposit', N'A2EE3F4A-0D14-49CE-9CC8-6ED8E4DBDEC5', N'Bonus nạp tiền: $62500.00', N'2025-10-25 16:04:26'),
(N'14295EF8-15AA-40F4-8BC3-F11468DC06F7', N'A2347010-D0C9-4B15-8766-98F997468DBD', 375000, N'IN', N'DEPOSIT', N'deposit', N'F3806C82-1404-490F-8D8A-D1395CFEF1C5', N'Nạp tiền: $375000.00', N'2025-12-08 16:04:26'),
(N'6A93745B-B1E6-4E90-B6F5-A77008FD476F', N'A2347010-D0C9-4B15-8766-98F997468DBD', 93750, N'IN', N'DEPOSIT', N'deposit', N'F3806C82-1404-490F-8D8A-D1395CFEF1C5', N'Bonus nạp tiền: $93750.00', N'2025-12-08 16:04:26'),
(N'ECB82756-1E19-4FD1-B787-714CC1433EF4', N'A2347010-D0C9-4B15-8766-98F997468DBD', 250000, N'IN', N'DEPOSIT', N'deposit', N'B6F553A7-9847-4FF0-A63A-C40DBAF0C898', N'Nạp tiền: $250000.00', N'2025-10-30 16:04:26'),
(N'71B0205B-9938-48D9-A25F-E171CADE5BBB', N'A2347010-D0C9-4B15-8766-98F997468DBD', 62500, N'IN', N'DEPOSIT', N'deposit', N'B6F553A7-9847-4FF0-A63A-C40DBAF0C898', N'Bonus nạp tiền: $62500.00', N'2025-10-30 16:04:26'),
(N'A063FC4D-0438-4A60-879A-AA9CBCEF5A4E', N'A2347010-D0C9-4B15-8766-98F997468DBD', 375000, N'IN', N'DEPOSIT', N'deposit', N'E2DD8829-39CB-469D-BB45-D6C543EDB2FA', N'Nạp tiền: $375000.00', N'2025-07-30 16:04:26'),
(N'1197D5CC-505B-4738-B62D-B3CD00FF6CD7', N'A2347010-D0C9-4B15-8766-98F997468DBD', 93750, N'IN', N'DEPOSIT', N'deposit', N'E2DD8829-39CB-469D-BB45-D6C543EDB2FA', N'Bonus nạp tiền: $93750.00', N'2025-07-30 16:04:26'),
(N'0EA81338-205C-40D8-BBC4-0668A6EFA5F1', N'D6BB5253-3A25-43A3-93E6-4AD256A30DC6', 250000, N'IN', N'DEPOSIT', N'deposit', N'DEE12939-8169-4FAB-89FA-E2A4C8FA9173', N'Nạp tiền: $250000.00', N'2025-08-05 16:04:26'),
(N'B35DF330-7F84-4AF3-9B3A-6454B7788128', N'D6BB5253-3A25-43A3-93E6-4AD256A30DC6', 62500, N'IN', N'DEPOSIT', N'deposit', N'DEE12939-8169-4FAB-89FA-E2A4C8FA9173', N'Bonus nạp tiền: $62500.00', N'2025-08-05 16:04:26'),
(N'9C5E351E-2240-4D44-AA1C-2D85E2B37CF1', N'D6BB5253-3A25-43A3-93E6-4AD256A30DC6', 500000, N'IN', N'DEPOSIT', N'deposit', N'EB504864-1BE9-4DCB-AB8C-0259AEC23CE9', N'Nạp tiền: $500000.00', N'2025-07-11 16:04:26'),
(N'EF3F08C4-4EAA-4F1B-B14E-42DEEF2FB8B9', N'D6BB5253-3A25-43A3-93E6-4AD256A30DC6', 150000, N'IN', N'DEPOSIT', N'deposit', N'EB504864-1BE9-4DCB-AB8C-0259AEC23CE9', N'Bonus nạp tiền: $150000.00', N'2025-07-11 16:04:26'),
(N'5F510D3A-9905-424C-AA44-DF5960ED9E31', N'D6BB5253-3A25-43A3-93E6-4AD256A30DC6', 625000, N'IN', N'DEPOSIT', N'deposit', N'B3FD5708-C163-4A02-B9E1-9129523687BB', N'Nạp tiền: $625000.00', N'2025-10-21 16:04:26'),
(N'A482B8D9-E302-485A-A713-6F1D9EDE9548', N'D6BB5253-3A25-43A3-93E6-4AD256A30DC6', 187500, N'IN', N'DEPOSIT', N'deposit', N'B3FD5708-C163-4A02-B9E1-9129523687BB', N'Bonus nạp tiền: $187500.00', N'2025-10-21 16:04:26'),
(N'582DE6AD-EC68-4F06-9A28-F8A23F498ED7', N'D6BB5253-3A25-43A3-93E6-4AD256A30DC6', 250000, N'IN', N'DEPOSIT', N'deposit', N'90733260-3A0A-48BA-BC4A-0725C3316350', N'Nạp tiền: $250000.00', N'2025-10-23 16:04:26'),
(N'94BFAF00-7304-4B62-91D4-A02E9CA3E3A6', N'D6BB5253-3A25-43A3-93E6-4AD256A30DC6', 62500, N'IN', N'DEPOSIT', N'deposit', N'90733260-3A0A-48BA-BC4A-0725C3316350', N'Bonus nạp tiền: $62500.00', N'2025-10-23 16:04:26'),
(N'03F08CE3-1A8B-4EB8-BE2A-E53BBBE15DF5', N'D6BB5253-3A25-43A3-93E6-4AD256A30DC6', 250000, N'IN', N'DEPOSIT', N'deposit', N'3E8BAD65-7E92-4DB0-AFD6-5D3D432D5CD1', N'Nạp tiền: $250000.00', N'2025-10-28 16:04:26'),
(N'0A6DE0A0-A2F9-477F-9538-025E48CFB7FB', N'D6BB5253-3A25-43A3-93E6-4AD256A30DC6', 62500, N'IN', N'DEPOSIT', N'deposit', N'3E8BAD65-7E92-4DB0-AFD6-5D3D432D5CD1', N'Bonus nạp tiền: $62500.00', N'2025-10-28 16:04:26'),
(N'5D6E0A85-F10F-4D37-BD3D-5FF719A7506E', N'D6BB5253-3A25-43A3-93E6-4AD256A30DC6', 500000, N'IN', N'DEPOSIT', N'deposit', N'BDF8C1DE-4BA2-42DF-8C45-40A4C047E472', N'Nạp tiền: $500000.00', N'2025-09-11 16:04:26'),
(N'B26C44E3-EF7E-415D-9C04-B98610E0EF15', N'D6BB5253-3A25-43A3-93E6-4AD256A30DC6', 150000, N'IN', N'DEPOSIT', N'deposit', N'BDF8C1DE-4BA2-42DF-8C45-40A4C047E472', N'Bonus nạp tiền: $150000.00', N'2025-09-11 16:04:26'),
(N'22B2CA0E-7289-45C0-BF40-6E934F6AED79', N'D6BB5253-3A25-43A3-93E6-4AD256A30DC6', 250000, N'IN', N'DEPOSIT', N'deposit', N'13984A52-A07F-4FE2-86FA-D7878215D484', N'Nạp tiền: $250000.00', N'2025-09-28 16:04:26'),
(N'A8AF11B0-8DD4-4433-A031-0F8ECDE5F472', N'D6BB5253-3A25-43A3-93E6-4AD256A30DC6', 62500, N'IN', N'DEPOSIT', N'deposit', N'13984A52-A07F-4FE2-86FA-D7878215D484', N'Bonus nạp tiền: $62500.00', N'2025-09-28 16:04:26'),
(N'7088C7FE-9269-48C9-8F8A-895F10D6D737', N'D6BB5253-3A25-43A3-93E6-4AD256A30DC6', 125000, N'IN', N'DEPOSIT', N'deposit', N'0553CF5D-2943-4906-86A6-054E6840F88C', N'Nạp tiền: $125000.00', N'2025-11-30 16:04:26'),
(N'87FB359A-4DF4-476B-B6F1-5899F8ABA648', N'D6BB5253-3A25-43A3-93E6-4AD256A30DC6', 12500, N'IN', N'DEPOSIT', N'deposit', N'0553CF5D-2943-4906-86A6-054E6840F88C', N'Bonus nạp tiền: $12500.00', N'2025-11-30 16:04:26'),
(N'71960D0F-4167-49E0-8FCD-BA9405D13F7D', N'13EE90FC-83E6-4B7F-A52E-78B1B8DD34F8', 125000, N'IN', N'SEMESTER_BONUS', N'student_semester_bonus', N'73F7C6C8-F107-4CFB-8B00-BDAA9AE1E5AD', N'Bonus học kỳ: $125000.00', N'2025-12-27 16:04:27'),
(N'7B0200EB-97E7-4F21-B383-6C2C53DE4AF5', N'8CFE1909-9711-4069-876A-8748FEAEACCE', 125000, N'IN', N'SEMESTER_BONUS', N'student_semester_bonus', N'3B9DDD7C-07DE-43FD-98DC-9875A66839D1', N'Bonus học kỳ: $125000.00', N'2025-12-27 16:04:27'),
(N'1F61F7DD-D770-4EFC-BEC2-0F8E24B6E03A', N'A35C2B37-4108-465D-BD56-ED058C29B5E7', 125000, N'IN', N'SEMESTER_BONUS', N'student_semester_bonus', N'19E37503-C399-47FF-8A4A-4285EBF3CAAC', N'Bonus học kỳ: $125000.00', N'2025-12-27 16:04:27'),
(N'D5F63929-13DF-43A0-BB5F-F2D291AABA4C', N'26E737EE-91B3-4935-90C4-83CDC1F932EA', 125000, N'IN', N'SEMESTER_BONUS', N'student_semester_bonus', N'7F5DFB7B-B57C-4DB2-940C-7A2D570F2510', N'Bonus học kỳ: $125000.00', N'2025-12-27 16:04:27'),
(N'ABC4110C-B347-4FA8-8131-C0804750679F', N'26183151-DC44-4E28-9381-6B3E77CD4342', 125000, N'IN', N'SEMESTER_BONUS', N'student_semester_bonus', N'7FF31FCA-127D-411E-B374-7D2C0C3AB5E1', N'Bonus học kỳ: $125000.00', N'2025-12-27 16:04:27'),
(N'4D320844-8A81-4A51-A5BE-043B532D66A8', N'51FACF29-C833-4EC8-9767-2C56F4A718A1', 125000, N'IN', N'SEMESTER_BONUS', N'student_semester_bonus', N'0768A915-D834-465E-8027-DD6CA0D90A76', N'Bonus học kỳ: $125000.00', N'2025-12-27 16:04:27'),
(N'848172A2-8958-434D-A69A-783B7E09B3E6', N'568A1A24-4D2D-4AD4-BA7B-86D32F6D8844', 125000, N'IN', N'SEMESTER_BONUS', N'student_semester_bonus', N'E02AE28E-E056-442C-8578-FCC2B7EB06D1', N'Bonus học kỳ: $125000.00', N'2025-12-27 16:04:27'),
(N'00EAB52D-2363-4673-934B-65E7C06F8F91', N'59FDE0E6-901E-4067-B1AC-AA62A6A5DA60', 125000, N'IN', N'SEMESTER_BONUS', N'student_semester_bonus', N'C407DA15-C3BD-4321-AB04-0F1C0239673F', N'Bonus học kỳ: $125000.00', N'2025-12-27 16:04:27'),
(N'552854CB-B890-4646-9DFC-CEE241E3A9FC', N'A9C3AECB-AB8A-446E-B067-04E306146B4F', 125000, N'IN', N'SEMESTER_BONUS', N'student_semester_bonus', N'99843704-D978-4000-B427-E160B7244070', N'Bonus học kỳ: $125000.00', N'2025-12-27 16:04:27'),
(N'7A41E677-19C1-40D0-BE75-6E216E7CEFD4', N'308B7050-2AC4-40B1-997A-62687F831EEA', 125000, N'IN', N'SEMESTER_BONUS', N'student_semester_bonus', N'656B214E-1A54-45F2-B877-9D00E48B7E64', N'Bonus học kỳ: $125000.00', N'2025-12-27 16:04:27'),
(N'975968E2-8874-4656-B237-32CA9EA18F19', N'E7342DA1-30C7-44EB-BD09-6F0735FF3CCD', 125000, N'IN', N'SEMESTER_BONUS', N'student_semester_bonus', N'13836F6B-2EE1-4E3A-BA05-585A309F8913', N'Bonus học kỳ: $125000.00', N'2025-12-27 16:04:27'),
(N'5EB892E0-CD88-4A95-AFF7-C998BB676E32', N'0519D63C-C23A-476D-BE3B-4A43C1710A9A', 125000, N'IN', N'SEMESTER_BONUS', N'student_semester_bonus', N'982142DB-3AA9-4B79-94B5-D93F86429238', N'Bonus học kỳ: $125000.00', N'2025-12-27 16:04:27'),
(N'120DF647-4445-4C88-A05A-0F4E0FF93B29', N'551A42B9-086E-48F5-8EF2-41D8F94570A1', 125000, N'IN', N'SEMESTER_BONUS', N'student_semester_bonus', N'BF2FACFE-FB11-409F-9D59-7976D7E62B8D', N'Bonus học kỳ: $125000.00', N'2025-12-27 16:04:27'),
(N'8B5C1DBE-BAEB-4D33-8003-60D17B132BB4', N'C2B46F5D-4592-4679-89B5-6D0E9A4AA286', 125000, N'IN', N'SEMESTER_BONUS', N'student_semester_bonus', N'5873BBE8-DD51-410E-950A-AAF0450E305D', N'Bonus học kỳ: $125000.00', N'2025-12-27 16:04:27'),
(N'9A4125D0-E4C7-4208-BAFA-06CEF0A33D9B', N'333205F4-4C56-4EAA-9E68-1D2A0F485979', 125000, N'IN', N'SEMESTER_BONUS', N'student_semester_bonus', N'4EF02473-3F67-48CB-8572-C04EBA8DF37E', N'Bonus học kỳ: $125000.00', N'2025-12-27 16:04:27'),
(N'F7313FF0-F494-49F1-9710-C1742A83E352', N'E9646A6E-78CD-45B8-8F6D-0C3958032F72', 125000, N'IN', N'SEMESTER_BONUS', N'student_semester_bonus', N'E64543B5-B540-4CF9-92ED-30E0819827EA', N'Bonus học kỳ: $125000.00', N'2025-12-27 16:04:27'),
(N'F24DD820-A51F-41C9-9428-1559E1F43A67', N'7CD1353D-1A48-40C9-B7FC-790297809357', 125000, N'IN', N'SEMESTER_BONUS', N'student_semester_bonus', N'AE604FBF-6B95-42F7-90A5-58A7D6E3591F', N'Bonus học kỳ: $125000.00', N'2025-12-27 16:04:27'),
(N'31468468-FAC4-4C65-A472-B8905706DFDE', N'D325341F-1F9E-46E9-AC0D-593678293CF2', 125000, N'IN', N'SEMESTER_BONUS', N'student_semester_bonus', N'08A8AF71-02CF-4B1E-8C6B-DCD004EBA964', N'Bonus học kỳ: $125000.00', N'2025-12-27 16:04:27'),
(N'4A5B8C7C-E758-4BE9-BF71-9CC816292D5E', N'E3ABC976-8569-4C34-B3F3-7BA2A76E1090', 125000, N'IN', N'SEMESTER_BONUS', N'student_semester_bonus', N'9FD873AE-C184-429C-88B2-843056764E92', N'Bonus học kỳ: $125000.00', N'2025-12-27 16:04:27'),
(N'044506EF-5BBA-46F2-9EB8-BF1295F71612', N'311A4954-D565-4355-924F-26BCF1B977B9', 125000, N'IN', N'SEMESTER_BONUS', N'student_semester_bonus', N'52D880FD-439D-413F-86A1-414E7016639A', N'Bonus học kỳ: $125000.00', N'2025-12-27 16:04:27'),
(N'56F3732A-2B30-4673-A2D4-F4B7B083B8F8', N'74647C74-6D02-4F68-ADDA-A7C4079E32A4', 125000, N'IN', N'SEMESTER_BONUS', N'student_semester_bonus', N'9037E0DC-61CC-4256-814D-F77633AA3CB4', N'Bonus học kỳ: $125000.00', N'2025-12-27 16:04:27'),
(N'0C64AFBA-CA1E-45BD-B28B-759A0F7EC398', N'74647C74-6D02-4F68-ADDA-A7C4079E32A4', 125000, N'IN', N'SEMESTER_BONUS', N'student_semester_bonus', N'785E6D3D-0910-42F1-9D90-C5174DD755A9', N'Bonus học kỳ: $125000.00', N'2025-12-27 16:04:27'),
(N'23F09E38-93AA-4BE0-BD88-EDD3E36AB2D4', N'3F39671F-13B7-4192-B08D-25E81DA82403', 125000, N'IN', N'SEMESTER_BONUS', N'student_semester_bonus', N'D8C0EFC4-A9C2-4EAD-BC58-E346583C747B', N'Bonus học kỳ: $125000.00', N'2025-12-27 16:04:27'),
(N'82FAF9F3-FEFD-4706-84BE-71A190AE3E2F', N'3F39671F-13B7-4192-B08D-25E81DA82403', 125000, N'IN', N'SEMESTER_BONUS', N'student_semester_bonus', N'C66FFEAD-9BB8-4D57-A9F7-4671B41CDDF2', N'Bonus học kỳ: $125000.00', N'2025-12-27 16:04:27'),
(N'469C5B96-F6E8-4843-B3FD-6D8E765EFE41', N'3F39671F-13B7-4192-B08D-25E81DA82403', 125000, N'IN', N'SEMESTER_BONUS', N'student_semester_bonus', N'9283350F-CB7D-4DE1-A114-7F86FBC9B0B5', N'Bonus học kỳ: $125000.00', N'2025-12-27 16:04:27'),
(N'DA3E5BBA-D12C-4470-BA14-BB06E2F8D143', N'A8B754AF-7B3B-4135-9189-E72F3702A992', 125000, N'IN', N'SEMESTER_BONUS', N'student_semester_bonus', N'70C2D56D-C6E0-4655-B5F1-63209D121C0D', N'Bonus học kỳ: $125000.00', N'2025-12-27 16:04:27'),
(N'9B51779A-3386-42A5-9DF7-D906A236E425', N'A8B754AF-7B3B-4135-9189-E72F3702A992', 125000, N'IN', N'SEMESTER_BONUS', N'student_semester_bonus', N'751481D1-B878-4459-8A5D-35CB059596AB', N'Bonus học kỳ: $125000.00', N'2025-12-27 16:04:27'),
(N'505312A4-821A-4D1D-809F-8425EA61EA89', N'1F16C8BD-D055-4407-A575-9BCF25A4A045', 125000, N'IN', N'SEMESTER_BONUS', N'student_semester_bonus', N'2B892AC5-2473-488F-965D-FE2B731F9062', N'Bonus học kỳ: $125000.00', N'2025-12-27 16:04:27'),
(N'0FBFB687-0052-4228-9141-A772D4A8750A', N'1F16C8BD-D055-4407-A575-9BCF25A4A045', 125000, N'IN', N'SEMESTER_BONUS', N'student_semester_bonus', N'0ECB92D0-2FF4-408C-8883-809F616FA34B', N'Bonus học kỳ: $125000.00', N'2025-12-27 16:04:27'),
(N'4D6D1DCF-20A9-4C77-A928-8235B7402666', N'1F16C8BD-D055-4407-A575-9BCF25A4A045', 125000, N'IN', N'SEMESTER_BONUS', N'student_semester_bonus', N'67030564-6946-474B-9150-683C4D23A817', N'Bonus học kỳ: $125000.00', N'2025-12-27 16:04:27'),
(N'993EB66A-A2F5-4597-A95D-9AEE9B74C387', N'1F16C8BD-D055-4407-A575-9BCF25A4A045', 125000, N'IN', N'SEMESTER_BONUS', N'student_semester_bonus', N'A9EF7DE5-E95A-4AEA-81E0-E9C31597C7E6', N'Bonus học kỳ: $125000.00', N'2025-12-27 16:04:27'),
(N'81CABF00-6254-4277-B684-EB99452374CF', N'F301A2CF-2BFD-480E-9AED-BCDCD1691C2D', 125000, N'IN', N'SEMESTER_BONUS', N'student_semester_bonus', N'4F4C6E1E-17ED-4837-B686-0E5DC0E17500', N'Bonus học kỳ: $125000.00', N'2025-12-27 16:04:27'),
(N'F9D9FADE-12E9-4B83-88BC-3BADAFC4D9B8', N'F301A2CF-2BFD-480E-9AED-BCDCD1691C2D', 125000, N'IN', N'SEMESTER_BONUS', N'student_semester_bonus', N'2078FF44-8C77-4F8D-9675-86455FE4724D', N'Bonus học kỳ: $125000.00', N'2025-12-27 16:04:27'),
(N'C5C4F0E0-A556-4E8C-98F9-7C46C878F727', N'F301A2CF-2BFD-480E-9AED-BCDCD1691C2D', 125000, N'IN', N'SEMESTER_BONUS', N'student_semester_bonus', N'6A3C80FA-6A53-45D7-A7E0-161FA13FC69A', N'Bonus học kỳ: $125000.00', N'2025-12-27 16:04:27'),
(N'1DA19981-CCB3-45AB-8FB9-72E0CEA46837', N'0C6D841C-566F-4D8D-9101-7589049BA95A', 125000, N'IN', N'SEMESTER_BONUS', N'student_semester_bonus', N'9B5797C2-167C-4C3D-B634-ECE462854149', N'Bonus học kỳ: $125000.00', N'2025-12-27 16:04:27'),
(N'3B06DA98-68C0-46A6-90BD-F2CF86DFBAE9', N'0C6D841C-566F-4D8D-9101-7589049BA95A', 125000, N'IN', N'SEMESTER_BONUS', N'student_semester_bonus', N'26686447-7427-4F33-BA8C-D910232251F2', N'Bonus học kỳ: $125000.00', N'2025-12-27 16:04:27'),
(N'C06E4973-AF32-4925-9FB8-C121669C4A7E', N'33D63243-B086-4AA1-874C-8D28059619E6', 125000, N'IN', N'SEMESTER_BONUS', N'student_semester_bonus', N'DF99E564-60EC-4151-8FFB-DA2B08FB1F37', N'Bonus học kỳ: $125000.00', N'2025-12-27 16:04:27'),
(N'1543EC31-9D41-4F33-9A97-7D1655DCC583', N'33D63243-B086-4AA1-874C-8D28059619E6', 125000, N'IN', N'SEMESTER_BONUS', N'student_semester_bonus', N'855A11FA-1E30-46EA-BEAE-0310EB25CB5F', N'Bonus học kỳ: $125000.00', N'2025-12-27 16:04:27'),
(N'0A2030B9-C456-4C3D-9537-0952AA3EC7C0', N'33D63243-B086-4AA1-874C-8D28059619E6', 125000, N'IN', N'SEMESTER_BONUS', N'student_semester_bonus', N'EB7BD321-1826-4CEE-9BE5-943E7C220F9D', N'Bonus học kỳ: $125000.00', N'2025-12-27 16:04:27'),
(N'E64A4528-3152-420D-A3F8-6C51A724035C', N'0DC7C1A7-B8D3-411F-856F-EE831756B76F', 125000, N'IN', N'SEMESTER_BONUS', N'student_semester_bonus', N'63FDA4AF-E164-4609-B8C4-C7BC97A6B6D9', N'Bonus học kỳ: $125000.00', N'2025-12-27 16:04:27'),
(N'6521438D-B64A-4D1A-81BD-C48A250130D9', N'0DC7C1A7-B8D3-411F-856F-EE831756B76F', 125000, N'IN', N'SEMESTER_BONUS', N'student_semester_bonus', N'7A5855D1-8879-4645-ADB8-9BC462E13571', N'Bonus học kỳ: $125000.00', N'2025-12-27 16:04:27'),
(N'A293FD37-277F-45EB-A789-F6DA4B36B9BF', N'1BED1F90-051E-4803-88A2-D1A7A68EB86F', 125000, N'IN', N'SEMESTER_BONUS', N'student_semester_bonus', N'C3C2CC1B-6FE6-4482-B176-725CC55E7752', N'Bonus học kỳ: $125000.00', N'2025-12-27 16:04:27'),
(N'AC8C49DE-21F3-4869-B57C-447A6909E94A', N'1BED1F90-051E-4803-88A2-D1A7A68EB86F', 125000, N'IN', N'SEMESTER_BONUS', N'student_semester_bonus', N'D8B6E2B5-A97F-429B-B571-CE41D23F66EB', N'Bonus học kỳ: $125000.00', N'2025-12-27 16:04:27'),
(N'868A2CE9-1C5A-41F1-BF98-184D27C35EE0', N'1BED1F90-051E-4803-88A2-D1A7A68EB86F', 125000, N'IN', N'SEMESTER_BONUS', N'student_semester_bonus', N'A28A2A47-2197-4B2A-A2BD-5F0A4CA23E75', N'Bonus học kỳ: $125000.00', N'2025-12-27 16:04:27'),
(N'B5BDC04F-3E36-4FD4-AF60-AF019B0EDC4D', N'1BED1F90-051E-4803-88A2-D1A7A68EB86F', 125000, N'IN', N'SEMESTER_BONUS', N'student_semester_bonus', N'1AF2C2DA-3980-4B74-A45C-D482F2C6AC60', N'Bonus học kỳ: $125000.00', N'2025-12-27 16:04:27'),
(N'2C075319-EA0C-433D-8F19-7A7E6EFF44B6', N'9CCDCFD5-E32B-4540-8799-4189DE9DEB03', 125000, N'IN', N'SEMESTER_BONUS', N'student_semester_bonus', N'5E455877-C007-4CC8-98F5-EEE3EE5C9B2C', N'Bonus học kỳ: $125000.00', N'2025-12-27 16:04:27'),
(N'0DC6EC9B-382D-4F2A-8FD3-BBA54D4D4A12', N'55BED877-994D-44ED-BE7E-B8099C2BC4EC', 125000, N'IN', N'SEMESTER_BONUS', N'student_semester_bonus', N'29014E2E-BB42-4B83-8907-53C1C2245B6B', N'Bonus học kỳ: $125000.00', N'2025-12-27 16:04:27'),
(N'C3B3906B-42F2-4A44-ACE2-83DF2976C3D9', N'55BED877-994D-44ED-BE7E-B8099C2BC4EC', 125000, N'IN', N'SEMESTER_BONUS', N'student_semester_bonus', N'2B91ACC2-023C-4671-BB4B-DF7FFEBDD0AD', N'Bonus học kỳ: $125000.00', N'2025-12-27 16:04:27'),
(N'3AF48354-E61E-4AF1-A3D8-87456629872A', N'55BED877-994D-44ED-BE7E-B8099C2BC4EC', 125000, N'IN', N'SEMESTER_BONUS', N'student_semester_bonus', N'44934B15-25A3-49F7-924C-27B30A52FE17', N'Bonus học kỳ: $125000.00', N'2025-12-27 16:04:27'),
(N'17AB23E4-1BA8-45E3-B939-593194B62E5D', N'6DADDC89-B5B8-4D6C-953F-5EA223D0AC03', 125000, N'IN', N'SEMESTER_BONUS', N'student_semester_bonus', N'E11F56F0-997D-4AD6-9458-FF339DAD2EFD', N'Bonus học kỳ: $125000.00', N'2025-12-27 16:04:27'),
(N'9038CB72-3BC5-4231-94F9-A1997B60173E', N'6DADDC89-B5B8-4D6C-953F-5EA223D0AC03', 125000, N'IN', N'SEMESTER_BONUS', N'student_semester_bonus', N'59611687-BEA1-4E6C-A390-3AC485CE73B5', N'Bonus học kỳ: $125000.00', N'2025-12-27 16:04:27'),
(N'1087C04B-2DEA-43BE-BEF5-EBE5401DDEDB', N'402CDF2F-7341-494B-874E-AF37CBE491BD', 125000, N'IN', N'SEMESTER_BONUS', N'student_semester_bonus', N'6DB61205-92AB-4790-99BC-911832303EE9', N'Bonus học kỳ: $125000.00', N'2025-12-27 16:04:27'),
(N'75FE910E-A5E0-4459-A2CA-794D447460E2', N'402CDF2F-7341-494B-874E-AF37CBE491BD', 125000, N'IN', N'SEMESTER_BONUS', N'student_semester_bonus', N'E03BFC1A-7341-4BEA-8014-4FED7BDC00E9', N'Bonus học kỳ: $125000.00', N'2025-12-27 16:04:27'),
(N'5C9C7CD6-9A95-4AC6-A9B8-C3F4DB9881EC', N'402CDF2F-7341-494B-874E-AF37CBE491BD', 125000, N'IN', N'SEMESTER_BONUS', N'student_semester_bonus', N'A95F618E-D5C9-4D35-A349-F2D2C28BE73C', N'Bonus học kỳ: $125000.00', N'2025-12-27 16:04:27'),
(N'A8568425-21F3-45CF-A470-FBC937C83BFF', N'59681513-3B95-4903-93B0-CA1C11C0CCAB', 125000, N'IN', N'SEMESTER_BONUS', N'student_semester_bonus', N'0AC6E5E7-E5C4-48B5-86FE-54A79BE9B70B', N'Bonus học kỳ: $125000.00', N'2025-12-27 16:04:27'),
(N'1CB185A3-33B1-4B09-87CE-406A42D24A39', N'59681513-3B95-4903-93B0-CA1C11C0CCAB', 125000, N'IN', N'SEMESTER_BONUS', N'student_semester_bonus', N'21518094-EF70-49D8-9DFA-07B21D60F599', N'Bonus học kỳ: $125000.00', N'2025-12-27 16:04:27'),
(N'8774B78B-6EA8-4E14-A015-3E4D7F6EA492', N'59681513-3B95-4903-93B0-CA1C11C0CCAB', 125000, N'IN', N'SEMESTER_BONUS', N'student_semester_bonus', N'08DFA15D-38EA-45EA-99A2-E05EC3EEB5E9', N'Bonus học kỳ: $125000.00', N'2025-12-27 16:04:27'),
(N'2AE30DB5-D93B-4647-A062-9E1A7D5092DE', N'9DD2BB48-FDC6-4DDA-AFCE-9A6F4D1A776F', 125000, N'IN', N'SEMESTER_BONUS', N'student_semester_bonus', N'0048470E-9541-4D7D-BD63-F47C48DDA96C', N'Bonus học kỳ: $125000.00', N'2025-12-27 16:04:27'),
(N'4BA03830-342B-453D-888D-FF5C14A23797', N'9DD2BB48-FDC6-4DDA-AFCE-9A6F4D1A776F', 125000, N'IN', N'SEMESTER_BONUS', N'student_semester_bonus', N'14CA7059-3C94-463A-881B-177047A37E8A', N'Bonus học kỳ: $125000.00', N'2025-12-27 16:04:27'),
(N'53B81861-235C-4215-8BDE-D2139537993F', N'9DD2BB48-FDC6-4DDA-AFCE-9A6F4D1A776F', 125000, N'IN', N'SEMESTER_BONUS', N'student_semester_bonus', N'BAC9679F-E3AA-4374-AB77-BBB2D0352452', N'Bonus học kỳ: $125000.00', N'2025-12-27 16:04:27'),
(N'11433CF3-D4E8-4300-B1EF-4FEA0142D590', N'3B7769EE-6E6B-452D-8913-C86E64398AFF', 125000, N'IN', N'SEMESTER_BONUS', N'student_semester_bonus', N'C855AC72-C0AE-4CAE-B630-9AA8A060B53A', N'Bonus học kỳ: $125000.00', N'2025-12-27 16:04:27'),
(N'F7144BEC-EA4B-410F-8F80-8926A5CDD79C', N'3B7769EE-6E6B-452D-8913-C86E64398AFF', 125000, N'IN', N'SEMESTER_BONUS', N'student_semester_bonus', N'47EA037F-C452-4718-B221-A8166C2F1F39', N'Bonus học kỳ: $125000.00', N'2025-12-27 16:04:27'),
(N'F7D68D85-C475-44D6-B683-9A2B30F9E741', N'3B7769EE-6E6B-452D-8913-C86E64398AFF', 125000, N'IN', N'SEMESTER_BONUS', N'student_semester_bonus', N'5D01BC8B-3CB6-43E9-9E6E-9C2BEA36E2CA', N'Bonus học kỳ: $125000.00', N'2025-12-27 16:04:27'),
(N'46E0EEEB-DCDE-4073-96FA-4B58F50CF897', N'E35CE598-3DE1-45EF-9F97-0BF3287F1A37', 125000, N'IN', N'SEMESTER_BONUS', N'student_semester_bonus', N'75A31654-7F39-4956-B4E0-0E929FD6324E', N'Bonus học kỳ: $125000.00', N'2025-12-27 16:04:27'),
(N'ABA79976-4550-443B-B5BC-A0E83985E1E4', N'E35CE598-3DE1-45EF-9F97-0BF3287F1A37', 125000, N'IN', N'SEMESTER_BONUS', N'student_semester_bonus', N'85C6CD52-A71D-4F6B-B176-85FB265E9EB1', N'Bonus học kỳ: $125000.00', N'2025-12-27 16:04:27'),
(N'067B9AB6-357C-4321-B9DA-ED81F1C47E6C', N'E424D182-8840-46D1-979E-424C88FF71AD', 125000, N'IN', N'SEMESTER_BONUS', N'student_semester_bonus', N'B09D1F70-9F4C-4740-AB10-96C8440EDD57', N'Bonus học kỳ: $125000.00', N'2025-12-27 16:04:27'),
(N'874E10C8-C06C-47A1-9736-613FE5B1941B', N'E424D182-8840-46D1-979E-424C88FF71AD', 125000, N'IN', N'SEMESTER_BONUS', N'student_semester_bonus', N'3B405D58-F496-4C82-8F21-A231BA201634', N'Bonus học kỳ: $125000.00', N'2025-12-27 16:04:27'),
(N'4692CB4E-E6AF-4754-91C7-01FA3E481225', N'E424D182-8840-46D1-979E-424C88FF71AD', 125000, N'IN', N'SEMESTER_BONUS', N'student_semester_bonus', N'59DCC869-2D9C-42D5-881B-07AD39548E4B', N'Bonus học kỳ: $125000.00', N'2025-12-27 16:04:27'),
(N'14B5F0DF-77C8-4D35-8947-FD2B67A72382', N'F8C237E9-F543-4879-8D47-FC92E415ECB1', 125000, N'IN', N'SEMESTER_BONUS', N'student_semester_bonus', N'B054284F-E248-45F8-885F-466C73B0C00C', N'Bonus học kỳ: $125000.00', N'2025-12-27 16:04:27'),
(N'6AA39927-91C6-46A0-9BD6-F3C148A2CACF', N'F8C237E9-F543-4879-8D47-FC92E415ECB1', 125000, N'IN', N'SEMESTER_BONUS', N'student_semester_bonus', N'810A6999-15A9-48C9-8F95-81E3AE265470', N'Bonus học kỳ: $125000.00', N'2025-12-27 16:04:27'),
(N'DBACC32A-5271-4D27-9DD3-27759778EA87', N'F8C237E9-F543-4879-8D47-FC92E415ECB1', 125000, N'IN', N'SEMESTER_BONUS', N'student_semester_bonus', N'E3F9F0CF-B98B-4EC5-89D5-0DCC3675D73C', N'Bonus học kỳ: $125000.00', N'2025-12-27 16:04:27'),
(N'02424495-409E-4248-81D3-60C82124E879', N'F8C237E9-F543-4879-8D47-FC92E415ECB1', 125000, N'IN', N'SEMESTER_BONUS', N'student_semester_bonus', N'AD7AC4E1-6959-477C-AA81-EDFCD0918D66', N'Bonus học kỳ: $125000.00', N'2025-12-27 16:04:27'),
(N'9225104E-CB07-4AB5-A396-D498CD5F6CA6', N'6BCB2555-4E03-4C9C-9AEF-B8847FDAA704', 125000, N'IN', N'SEMESTER_BONUS', N'student_semester_bonus', N'DCDFA586-A256-4987-8536-22CF704BC7DC', N'Bonus học kỳ: $125000.00', N'2025-12-27 16:04:27'),
(N'1B167BD0-13D9-4EBD-A233-D112011EEE44', N'6BCB2555-4E03-4C9C-9AEF-B8847FDAA704', 125000, N'IN', N'SEMESTER_BONUS', N'student_semester_bonus', N'B6802604-E3D8-4AE2-8732-BC33C6F7FC49', N'Bonus học kỳ: $125000.00', N'2025-12-27 16:04:27'),
(N'8AEC363B-79C7-4B7C-8A35-7DE1EF5119D9', N'6BCB2555-4E03-4C9C-9AEF-B8847FDAA704', 125000, N'IN', N'SEMESTER_BONUS', N'student_semester_bonus', N'9D8CA49D-9A9E-450F-B1A3-AB0C88C284F0', N'Bonus học kỳ: $125000.00', N'2025-12-27 16:04:27'),
(N'4F2ADED4-5938-4DF3-8559-23447383B852', N'6BCB2555-4E03-4C9C-9AEF-B8847FDAA704', 125000, N'IN', N'SEMESTER_BONUS', N'student_semester_bonus', N'D01F28B9-FCD4-4B56-AD77-EE35F2E23CF4', N'Bonus học kỳ: $125000.00', N'2025-12-27 16:04:27'),
(N'F2C98AA6-AAA3-426B-AD16-88F0CDAEC742', N'61345F7F-571B-4894-A97F-2CBE87DECEFE', 125000, N'IN', N'SEMESTER_BONUS', N'student_semester_bonus', N'730B4466-3532-4429-8E8F-204AFC821133', N'Bonus học kỳ: $125000.00', N'2025-12-27 16:04:27'),
(N'0CEAAC56-B943-47D9-B026-23CDFA291343', N'61345F7F-571B-4894-A97F-2CBE87DECEFE', 125000, N'IN', N'SEMESTER_BONUS', N'student_semester_bonus', N'361EC1C2-EFEB-4400-83D5-24B0735B52F3', N'Bonus học kỳ: $125000.00', N'2025-12-27 16:04:27'),
(N'672AAB23-30DC-44BD-BE3F-8C083DDFFF02', N'61345F7F-571B-4894-A97F-2CBE87DECEFE', 125000, N'IN', N'SEMESTER_BONUS', N'student_semester_bonus', N'9865AAC9-CA31-483E-A3AE-9EA125976868', N'Bonus học kỳ: $125000.00', N'2025-12-27 16:04:27'),
(N'11001624-A993-4176-A636-A4AFC5B19A2A', N'7F72EB21-46F2-4539-94D4-91802C8E0F17', 125000, N'IN', N'SEMESTER_BONUS', N'student_semester_bonus', N'D5F05844-906C-4419-A15E-A0D15216CC8F', N'Bonus học kỳ: $125000.00', N'2025-12-27 16:04:27'),
(N'1E673092-761C-4F51-9C74-CEA20BCDC80A', N'19B54E14-8A9A-437D-A1CD-619AF2AE3D8B', 125000, N'IN', N'SEMESTER_BONUS', N'student_semester_bonus', N'BB5C25AF-BE9D-4ABF-8CFE-80D01CBFF78B', N'Bonus học kỳ: $125000.00', N'2025-12-27 16:04:27'),
(N'25BA729E-2B99-42ED-B21C-2D33396BA9AB', N'76EBFCED-D2CB-4AEB-A849-30D757AF1B87', 125000, N'IN', N'SEMESTER_BONUS', N'student_semester_bonus', N'DFC61EEE-7718-482E-8FA5-B2F821757595', N'Bonus học kỳ: $125000.00', N'2025-12-27 16:04:27'),
(N'DA13A686-3347-457B-AC53-16ED24460793', N'87F66132-21D9-4E8A-820E-C21040830376', 125000, N'IN', N'SEMESTER_BONUS', N'student_semester_bonus', N'0C8014C4-9132-4107-9E9A-946DF039592D', N'Bonus học kỳ: $125000.00', N'2025-12-27 16:04:27'),
(N'393EEC2F-06DA-438E-A241-ED1185F69907', N'87F66132-21D9-4E8A-820E-C21040830376', 125000, N'IN', N'SEMESTER_BONUS', N'student_semester_bonus', N'1DB7CDBC-5447-445B-BA3A-85EC7BE1EC8B', N'Bonus học kỳ: $125000.00', N'2025-12-27 16:04:27'),
(N'F97E88D5-130A-4927-96D8-0F4F0B6A7B7D', N'87F66132-21D9-4E8A-820E-C21040830376', 125000, N'IN', N'SEMESTER_BONUS', N'student_semester_bonus', N'8BA490ED-73FA-4592-8D9E-A654B2709988', N'Bonus học kỳ: $125000.00', N'2025-12-27 16:04:27'),
(N'F6B7AB42-E7DC-4EBD-B381-47AF46011DA5', N'090EC8AA-7D81-4FCF-9C64-58538DF2F611', 125000, N'IN', N'SEMESTER_BONUS', N'student_semester_bonus', N'6839E617-F286-4898-BA0A-7D6526E7C83F', N'Bonus học kỳ: $125000.00', N'2025-12-27 16:04:27'),
(N'B57D91FD-F669-4772-AFB9-1F7158FC73A9', N'090EC8AA-7D81-4FCF-9C64-58538DF2F611', 125000, N'IN', N'SEMESTER_BONUS', N'student_semester_bonus', N'7BB5D433-746D-4CB2-9AC0-0DAF5FBE1936', N'Bonus học kỳ: $125000.00', N'2025-12-27 16:04:27'),
(N'651148AB-E231-4F1E-BFE5-8B88400F4354', N'585EF02B-6115-4899-B1D4-DB27F2D6A86E', 125000, N'IN', N'SEMESTER_BONUS', N'student_semester_bonus', N'EB1917DF-EB85-451A-BE22-5C4F8C53ADF1', N'Bonus học kỳ: $125000.00', N'2025-12-27 16:04:27'),
(N'7A67EEE8-75E7-463B-AF27-990BF9560359', N'585EF02B-6115-4899-B1D4-DB27F2D6A86E', 125000, N'IN', N'SEMESTER_BONUS', N'student_semester_bonus', N'B17349B7-ABA2-4777-94E6-59A364DC1BA3', N'Bonus học kỳ: $125000.00', N'2025-12-27 16:04:27'),
(N'FD9F88AD-1DB5-47A3-816C-F0BCDAAA250A', N'8677F14C-40B0-4218-9FD6-2D9F05ABDA41', 125000, N'IN', N'SEMESTER_BONUS', N'student_semester_bonus', N'80A25B6F-ED6D-48EB-8BBD-0AB8749B0D21', N'Bonus học kỳ: $125000.00', N'2025-12-27 16:04:27'),
(N'7890625D-79C0-4402-8397-C6E8377F91A0', N'29DF0F4D-081C-441A-8248-99D24B78AB75', 125000, N'IN', N'SEMESTER_BONUS', N'student_semester_bonus', N'40C410F6-10C3-47C1-9B49-6EBC0A68D43C', N'Bonus học kỳ: $125000.00', N'2025-12-27 16:04:27'),
(N'560996B1-C9C7-46C6-9926-026F4B309A92', N'29DF0F4D-081C-441A-8248-99D24B78AB75', 125000, N'IN', N'SEMESTER_BONUS', N'student_semester_bonus', N'C77D8659-8F35-4BFE-A82D-BBF65D586D7A', N'Bonus học kỳ: $125000.00', N'2025-12-27 16:04:27'),
(N'B9D6AC83-73E4-4701-AB2E-5353AC4D6410', N'4416A81D-3837-4DEC-8A6D-498E2A59B3B4', 125000, N'IN', N'SEMESTER_BONUS', N'student_semester_bonus', N'CF6FAF59-8E5E-4D0B-B4F3-7A60994651A2', N'Bonus học kỳ: $125000.00', N'2025-12-27 16:04:27'),
(N'3AB4BFF2-D2D0-4AB2-9384-74EA83502CD0', N'4416A81D-3837-4DEC-8A6D-498E2A59B3B4', 125000, N'IN', N'SEMESTER_BONUS', N'student_semester_bonus', N'F6CD8160-66B1-406F-90E0-C36BAA2AFD9B', N'Bonus học kỳ: $125000.00', N'2025-12-27 16:04:27'),
(N'F49B57C9-AFEA-4BB0-8A9F-62AA87AD7ADF', N'4416A81D-3837-4DEC-8A6D-498E2A59B3B4', 125000, N'IN', N'SEMESTER_BONUS', N'student_semester_bonus', N'3A3A0FFC-0566-4E7E-A4AE-0F913DBD26D0', N'Bonus học kỳ: $125000.00', N'2025-12-27 16:04:27'),
(N'298359EC-0FEB-4B14-A134-42BA0EBECC86', N'8034AB8F-9649-4ACF-85A6-2D2EAA802E2B', 125000, N'IN', N'SEMESTER_BONUS', N'student_semester_bonus', N'EB14F303-A4E9-4495-8A9B-528302114E95', N'Bonus học kỳ: $125000.00', N'2025-12-27 16:04:27'),
(N'9523F356-4D28-492B-BF22-ED342F4FA95D', N'8034AB8F-9649-4ACF-85A6-2D2EAA802E2B', 125000, N'IN', N'SEMESTER_BONUS', N'student_semester_bonus', N'BA699F76-2ECE-43C2-B2C5-E5EA4229258B', N'Bonus học kỳ: $125000.00', N'2025-12-27 16:04:27'),
(N'0F928A50-7F3C-4BE7-B56C-79F1931B37EF', N'8034AB8F-9649-4ACF-85A6-2D2EAA802E2B', 125000, N'IN', N'SEMESTER_BONUS', N'student_semester_bonus', N'1AC5B989-6727-493C-B2BD-EC3DED29B363', N'Bonus học kỳ: $125000.00', N'2025-12-27 16:04:27'),
(N'6BED0E0E-E21C-4538-B059-D114C7E6862F', N'A395ECF1-50D8-434B-AB3B-EFB6627781F4', 125000, N'IN', N'SEMESTER_BONUS', N'student_semester_bonus', N'986A91F1-AFB6-4CE4-8A48-4DAD069C1B10', N'Bonus học kỳ: $125000.00', N'2025-12-27 16:04:27'),
(N'02B7529B-651C-4338-9116-DEBBBD953986', N'A395ECF1-50D8-434B-AB3B-EFB6627781F4', 125000, N'IN', N'SEMESTER_BONUS', N'student_semester_bonus', N'71CFFD6A-76A0-4299-BFE3-8DB3F65884D2', N'Bonus học kỳ: $125000.00', N'2025-12-27 16:04:27'),
(N'8649AC2C-76E2-43EF-B8F6-5E0B50579938', N'A395ECF1-50D8-434B-AB3B-EFB6627781F4', 125000, N'IN', N'SEMESTER_BONUS', N'student_semester_bonus', N'7C023366-7D02-4F86-A5FA-AAE56EEBC647', N'Bonus học kỳ: $125000.00', N'2025-12-27 16:04:27'),
(N'BED5958C-CC10-4745-9946-5947BBA5E57A', N'6FF3CFCB-8430-4108-9FEB-BE1DFFB8A400', 125000, N'IN', N'SEMESTER_BONUS', N'student_semester_bonus', N'99BAD6E0-0521-4F91-BE19-71D3A22F6896', N'Bonus học kỳ: $125000.00', N'2025-12-27 16:04:27'),
(N'21C29A8D-1614-4B79-AB61-A84033DCC7F6', N'6FF3CFCB-8430-4108-9FEB-BE1DFFB8A400', 125000, N'IN', N'SEMESTER_BONUS', N'student_semester_bonus', N'7E92C4D1-5655-4B88-AD5C-8DC992D0056F', N'Bonus học kỳ: $125000.00', N'2025-12-27 16:04:27'),
(N'9B4DBD74-5E16-45C1-A44E-EC901E885998', N'BBAE74B0-1C8E-4CFA-8A82-AEA2F42E4D83', 125000, N'IN', N'SEMESTER_BONUS', N'student_semester_bonus', N'0B2A7012-A1F6-4563-BCB4-BA1AE185280E', N'Bonus học kỳ: $125000.00', N'2025-12-27 16:04:27'),
(N'F431C9ED-22F1-4A3E-8546-EBA328309847', N'BBAE74B0-1C8E-4CFA-8A82-AEA2F42E4D83', 125000, N'IN', N'SEMESTER_BONUS', N'student_semester_bonus', N'B3A9F1D1-D264-402D-B4AD-8D087E775FEF', N'Bonus học kỳ: $125000.00', N'2025-12-27 16:04:27'),
(N'1204DC5C-FCB6-463F-AB21-334A24CA03C5', N'0BC0CC23-4E07-4E85-BC91-0BBF869D1009', 125000, N'IN', N'SEMESTER_BONUS', N'student_semester_bonus', N'F7BCDD36-1792-43A0-81E5-E0AE8CB98E3A', N'Bonus học kỳ: $125000.00', N'2025-12-27 16:04:27'),
(N'AD44ADE4-F5AD-4937-B6A1-5B03DF4E2717', N'13EE90FC-83E6-4B7F-A52E-78B1B8DD34F8', -1000.0, N'OUT', N'PAYMENT', N'payment', N'912D7B6A-2FF5-4C4A-9BBF-35A9758F98F4', N'Thanh toán in ấn: $1000.00', N'2025-12-14 11:37:42'),
(N'0A390804-0BF6-49F1-8F9A-C194A339197F', N'13EE90FC-83E6-4B7F-A52E-78B1B8DD34F8', -5000.0, N'OUT', N'PAYMENT', N'payment', N'8F8F0978-AC8B-4CF1-B500-58686460B61C', N'Thanh toán in ấn: $5000.00', N'2025-12-07 07:00:20'),
(N'E4521C11-9E4E-4530-AFCD-511B07D9CC45', N'13EE90FC-83E6-4B7F-A52E-78B1B8DD34F8', -68000.0, N'OUT', N'PAYMENT', N'payment', N'1C9C9750-E8B1-452D-8487-0FFCF8FCE5E2', N'Thanh toán in ấn: $68000.00', N'2025-12-12 12:27:43'),
(N'409F0A40-8A36-4323-9563-4EC5D384B017', N'13EE90FC-83E6-4B7F-A52E-78B1B8DD34F8', -4000.0, N'OUT', N'PAYMENT', N'payment', N'82188B8C-96A8-4192-A03C-52685C4453DB', N'Thanh toán in ấn: $4000.00', N'2025-10-04 21:51:30'),
(N'DE0C44F7-72DB-40AF-B499-FFF3CF80DD6E', N'13EE90FC-83E6-4B7F-A52E-78B1B8DD34F8', -2200.0, N'OUT', N'PAYMENT', N'payment', N'4216127F-0722-42A2-B725-22A569D57DB5', N'Thanh toán in ấn: $2200.00', N'2025-10-29 07:26:16'),
(N'1D44CF27-6DB9-4F76-9624-245F4038D36B', N'20E8D03A-7648-4904-972A-E148D2B70278', -1000.0, N'OUT', N'PAYMENT', N'payment', N'C5B37F43-78FC-4630-84D0-054A10BE913B', N'Thanh toán in ấn: $1000.00', N'2025-11-06 21:18:23'),
(N'BC0D8C2D-F803-496A-B1AA-5E9B8C81A452', N'20E8D03A-7648-4904-972A-E148D2B70278', -24000.0, N'OUT', N'PAYMENT', N'payment', N'DBE6D1B2-CECA-4AFF-97EF-FA29A05FFC52', N'Thanh toán in ấn: $24000.00', N'2025-07-09 13:29:14'),
(N'4F043E6C-755E-4B8F-AF86-165CB4BBACB7', N'20E8D03A-7648-4904-972A-E148D2B70278', -14000.0, N'OUT', N'PAYMENT', N'payment', N'506DE171-798A-4013-8394-37BD3B26940E', N'Thanh toán in ấn: $14000.00', N'2025-07-14 22:24:17'),
(N'2E316773-59D4-4E82-9D19-E163A5BA40F8', N'20E8D03A-7648-4904-972A-E148D2B70278', -9000.0, N'OUT', N'PAYMENT', N'payment', N'03C8468A-5E00-4859-AC6C-124257809C39', N'Thanh toán in ấn: $9000.00', N'2025-11-26 10:57:12'),
(N'45C97585-F331-4FB7-AC2F-FDFB8A53B6E6', N'20E8D03A-7648-4904-972A-E148D2B70278', -10000.0, N'OUT', N'PAYMENT', N'payment', N'1EF29E9E-2D41-4942-835E-2A56D8184424', N'Thanh toán in ấn: $10000.00', N'2025-12-12 18:18:48'),
(N'1F224B94-77C7-4739-889C-0D3DBFAE6310', N'A35C2B37-4108-465D-BD56-ED058C29B5E7', -1200.0, N'OUT', N'PAYMENT', N'payment', N'B5325754-F3D2-4AB3-8245-E2B092F395B4', N'Thanh toán in ấn: $1200.00', N'2025-08-03 13:37:10'),
(N'8BAB8FC7-6EC0-4F99-8813-5657D9A38CFB', N'A35C2B37-4108-465D-BD56-ED058C29B5E7', -8800.0, N'OUT', N'PAYMENT', N'payment', N'C527288D-EE57-4765-8EC6-E86FD9D14D3E', N'Thanh toán in ấn: $8800.00', N'2025-12-04 21:41:42'),
(N'8055C0A7-F800-4FE8-91A2-1CBE2F6DDB3E', N'A35C2B37-4108-465D-BD56-ED058C29B5E7', -13200.0, N'OUT', N'PAYMENT', N'payment', N'D6F4C95F-70BF-41BF-9B1B-A9934FF2C41C', N'Thanh toán in ấn: $13200.00', N'2025-07-04 10:13:11'),
(N'88174646-3BD6-4DDC-81BD-74007DAFBC38', N'A35C2B37-4108-465D-BD56-ED058C29B5E7', -6000.0, N'OUT', N'PAYMENT', N'payment', N'AC8E77EB-C250-46C8-AD5B-1E6E40D6487E', N'Thanh toán in ấn: $6000.00', N'2025-10-17 17:27:24'),
(N'9BD70C94-CB5B-46F9-9055-27AE593A523E', N'A35C2B37-4108-465D-BD56-ED058C29B5E7', -6000.0, N'OUT', N'PAYMENT', N'payment', N'50309B4C-9FC7-4CB4-B841-7ACF3A626300', N'Thanh toán in ấn: $6000.00', N'2025-10-16 14:48:44'),
(N'59476CC0-9E7D-46C3-AE6C-97821AC5D71E', N'A35C2B37-4108-465D-BD56-ED058C29B5E7', -2500.0, N'OUT', N'PAYMENT', N'payment', N'06214733-CC40-4550-850B-CAB20017E54F', N'Thanh toán in ấn: $2500.00', N'2025-07-21 11:21:16'),
(N'C409303F-6AF7-4D79-BC35-7EE7F18CD11D', N'A35C2B37-4108-465D-BD56-ED058C29B5E7', -99900.0, N'OUT', N'PAYMENT', N'payment', N'D9C5BEF7-96F8-413E-9F60-687817DC8D54', N'Thanh toán in ấn: $99900.00', N'2025-08-25 10:15:38'),
(N'8841DA50-4106-4330-9F93-55410FC92004', N'A35C2B37-4108-465D-BD56-ED058C29B5E7', -16800.0, N'OUT', N'PAYMENT', N'payment', N'7C106B12-BA40-4639-A4E9-BD078FF98D98', N'Thanh toán in ấn: $16800.00', N'2025-08-10 09:51:56'),
(N'D2E4A7E3-2D96-4C8E-87C8-5B6D2259CC26', N'A35C2B37-4108-465D-BD56-ED058C29B5E7', -22000.0, N'OUT', N'PAYMENT', N'payment', N'37AEC817-09E9-4F9A-8C6F-257C015CDAC1', N'Thanh toán in ấn: $22000.00', N'2025-11-27 21:35:23'),
(N'9710160E-5262-4071-BF2B-7FF88E4DECB1', N'A35C2B37-4108-465D-BD56-ED058C29B5E7', -29000.0, N'OUT', N'PAYMENT', N'payment', N'D57A567D-BB6A-4E1E-B72F-E88D6CD91CC7', N'Thanh toán in ấn: $29000.00', N'2025-11-27 16:48:29'),
(N'D9894CF1-3C3B-43F4-8D09-60C38D8BCFC6', N'A35C2B37-4108-465D-BD56-ED058C29B5E7', -14000.0, N'OUT', N'PAYMENT', N'payment', N'571D8D30-6706-4517-BED4-4129355E35BA', N'Thanh toán in ấn: $14000.00', N'2025-11-25 17:30:04'),
(N'72EE636B-C0EC-4AE8-8D87-06D6C8F4788F', N'A35C2B37-4108-465D-BD56-ED058C29B5E7', -22000.0, N'OUT', N'PAYMENT', N'payment', N'7ED6A28C-87C6-47C8-8155-AA11A39FF72A', N'Thanh toán in ấn: $22000.00', N'2025-07-13 00:01:31'),
(N'B95D0EA3-0F31-4387-A2F2-36580B8A4B52', N'A35C2B37-4108-465D-BD56-ED058C29B5E7', -31200.0, N'OUT', N'PAYMENT', N'payment', N'E4FF7D6A-4980-4F24-B6C1-7BD0C24C57F8', N'Thanh toán in ấn: $31200.00', N'2025-09-16 10:27:36'),
(N'C73B05DF-1ADA-48ED-9FDF-D3142430047D', N'A35C2B37-4108-465D-BD56-ED058C29B5E7', -4000.0, N'OUT', N'PAYMENT', N'payment', N'84BFEA5C-3FC5-4623-9089-D664D7899576', N'Thanh toán in ấn: $4000.00', N'2025-09-15 06:37:35'),
(N'183E63FA-A36F-4D0E-ACD6-F65137EC4B51', N'A35C2B37-4108-465D-BD56-ED058C29B5E7', -1200.0, N'OUT', N'PAYMENT', N'payment', N'1A8760D9-6ACB-42BE-A453-A431BF4720CF', N'Thanh toán in ấn: $1200.00', N'2025-07-24 13:42:16'),
(N'D21259F1-E98A-4086-AB52-BEDF3C2B8037', N'30F10E7F-2899-4E90-91A9-834AD35D14C0', -1200.0, N'OUT', N'PAYMENT', N'payment', N'30D03C41-B5D8-4F3C-A405-73889DA2B1BF', N'Thanh toán in ấn: $1200.00', N'2025-11-02 14:41:48'),
(N'5C8E896F-8F00-4F79-8815-4502018FFFCE', N'30F10E7F-2899-4E90-91A9-834AD35D14C0', -36000.0, N'OUT', N'PAYMENT', N'payment', N'F5286102-5850-470F-8189-0C83FD4A3280', N'Thanh toán in ấn: $36000.00', N'2025-11-08 20:56:24'),
(N'49D00E06-B84F-4A9F-835E-9897CE327F01', N'30F10E7F-2899-4E90-91A9-834AD35D14C0', -1000.0, N'OUT', N'PAYMENT', N'payment', N'77BC6013-4B1D-42DD-B484-03B8990E01C0', N'Thanh toán in ấn: $1000.00', N'2025-07-07 12:11:58'),
(N'6B3FA33C-A11D-4723-933B-4C10903A1873', N'30F10E7F-2899-4E90-91A9-834AD35D14C0', -90000.0, N'OUT', N'PAYMENT', N'payment', N'A889C938-96C0-4DE4-8FBF-AE54224E93E9', N'Thanh toán in ấn: $90000.00', N'2025-09-20 19:22:28'),
(N'15068F69-F3FB-4FB3-B0AF-4EEFA25D3AB6', N'30F10E7F-2899-4E90-91A9-834AD35D14C0', -1000.0, N'OUT', N'PAYMENT', N'payment', N'713E282D-01E6-4780-A82D-16416BD8EB99', N'Thanh toán in ấn: $1000.00', N'2025-07-28 20:08:50'),
(N'DBE09F47-2088-4C1C-92C2-EC62EA995899', N'30F10E7F-2899-4E90-91A9-834AD35D14C0', -36000.0, N'OUT', N'PAYMENT', N'payment', N'FA52D4BB-3FE4-414E-970A-1B62D266815F', N'Thanh toán in ấn: $36000.00', N'2025-07-10 12:41:00'),
(N'5681D576-7784-4436-BBCF-2B6E59C2F51A', N'30F10E7F-2899-4E90-91A9-834AD35D14C0', -1000.0, N'OUT', N'PAYMENT', N'payment', N'ADEB9168-4EEB-4E25-AED7-5C0A5B16C6DC', N'Thanh toán in ấn: $1000.00', N'2025-11-09 22:40:17'),
(N'1F9F0863-8C2C-4AC5-BDF0-1C0152B97EC1', N'30F10E7F-2899-4E90-91A9-834AD35D14C0', -28800.0, N'OUT', N'PAYMENT', N'payment', N'A13CC938-F016-4A1E-B285-72C0F736665E', N'Thanh toán in ấn: $28800.00', N'2025-11-17 12:07:17'),
(N'4576C66C-1E7B-41D7-BC74-E0B651F1AB09', N'30F10E7F-2899-4E90-91A9-834AD35D14C0', -1000.0, N'OUT', N'PAYMENT', N'payment', N'3DAC234F-C147-4CB9-BC15-6E83A46BEF55', N'Thanh toán in ấn: $1000.00', N'2025-07-30 07:35:19'),
(N'1D23A563-4B07-4F05-849C-9A098627C31A', N'A2347010-D0C9-4B15-8766-98F997468DBD', -18000.0, N'OUT', N'PAYMENT', N'payment', N'77E5D637-AA33-4190-8B22-99F18BF95470', N'Thanh toán in ấn: $18000.00', N'2025-08-10 13:10:44'),
(N'E89C0AB9-6425-4FE2-AC5E-6BB4445E4FCF', N'A2347010-D0C9-4B15-8766-98F997468DBD', -72000.0, N'OUT', N'PAYMENT', N'payment', N'2CA9566F-0270-49A2-873E-C998BCB02458', N'Thanh toán in ấn: $72000.00', N'2025-10-31 12:03:55'),
(N'50E2BC08-CB05-4027-86B6-AE2ED76AC8E4', N'A2347010-D0C9-4B15-8766-98F997468DBD', -4000.0, N'OUT', N'PAYMENT', N'payment', N'1AD55A34-C029-437C-A31A-AD0FAAE7055F', N'Thanh toán in ấn: $4000.00', N'2025-11-22 11:07:31'),
(N'33804C83-1676-4CD3-9F4E-EF62FA0182C6', N'A2347010-D0C9-4B15-8766-98F997468DBD', -32000.0, N'OUT', N'PAYMENT', N'payment', N'142A7CB7-B79D-4332-B9DE-18FA84A53BB4', N'Thanh toán in ấn: $32000.00', N'2025-08-26 22:40:19'),
(N'B8FFA0ED-CAFD-4ED9-8299-C63EC4030C12', N'A2347010-D0C9-4B15-8766-98F997468DBD', -9600.0, N'OUT', N'PAYMENT', N'payment', N'EA0CA63C-6A78-4AB8-95AB-ED97248127EB', N'Thanh toán in ấn: $9600.00', N'2025-07-30 09:40:44'),
(N'65F8E5DB-FAD5-4B5A-9EAD-B00D04368FF7', N'A2347010-D0C9-4B15-8766-98F997468DBD', -2200.0, N'OUT', N'PAYMENT', N'payment', N'39AE7222-20D7-49A9-90E5-DB6A1ECBC8FE', N'Thanh toán in ấn: $2200.00', N'2025-07-26 09:37:35'),
(N'C9013C2C-BBFF-4D41-B9C5-CE7D00C15E97', N'A2347010-D0C9-4B15-8766-98F997468DBD', -36000.0, N'OUT', N'PAYMENT', N'payment', N'1B0FEB72-AE91-4D64-B74B-3C39500C98B0', N'Thanh toán in ấn: $36000.00', N'2025-12-17 17:03:03'),
(N'88D954A2-5FF6-4893-842C-988992146B8D', N'A2347010-D0C9-4B15-8766-98F997468DBD', -2000.0, N'OUT', N'PAYMENT', N'payment', N'52313576-E9B0-4A31-BF4F-9A01B2BABA22', N'Thanh toán in ấn: $2000.00', N'2025-10-20 17:39:57'),
(N'1C89B724-6FCD-4378-B58D-97AB1C67D0FE', N'A2347010-D0C9-4B15-8766-98F997468DBD', -1000.0, N'OUT', N'PAYMENT', N'payment', N'D834E42B-C405-49BD-8AD8-9D422F0404DD', N'Thanh toán in ấn: $1000.00', N'2025-10-07 16:57:09'),
(N'657C4612-AFA0-4E7E-A6D6-D27411E7E043', N'A2347010-D0C9-4B15-8766-98F997468DBD', -10000.0, N'OUT', N'PAYMENT', N'payment', N'F2CE203E-9876-4702-9EC4-B5A94B0114CB', N'Thanh toán in ấn: $10000.00', N'2025-07-20 10:08:37'),
(N'5A0F44DB-1769-4359-B182-8280EEB6FF65', N'D6BB5253-3A25-43A3-93E6-4AD256A30DC6', -25000.0, N'OUT', N'PAYMENT', N'payment', N'CE952EC1-F151-4728-B261-510F152DAA73', N'Thanh toán in ấn: $25000.00', N'2025-08-31 21:38:31'),
(N'A4B1394F-1EDB-4339-9C48-746487FD5D8B', N'D6BB5253-3A25-43A3-93E6-4AD256A30DC6', -20000.0, N'OUT', N'PAYMENT', N'payment', N'8984083F-7609-4D51-9E25-F98D2FD6BC1D', N'Thanh toán in ấn: $20000.00', N'2025-07-27 16:56:09'),
(N'7A9BBE64-7DE3-421C-88D1-E9F5BE4ABDBE', N'D6BB5253-3A25-43A3-93E6-4AD256A30DC6', -12000.0, N'OUT', N'PAYMENT', N'payment', N'2C2F5E6F-C526-44F2-87D8-ACF2D9474E82', N'Thanh toán in ấn: $12000.00', N'2025-11-09 17:55:26'),
(N'4607E92D-D153-48C3-A5B1-194CC047B767', N'D6BB5253-3A25-43A3-93E6-4AD256A30DC6', -2000.0, N'OUT', N'PAYMENT', N'payment', N'592632CE-98BB-4FF4-8DDC-65415B6977F0', N'Thanh toán in ấn: $2000.00', N'2025-09-18 16:49:07'),
(N'FF3E73E0-10F0-4559-A935-82B86B85ADAA', N'D6BB5253-3A25-43A3-93E6-4AD256A30DC6', -22000.0, N'OUT', N'PAYMENT', N'payment', N'D70B5AB3-B2BB-495D-9FBE-6CAC333844EE', N'Thanh toán in ấn: $22000.00', N'2025-10-29 16:38:56'),
(N'12CF453D-2994-421B-AA82-E09D12E49C7D', N'D6BB5253-3A25-43A3-93E6-4AD256A30DC6', -1000.0, N'OUT', N'PAYMENT', N'payment', N'3E568D40-8657-4BA9-AABE-607AB153118A', N'Thanh toán in ấn: $1000.00', N'2025-12-09 07:09:11'),
(N'00A4B12F-0EB4-4FEB-B68C-1C74966422CE', N'D6BB5253-3A25-43A3-93E6-4AD256A30DC6', -40000.0, N'OUT', N'PAYMENT', N'payment', N'8DBCADFB-5944-4841-9A89-CA9FF781D107', N'Thanh toán in ấn: $40000.00', N'2025-12-10 11:50:46'),
(N'20AD19C8-844B-4460-964D-7584D3FADF59', N'D6BB5253-3A25-43A3-93E6-4AD256A30DC6', -17000.0, N'OUT', N'PAYMENT', N'payment', N'DE90BA1B-E08F-4384-B77A-0CA0047429B1', N'Thanh toán in ấn: $17000.00', N'2025-12-10 15:59:55'),
(N'A6545B7E-CA38-4240-A251-BF75BF794E8F', N'D6BB5253-3A25-43A3-93E6-4AD256A30DC6', -13000.0, N'OUT', N'PAYMENT', N'payment', N'BA3625D6-CCC6-4951-82FE-ED705667DC83', N'Thanh toán in ấn: $13000.00', N'2025-09-04 12:32:55');


-- ============================================

-- PRINTER LOGS DATA

-- ============================================

INSERT INTO printer_log (log_id, printer_id, log_type, severity, description, job_id, user_id, details, error_code, is_resolved, resolved_at, resolved_by, resolution_notes, ip_address, created_at) VALUES
(N'F4A84899-097A-451F-B7A4-59086F765F1D', N'81178711-6133-4C31-8BF9-94FA2C77233D', N'print_job', N'info', N'Print job queued successfully', NULL, NULL, NULL, NULL, 0, NULL, NULL, NULL, NULL, N'2025-11-10 16:04:27'),
(N'E6A94C07-1736-47FB-9BE8-CE5B19403236', N'81178711-6133-4C31-8BF9-94FA2C77233D', N'configuration', N'error', N'Default paper size changed', NULL, N'840B6566-9FC7-4E30-AD0F-C47A3C877F46', NULL, NULL, 0, NULL, NULL, NULL, NULL, N'2025-06-07 16:04:27'),
(N'908F002B-3501-4278-A89D-554E67CDF835', N'81178711-6133-4C31-8BF9-94FA2C77233D', N'status_change', N'info', N'Printer status changed to printing', NULL, N'E23BCC4A-466F-4451-80C1-79AB77D1CDD6', NULL, NULL, 0, NULL, NULL, NULL, NULL, N'2025-03-19 16:04:27'),
(N'CBB10391-F35E-4F95-8836-C417036BE04D', N'81178711-6133-4C31-8BF9-94FA2C77233D', N'admin_action', N'warning', N'Printer location updated', NULL, N'840B6566-9FC7-4E30-AD0F-C47A3C877F46', NULL, NULL, 0, NULL, NULL, NULL, N'248.192.229.84', N'2025-01-04 16:04:27'),
(N'C6C38735-E445-41B9-B44A-056AD2E0F17A', N'81178711-6133-4C31-8BF9-94FA2C77233D', N'maintenance', N'info', N'Paper tray refilled', NULL, N'840B6566-9FC7-4E30-AD0F-C47A3C877F46', N'{"maintenance_type": "routine", "location": "Library & Research Center Room 101"}', NULL, 0, NULL, NULL, NULL, NULL, N'2025-03-15 16:04:27'),
(N'671C1921-A060-41A6-825A-69D9D541B34B', N'81178711-6133-4C31-8BF9-94FA2C77233D', N'status_change', N'critical', N'Printer disabled for maintenance', NULL, NULL, NULL, NULL, 0, NULL, NULL, NULL, NULL, N'2025-01-11 16:04:27'),
(N'68309ED1-911E-40D1-A292-4B45BB1E5F5A', N'81178711-6133-4C31-8BF9-94FA2C77233D', N'print_job', N'info', N'Print job queued successfully', NULL, NULL, NULL, NULL, 0, NULL, NULL, NULL, N'236.225.67.103', N'2025-01-15 16:04:27'),
(N'E0FFB7E9-E805-4B3F-9750-F43C8A792E9A', N'BC993E8A-CD27-4BEE-8DFA-5795DCF7FE64', N'configuration', N'info', N'Print quality settings adjusted', NULL, N'DA4259F4-4CCC-450C-B6BE-8B983033EDD9', NULL, NULL, 0, NULL, NULL, NULL, NULL, N'2025-02-21 16:04:27'),
(N'75FC0DC4-352C-4A44-91AB-B089D2FA86EC', N'BC993E8A-CD27-4BEE-8DFA-5795DCF7FE64', N'maintenance', N'info', N'Paper tray refilled', NULL, N'A8394F12-87AD-48E1-985B-121DC04F4EAB', N'{"maintenance_type": "routine", "location": "Library & Research Center Room 102"}', NULL, 0, NULL, NULL, NULL, NULL, N'2025-10-19 16:04:27'),
(N'D239C5B9-0C40-4825-93CD-49004E7DD9A6', N'BC993E8A-CD27-4BEE-8DFA-5795DCF7FE64', N'status_change', N'info', N'Printer disabled for maintenance', NULL, N'E23BCC4A-466F-4451-80C1-79AB77D1CDD6', NULL, NULL, 0, NULL, NULL, NULL, NULL, N'2025-03-05 16:04:27'),
(N'5FBE1EFD-BF3F-4984-A009-0F0093840457', N'BC993E8A-CD27-4BEE-8DFA-5795DCF7FE64', N'status_change', N'warning', N'Printer status changed to idle', NULL, NULL, NULL, NULL, 0, NULL, NULL, NULL, NULL, N'2025-06-07 16:04:27'),
(N'E08F8878-DAD1-45B4-BBDD-CDA80F41DF04', N'BC993E8A-CD27-4BEE-8DFA-5795DCF7FE64', N'maintenance', N'warning', N'Scheduled maintenance performed', NULL, N'18C717AB-83F3-4D15-AA08-6E19B2552B24', N'{"maintenance_type": "routine", "location": "Library & Research Center Room 102"}', NULL, 0, NULL, NULL, NULL, NULL, N'2025-02-05 16:04:27'),
(N'FEB27928-E448-4EA5-A62F-BE9F6715ABD6', N'BC993E8A-CD27-4BEE-8DFA-5795DCF7FE64', N'print_job', N'info', N'Print job submitted: 4 page(s)', N'6DCD475F-6694-4515-84EC-AFF421063A95', N'22261F46-CC7E-4CD0-9ECD-1CDE8BAA53A2', NULL, NULL, 0, NULL, NULL, NULL, N'216.236.178.45', N'2025-11-11 16:04:27'),
(N'B18608F6-5247-4AA8-993E-3AB49D95DCA8', N'BC993E8A-CD27-4BEE-8DFA-5795DCF7FE64', N'maintenance', N'info', N'Scheduled maintenance performed', NULL, N'7C738365-5A0A-486F-AD02-85D22A431855', N'{"maintenance_type": "routine", "location": "Library & Research Center Room 102"}', NULL, 0, NULL, NULL, NULL, NULL, N'2025-01-04 16:04:27'),
(N'810DA3D0-135A-44AC-863D-56599506B234', N'BC993E8A-CD27-4BEE-8DFA-5795DCF7FE64', N'print_job', N'info', N'Print job submitted: 4 page(s)', N'6DCD475F-6694-4515-84EC-AFF421063A95', N'22261F46-CC7E-4CD0-9ECD-1CDE8BAA53A2', NULL, NULL, 0, NULL, NULL, NULL, NULL, N'2025-04-06 16:04:27'),
(N'0282A802-6CF5-4E51-B194-93773F97CEF6', N'BC993E8A-CD27-4BEE-8DFA-5795DCF7FE64', N'status_change', N'info', N'Printer status changed to printing', NULL, N'A8394F12-87AD-48E1-985B-121DC04F4EAB', NULL, NULL, 0, NULL, NULL, NULL, NULL, N'2025-06-20 16:04:27'),
(N'DAFA063A-9C37-4324-8ED3-DC14318E11A1', N'BC993E8A-CD27-4BEE-8DFA-5795DCF7FE64', N'status_change', N'critical', N'Printer status changed to printing', NULL, N'7C738365-5A0A-486F-AD02-85D22A431855', NULL, NULL, 0, NULL, NULL, NULL, NULL, N'2025-06-15 16:04:27'),
(N'F2FF93CA-FC51-4CB7-BCEB-05B8052F2096', N'343CFB2C-A7EF-4457-82A4-15A6DE975D74', N'configuration', N'error', N'Print quality settings adjusted', NULL, N'29CF77E6-258C-4A86-B78D-2A94DE508564', NULL, NULL, 0, NULL, NULL, NULL, N'249.189.63.157', N'2025-05-09 16:04:27'),
(N'106C11BA-DC4A-4A0C-B43C-6FA6DB2EBE37', N'343CFB2C-A7EF-4457-82A4-15A6DE975D74', N'error', N'critical', N'Printer door is open', NULL, NULL, N'{"error_type": "DOOR_OPEN", "location": "Library & Research Center Room 103"}', N'DOOR_OPEN', 0, NULL, NULL, NULL, NULL, N'2025-07-06 16:04:27'),
(N'2FAB5D6F-2616-45C4-92ED-946C02539843', N'343CFB2C-A7EF-4457-82A4-15A6DE975D74', N'admin_action', N'warning', N'Printer added to system', NULL, N'E23BCC4A-466F-4451-80C1-79AB77D1CDD6', NULL, NULL, 0, NULL, NULL, NULL, N'220.188.102.184', N'2025-08-26 16:04:27'),
(N'8811F1BA-CFB7-4E65-A531-BD1747EBC951', N'343CFB2C-A7EF-4457-82A4-15A6DE975D74', N'print_job', N'info', N'Print job queued successfully', NULL, NULL, NULL, NULL, 0, NULL, NULL, NULL, N'223.238.43.194', N'2025-04-26 16:04:27'),
(N'ACB793C9-A349-4D7E-BE19-94D263B404D9', N'343CFB2C-A7EF-4457-82A4-15A6DE975D74', N'maintenance', N'warning', N'Paper tray refilled', NULL, N'DA4259F4-4CCC-450C-B6BE-8B983033EDD9', N'{"maintenance_type": "routine", "location": "Library & Research Center Room 103"}', NULL, 0, NULL, NULL, NULL, NULL, N'2025-02-20 16:04:27'),
(N'662370E5-256C-4EF1-B087-FF909C1934F4', N'343CFB2C-A7EF-4457-82A4-15A6DE975D74', N'configuration', N'warning', N'Print quality settings adjusted', NULL, N'A8394F12-87AD-48E1-985B-121DC04F4EAB', NULL, NULL, 0, NULL, NULL, NULL, N'243.213.82.53', N'2025-02-28 16:04:27'),
(N'639AA748-6892-4859-9381-6120E34588E1', N'343CFB2C-A7EF-4457-82A4-15A6DE975D74', N'error', N'critical', N'Paper jam detected in paper path', NULL, NULL, N'{"error_type": "PAPER_JAM", "location": "Library & Research Center Room 103"}', N'PAPER_JAM', 0, NULL, NULL, NULL, NULL, N'2024-12-28 16:04:27'),
(N'0D677F0F-C59B-49DD-A736-8C9430D42EEA', N'343CFB2C-A7EF-4457-82A4-15A6DE975D74', N'status_change', N'info', N'Printer disabled for maintenance', NULL, NULL, NULL, NULL, 0, NULL, NULL, NULL, NULL, N'2025-10-13 16:04:27'),
(N'2820FBFA-97B6-435E-907A-9F687F79C0C7', N'343CFB2C-A7EF-4457-82A4-15A6DE975D74', N'status_change', N'critical', N'Printer disabled for maintenance', NULL, N'253AC6A0-038C-4FE5-B9CF-441A0BA152E2', NULL, NULL, 0, NULL, NULL, NULL, NULL, N'2025-11-25 16:04:27'),
(N'58098E9E-577E-4EC5-BCCC-BBB2D56BD32F', N'343CFB2C-A7EF-4457-82A4-15A6DE975D74', N'configuration', N'critical', N'Printer name updated', NULL, N'A87DACDD-DBFE-4CBE-90ED-92BA096A0319', NULL, NULL, 0, NULL, NULL, NULL, NULL, N'2025-03-09 16:04:27'),
(N'C1F5272F-4475-482C-86DC-B953969BA6C7', N'343CFB2C-A7EF-4457-82A4-15A6DE975D74', N'print_job', N'info', N'Print job queued successfully', NULL, NULL, NULL, NULL, 0, NULL, NULL, NULL, N'246.255.13.34', N'2025-08-11 16:04:27'),
(N'33FEDC43-BE38-4B17-8C94-4BF3B2F7E106', N'092E88FB-6644-4FEC-ABCF-EF192F2E727F', N'error', N'critical', N'Printer went offline', NULL, NULL, N'{"error_type": "OFFLINE", "location": "Library & Research Center Room 108"}', N'OFFLINE', 0, NULL, NULL, NULL, NULL, N'2025-07-23 16:04:27'),
(N'66F983B0-05A9-4E7F-8943-D1F004821A66', N'092E88FB-6644-4FEC-ABCF-EF192F2E727F', N'maintenance', N'info', N'Scheduled maintenance performed', NULL, N'29CF77E6-258C-4A86-B78D-2A94DE508564', N'{"maintenance_type": "routine", "location": "Library & Research Center Room 108"}', NULL, 0, NULL, NULL, NULL, NULL, N'2025-12-05 16:04:27'),
(N'DA8ACA70-3FEB-4C7A-9A00-3E6BA87C982F', N'092E88FB-6644-4FEC-ABCF-EF192F2E727F', N'admin_action', N'critical', N'Printer added to system', NULL, N'A8394F12-87AD-48E1-985B-121DC04F4EAB', NULL, NULL, 0, NULL, NULL, NULL, N'204.235.133.71', N'2025-09-03 16:04:27'),
(N'B1C134F6-A3A2-4C73-B77E-8352F183D054', N'092E88FB-6644-4FEC-ABCF-EF192F2E727F', N'configuration', N'warning', N'Printer name updated', NULL, N'18C717AB-83F3-4D15-AA08-6E19B2552B24', NULL, NULL, 0, NULL, NULL, NULL, N'255.203.126.84', N'2025-08-05 16:04:27'),
(N'1DADE9FC-CB86-4A02-B3E4-75658E4BD3B7', N'092E88FB-6644-4FEC-ABCF-EF192F2E727F', N'status_change', N'critical', N'Printer status changed to printing', NULL, NULL, NULL, NULL, 0, NULL, NULL, NULL, NULL, N'2025-07-17 16:04:27'),
(N'55DAFA0E-FC6A-4978-87DB-CF07925982D6', N'092E88FB-6644-4FEC-ABCF-EF192F2E727F', N'print_job', N'info', N'Print job queued successfully', NULL, NULL, NULL, NULL, 0, NULL, NULL, NULL, N'215.176.115.124', N'2025-02-28 16:04:27'),
(N'E0C26ACB-2C6C-4A67-9670-33614ECC54C5', N'092E88FB-6644-4FEC-ABCF-EF192F2E727F', N'status_change', N'critical', N'Printer disabled for maintenance', NULL, N'A87DACDD-DBFE-4CBE-90ED-92BA096A0319', NULL, NULL, 0, NULL, NULL, NULL, NULL, N'2025-05-06 16:04:27'),
(N'2C8831FC-9228-4958-A4FB-AEBF5DAB6230', N'092E88FB-6644-4FEC-ABCF-EF192F2E727F', N'admin_action', N'warning', N'Printer added to system', NULL, N'BDDFAEA1-E79B-401B-AE0C-34F60939BDEF', NULL, NULL, 0, NULL, NULL, NULL, N'210.239.5.184', N'2025-11-16 16:04:27'),
(N'1BFF9595-ADD4-4019-A888-EE501B56B7E1', N'4CAEC7AA-7A16-4592-8336-BD38631B7BD1', N'status_change', N'error', N'Printer enabled for student use', NULL, NULL, NULL, NULL, 0, NULL, NULL, NULL, NULL, N'2025-04-08 16:04:27'),
(N'C3004B2F-1C4B-46B9-AC19-D8A4EC952A64', N'4CAEC7AA-7A16-4592-8336-BD38631B7BD1', N'maintenance', N'warning', N'Cleaning cycle completed', NULL, N'E23BCC4A-466F-4451-80C1-79AB77D1CDD6', N'{"maintenance_type": "routine", "location": "Library & Research Center Room 112"}', NULL, 0, NULL, NULL, NULL, NULL, N'2025-10-08 16:04:27'),
(N'F97F4213-7259-473B-98D6-06474E739D62', N'4CAEC7AA-7A16-4592-8336-BD38631B7BD1', N'error', N'error', N'Network connection lost', NULL, NULL, N'{"error_type": "NETWORK_ERROR", "location": "Library & Research Center Room 112"}', N'NETWORK_ERROR', 0, NULL, NULL, NULL, NULL, N'2025-03-21 16:04:27'),
(N'6BDF515A-8886-4421-9B8B-EA8CA969159B', N'4CAEC7AA-7A16-4592-8336-BD38631B7BD1', N'status_change', N'warning', N'Printer status changed to maintained', NULL, NULL, NULL, NULL, 0, NULL, NULL, NULL, NULL, N'2025-09-06 16:04:27'),
(N'CDFF4122-8AA2-42CD-AE69-52F72EB270CB', N'4CAEC7AA-7A16-4592-8336-BD38631B7BD1', N'error', N'critical', N'Paper jam detected in paper path', NULL, NULL, N'{"error_type": "PAPER_JAM", "location": "Library & Research Center Room 112"}', N'PAPER_JAM', 1, N'2025-10-23 17:04:27', N'7C738365-5A0A-486F-AD02-85D22A431855', N'Issue resolved by clearing paper jam', NULL, N'2025-10-23 16:04:27'),
(N'9FDD44CD-1A57-426D-9321-2AF31D8EA130', N'4CAEC7AA-7A16-4592-8336-BD38631B7BD1', N'print_job', N'info', N'Print job submitted: 1 page(s)', N'E1A35FCE-E054-4FFA-87B5-97959E3C8BBE', N'22261F46-CC7E-4CD0-9ECD-1CDE8BAA53A2', NULL, NULL, 0, NULL, NULL, NULL, NULL, N'2025-02-08 16:04:27'),
(N'FFEE16F1-6753-4F48-9B73-9573DACF349B', N'4CAEC7AA-7A16-4592-8336-BD38631B7BD1', N'print_job', N'info', N'Print job submitted: 1 page(s)', N'E1A35FCE-E054-4FFA-87B5-97959E3C8BBE', N'22261F46-CC7E-4CD0-9ECD-1CDE8BAA53A2', NULL, NULL, 0, NULL, NULL, NULL, NULL, N'2025-01-23 16:04:27'),
(N'0FE86D1A-1082-4DD4-867D-A0FD82B2D713', N'4CAEC7AA-7A16-4592-8336-BD38631B7BD1', N'print_job', N'info', N'Print job queued successfully', NULL, NULL, NULL, NULL, 0, NULL, NULL, NULL, NULL, N'2025-08-17 16:04:27'),
(N'9575A990-7B47-4C24-9EC1-B5B5F750648E', N'4CAEC7AA-7A16-4592-8336-BD38631B7BD1', N'admin_action', N'error', N'Printer model information updated', NULL, N'253AC6A0-038C-4FE5-B9CF-441A0BA152E2', NULL, NULL, 0, NULL, NULL, NULL, NULL, N'2025-08-07 16:04:27'),
(N'C79E40E2-5DAB-4E34-888A-F2CCCEC60135', N'4CAEC7AA-7A16-4592-8336-BD38631B7BD1', N'status_change', N'warning', N'Printer status changed to maintained', NULL, NULL, NULL, NULL, 0, NULL, NULL, NULL, NULL, N'2025-09-23 16:04:27'),
(N'EB3A88A5-015D-4E8A-9874-B812337CF812', N'4CAEC7AA-7A16-4592-8336-BD38631B7BD1', N'print_job', N'info', N'Print job submitted: 1 page(s)', N'E1A35FCE-E054-4FFA-87B5-97959E3C8BBE', N'22261F46-CC7E-4CD0-9ECD-1CDE8BAA53A2', NULL, NULL, 0, NULL, NULL, NULL, N'205.253.83.19', N'2025-08-17 16:04:27'),
(N'56F261E0-694D-4551-902B-6C0D891FF2E4', N'25F4C173-3DE6-41CB-B61E-6542DCE8F53C', N'admin_action', N'info', N'Printer access logs reviewed', NULL, N'0A0377EC-F5AC-4DC1-B9B9-94DA7F70DDD0', NULL, NULL, 0, NULL, NULL, NULL, N'202.202.178.167', N'2025-08-05 16:04:27'),
(N'9F9E3A35-AADA-4770-ADD5-85F5A25FE503', N'25F4C173-3DE6-41CB-B61E-6542DCE8F53C', N'configuration', N'warning', N'Access permissions modified', NULL, N'DA4259F4-4CCC-450C-B6BE-8B983033EDD9', NULL, NULL, 0, NULL, NULL, NULL, N'192.222.173.203', N'2025-01-10 16:04:27'),
(N'9BD68782-5576-41E0-9233-D2017C0F10EF', N'25F4C173-3DE6-41CB-B61E-6542DCE8F53C', N'print_job', N'info', N'Print job queued successfully', NULL, NULL, NULL, NULL, 0, NULL, NULL, NULL, N'222.198.238.123', N'2025-02-24 16:04:27'),
(N'E2D5ECC9-AFCC-445B-85AC-9011A15F7B45', N'25F4C173-3DE6-41CB-B61E-6542DCE8F53C', N'admin_action', N'info', N'Printer location updated', NULL, N'7C738365-5A0A-486F-AD02-85D22A431855', NULL, NULL, 0, NULL, NULL, NULL, N'221.228.130.106', N'2025-11-22 16:04:27'),
(N'AA553104-7035-441D-94CE-8AA61148204A', N'25F4C173-3DE6-41CB-B61E-6542DCE8F53C', N'configuration', N'warning', N'Printer network settings updated', NULL, N'A8394F12-87AD-48E1-985B-121DC04F4EAB', NULL, NULL, 0, NULL, NULL, NULL, N'195.254.124.79', N'2025-08-01 16:04:27'),
(N'F74AD288-5ED6-4587-A18B-877721812F4B', N'25F4C173-3DE6-41CB-B61E-6542DCE8F53C', N'configuration', N'info', N'Print quality settings adjusted', NULL, N'A8394F12-87AD-48E1-985B-121DC04F4EAB', NULL, NULL, 0, NULL, NULL, NULL, N'223.199.177.4', N'2025-04-01 16:04:27'),
(N'BF188D9D-11B9-4B02-8091-A2404DCC5A7F', N'D2355EA9-2936-4C3D-9F38-3C6E23CE644E', N'print_job', N'info', N'Print job queued successfully', NULL, NULL, NULL, NULL, 0, NULL, NULL, NULL, N'222.196.209.18', N'2025-05-27 16:04:27'),
(N'6F1C1F47-0B84-4B40-8D95-F90EAA6AA119', N'D2355EA9-2936-4C3D-9F38-3C6E23CE644E', N'configuration', N'info', N'Print quality settings adjusted', NULL, N'0A0377EC-F5AC-4DC1-B9B9-94DA7F70DDD0', NULL, NULL, 0, NULL, NULL, NULL, NULL, N'2025-07-30 16:04:27'),
(N'7FA44DB5-9F39-451C-9CDC-664DF55BCDC0', N'D2355EA9-2936-4C3D-9F38-3C6E23CE644E', N'maintenance', N'warning', N'Cleaning cycle completed', NULL, N'DA4259F4-4CCC-450C-B6BE-8B983033EDD9', N'{"maintenance_type": "routine", "location": "Library & Research Center Room 202"}', NULL, 0, NULL, NULL, NULL, NULL, N'2025-03-20 16:04:27'),
(N'F865E735-D46A-4DA7-AFC5-7507FE9375D1', N'D2355EA9-2936-4C3D-9F38-3C6E23CE644E', N'print_job', N'info', N'Print job queued successfully', NULL, NULL, NULL, NULL, 0, NULL, NULL, NULL, NULL, N'2025-07-15 16:04:27'),
(N'3B57189D-FFEE-455B-9720-7B757F8A7B1C', N'D2355EA9-2936-4C3D-9F38-3C6E23CE644E', N'error', N'critical', N'Toner cartridge is empty', NULL, NULL, N'{"error_type": "OUT_OF_TONER", "location": "Library & Research Center Room 202"}', N'OUT_OF_TONER', 0, NULL, NULL, NULL, NULL, N'2025-03-17 16:04:27'),
(N'D736A176-A89F-4E40-8A06-B2BF41955BD2', N'D2355EA9-2936-4C3D-9F38-3C6E23CE644E', N'status_change', N'warning', N'Printer status changed to maintained', NULL, NULL, NULL, NULL, 0, NULL, NULL, NULL, NULL, N'2025-09-23 16:04:27'),
(N'CBD10B87-F33D-4CD8-84CD-A41984412DD5', N'EA05B480-C45D-4856-A953-FB10B93675FA', N'status_change', N'error', N'Printer status changed to maintained', NULL, N'E23BCC4A-466F-4451-80C1-79AB77D1CDD6', NULL, NULL, 0, NULL, NULL, NULL, NULL, N'2025-07-27 16:04:27'),
(N'B312AC41-0177-43C9-A38E-AA77E72B8741', N'EA05B480-C45D-4856-A953-FB10B93675FA', N'admin_action', N'info', N'Printer removed from system', NULL, N'29CF77E6-258C-4A86-B78D-2A94DE508564', NULL, NULL, 0, NULL, NULL, NULL, N'200.169.139.13', N'2025-05-21 16:04:27'),
(N'B2868B31-DFDC-472F-91C5-029CCE624C8D', N'EA05B480-C45D-4856-A953-FB10B93675FA', N'print_job', N'info', N'Print job submitted: 1 page(s)', N'0E74F10C-8118-448B-95B2-ED5D6392D2D5', N'5961D952-48A0-46F5-94C7-40EDC2BD02C2', NULL, NULL, 0, NULL, NULL, NULL, N'203.192.54.78', N'2025-12-04 16:04:27'),
(N'02D6C732-B26F-41C8-8FE6-934EEB690720', N'EA05B480-C45D-4856-A953-FB10B93675FA', N'maintenance', N'warning', N'Calibration completed', NULL, N'840B6566-9FC7-4E30-AD0F-C47A3C877F46', N'{"maintenance_type": "routine", "location": "Library & Research Center Room 205"}', NULL, 0, NULL, NULL, NULL, NULL, N'2025-11-06 16:04:27'),
(N'0C60C208-2C1C-4FC5-922D-D8C07EEED4FA', N'EA05B480-C45D-4856-A953-FB10B93675FA', N'error', N'critical', N'Network connection lost', NULL, NULL, N'{"error_type": "NETWORK_ERROR", "location": "Library & Research Center Room 205"}', N'NETWORK_ERROR', 0, NULL, NULL, NULL, NULL, N'2025-12-13 16:04:27'),
(N'BAF6348A-8BB1-4B3A-9204-F2304413E812', N'EA05B480-C45D-4856-A953-FB10B93675FA', N'status_change', N'info', N'Printer status changed to idle', NULL, NULL, NULL, NULL, 0, NULL, NULL, NULL, NULL, N'2025-01-28 16:04:27'),
(N'5DCE9155-2F0F-40A0-91FE-C6A98F0026B7', N'EA05B480-C45D-4856-A953-FB10B93675FA', N'error', N'critical', N'Toner level is low', NULL, NULL, N'{"error_type": "LOW_TONER", "location": "Library & Research Center Room 205"}', N'LOW_TONER', 0, NULL, NULL, NULL, NULL, N'2025-07-24 16:04:27'),
(N'E7646E54-E494-44BD-B0AF-D7A244515D74', N'EA05B480-C45D-4856-A953-FB10B93675FA', N'maintenance', N'info', N'Scheduled maintenance performed', NULL, N'840B6566-9FC7-4E30-AD0F-C47A3C877F46', N'{"maintenance_type": "routine", "location": "Library & Research Center Room 205"}', NULL, 0, NULL, NULL, NULL, NULL, N'2025-10-09 16:04:27'),
(N'88DE0344-980E-4E1D-8702-4D93787763C5', N'EA05B480-C45D-4856-A953-FB10B93675FA', N'error', N'critical', N'Paper tray is empty', NULL, NULL, N'{"error_type": "OUT_OF_PAPER", "location": "Library & Research Center Room 205"}', N'OUT_OF_PAPER', 1, N'2025-03-20 11:04:27', N'A87DACDD-DBFE-4CBE-90ED-92BA096A0319', N'Issue resolved after maintenance', NULL, N'2025-03-19 16:04:27'),
(N'B1E70CD5-9EB8-468B-A83F-4562FF81CB40', N'EA05B480-C45D-4856-A953-FB10B93675FA', N'status_change', N'warning', N'Printer status changed to maintained', NULL, N'29CF77E6-258C-4A86-B78D-2A94DE508564', NULL, NULL, 0, NULL, NULL, NULL, NULL, N'2025-11-24 16:04:27'),
(N'0DE80AA7-D591-4252-A69A-2F7228F0E06B', N'EA05B480-C45D-4856-A953-FB10B93675FA', N'status_change', N'info', N'Printer status changed to maintained', NULL, N'DA4259F4-4CCC-450C-B6BE-8B983033EDD9', NULL, NULL, 0, NULL, NULL, NULL, NULL, N'2025-12-14 16:04:27'),
(N'73538EBE-CF68-4FF4-B08A-1707312D1AF1', N'EA05B480-C45D-4856-A953-FB10B93675FA', N'maintenance', N'info', N'Firmware update installed', NULL, N'DA4259F4-4CCC-450C-B6BE-8B983033EDD9', N'{"maintenance_type": "routine", "location": "Library & Research Center Room 205"}', NULL, 0, NULL, NULL, NULL, NULL, N'2025-06-14 16:04:27'),
(N'B60BBDC0-BDE6-4A43-88A7-52FB68A0DE2B', N'EA05B480-C45D-4856-A953-FB10B93675FA', N'print_job', N'info', N'Print job submitted: 1 page(s)', N'0E74F10C-8118-448B-95B2-ED5D6392D2D5', N'5961D952-48A0-46F5-94C7-40EDC2BD02C2', NULL, NULL, 0, NULL, NULL, NULL, NULL, N'2025-07-27 16:04:27'),
(N'157D3EB4-17F8-4573-B8B1-C55F0E597A36', N'BF239D71-BAC1-4440-9F9C-032ABCC8D80C', N'status_change', N'info', N'Printer status changed to printing', NULL, N'BDDFAEA1-E79B-401B-AE0C-34F60939BDEF', NULL, NULL, 0, NULL, NULL, NULL, NULL, N'2025-01-04 16:04:27'),
(N'575E9500-12E5-46B7-AF23-6276C8281CEF', N'BF239D71-BAC1-4440-9F9C-032ABCC8D80C', N'print_job', N'info', N'Print job queued successfully', NULL, NULL, NULL, NULL, 0, NULL, NULL, NULL, NULL, N'2025-10-16 16:04:27'),
(N'34AE52EC-45B6-479E-92D0-DD722C21CCEC', N'BF239D71-BAC1-4440-9F9C-032ABCC8D80C', N'error', N'error', N'Paper jam detected in paper path', NULL, NULL, N'{"error_type": "PAPER_JAM", "location": "Library & Research Center Room 206"}', N'PAPER_JAM', 0, NULL, NULL, NULL, NULL, N'2025-10-25 16:04:27'),
(N'2333D181-4194-4372-AC4C-3FCFC542313D', N'BF239D71-BAC1-4440-9F9C-032ABCC8D80C', N'error', N'error', N'Network connection lost', NULL, NULL, N'{"error_type": "NETWORK_ERROR", "location": "Library & Research Center Room 206"}', N'NETWORK_ERROR', 0, NULL, NULL, NULL, NULL, N'2025-11-16 16:04:27'),
(N'4333B0CD-2AFE-4E29-AA32-E9381473A90B', N'BF239D71-BAC1-4440-9F9C-032ABCC8D80C', N'maintenance', N'warning', N'Cleaning cycle completed', NULL, N'A87DACDD-DBFE-4CBE-90ED-92BA096A0319', N'{"maintenance_type": "routine", "location": "Library & Research Center Room 206"}', NULL, 0, NULL, NULL, NULL, NULL, N'2025-08-23 16:04:27'),
(N'5BB6C2D8-4C5F-4DC1-9E52-BC953E500E3E', N'BF239D71-BAC1-4440-9F9C-032ABCC8D80C', N'error', N'critical', N'Paper tray is empty', NULL, NULL, N'{"error_type": "OUT_OF_PAPER", "location": "Library & Research Center Room 206"}', N'OUT_OF_PAPER', 1, N'2025-06-18 13:04:27', N'18C717AB-83F3-4D15-AA08-6E19B2552B24', N'Toner cartridge replaced', NULL, N'2025-06-16 16:04:27'),
(N'AB7B69A5-832E-4CD0-B7CA-65D5079B4EC1', N'BF239D71-BAC1-4440-9F9C-032ABCC8D80C', N'print_job', N'info', N'Print job queued successfully', NULL, NULL, NULL, NULL, 0, NULL, NULL, NULL, N'233.205.96.46', N'2025-09-27 16:04:27'),
(N'D60C25FF-4428-49C1-8B42-792072CAB4C6', N'3659F21F-A7DF-4D3C-B975-66D4F2B5C10D', N'status_change', N'error', N'Printer status changed to idle', NULL, NULL, NULL, NULL, 0, NULL, NULL, NULL, NULL, N'2025-12-22 16:04:27'),
(N'1CF71E65-0D70-421A-A5DC-D158C0EAE1E5', N'3659F21F-A7DF-4D3C-B975-66D4F2B5C10D', N'admin_action', N'warning', N'Printer added to system', NULL, N'DA4259F4-4CCC-450C-B6BE-8B983033EDD9', NULL, NULL, 0, NULL, NULL, NULL, N'254.203.164.171', N'2025-06-24 16:04:27'),
(N'61F15DAA-CB14-4EF6-8F87-67257437EFE8', N'3659F21F-A7DF-4D3C-B975-66D4F2B5C10D', N'status_change', N'critical', N'Printer enabled for student use', NULL, N'0A0377EC-F5AC-4DC1-B9B9-94DA7F70DDD0', NULL, NULL, 0, NULL, NULL, NULL, NULL, N'2025-06-03 16:04:27'),
(N'73780204-9D22-4D69-8528-C12EE1F60405', N'3659F21F-A7DF-4D3C-B975-66D4F2B5C10D', N'print_job', N'info', N'Print job submitted: 1 page(s)', N'C328717C-9576-422F-8BAA-0A9656B863F8', N'0BDD044E-CB54-4A3C-9AF1-A2EFCE569DCC', NULL, NULL, 0, NULL, NULL, NULL, NULL, N'2025-11-16 16:04:27'),
(N'9D6A3CE9-2C8B-496F-AAEE-9ABD8581D146', N'3659F21F-A7DF-4D3C-B975-66D4F2B5C10D', N'maintenance', N'info', N'Scheduled maintenance performed', NULL, N'BDDFAEA1-E79B-401B-AE0C-34F60939BDEF', N'{"maintenance_type": "routine", "location": "Library & Research Center Room 211"}', NULL, 0, NULL, NULL, NULL, NULL, N'2025-10-06 16:04:27'),
(N'B606C7A4-F417-4748-BE6D-4EDFB9A5F167', N'3659F21F-A7DF-4D3C-B975-66D4F2B5C10D', N'status_change', N'error', N'Printer enabled for student use', NULL, N'DA4259F4-4CCC-450C-B6BE-8B983033EDD9', NULL, NULL, 0, NULL, NULL, NULL, NULL, N'2025-09-12 16:04:27'),
(N'C612100B-F002-4D2B-971E-E8FE7B8D488C', N'3659F21F-A7DF-4D3C-B975-66D4F2B5C10D', N'admin_action', N'critical', N'Printer removed from system', NULL, N'840B6566-9FC7-4E30-AD0F-C47A3C877F46', NULL, NULL, 0, NULL, NULL, NULL, N'228.213.140.3', N'2025-02-19 16:04:27'),
(N'182BFB2F-C40E-4784-9506-93E55C5F95D7', N'3659F21F-A7DF-4D3C-B975-66D4F2B5C10D', N'configuration', N'info', N'Access permissions modified', NULL, N'E23BCC4A-466F-4451-80C1-79AB77D1CDD6', NULL, NULL, 0, NULL, NULL, NULL, NULL, N'2025-12-21 16:04:27'),
(N'749EF0C4-2688-4A78-BB03-7ECD1E895B37', N'3659F21F-A7DF-4D3C-B975-66D4F2B5C10D', N'admin_action', N'error', N'Printer added to system', NULL, N'0A0377EC-F5AC-4DC1-B9B9-94DA7F70DDD0', NULL, NULL, 0, NULL, NULL, NULL, N'209.169.113.6', N'2025-07-23 16:04:27'),
(N'7C671B7A-A748-4C24-820E-D05C6ECBEBAA', N'9C7E49DC-A89C-4435-AC81-B9C812C1A424', N'admin_action', N'info', N'Printer removed from system', NULL, N'840B6566-9FC7-4E30-AD0F-C47A3C877F46', NULL, NULL, 0, NULL, NULL, NULL, NULL, N'2025-02-27 16:04:27'),
(N'18DD786C-F9F8-4D03-88BD-C6303A8776B3', N'9C7E49DC-A89C-4435-AC81-B9C812C1A424', N'admin_action', N'critical', N'Printer access logs reviewed', NULL, N'A87DACDD-DBFE-4CBE-90ED-92BA096A0319', NULL, NULL, 0, NULL, NULL, NULL, NULL, N'2025-09-08 16:04:27'),
(N'0B15FB6A-5BFC-498A-8622-9E6B7BE797A2', N'9C7E49DC-A89C-4435-AC81-B9C812C1A424', N'maintenance', N'warning', N'Paper tray refilled', NULL, N'E23BCC4A-466F-4451-80C1-79AB77D1CDD6', N'{"maintenance_type": "routine", "location": "Library & Research Center Room 213"}', NULL, 0, NULL, NULL, NULL, NULL, N'2025-11-09 16:04:27'),
(N'64A8C37B-DAAB-4D68-A206-60DD7FE945D3', N'9C7E49DC-A89C-4435-AC81-B9C812C1A424', N'admin_action', N'warning', N'Printer model information updated', NULL, N'BDDFAEA1-E79B-401B-AE0C-34F60939BDEF', NULL, NULL, 0, NULL, NULL, NULL, NULL, N'2025-04-30 16:04:27'),
(N'8892DEFA-0361-4E7A-BDFE-12C0776A087E', N'9C7E49DC-A89C-4435-AC81-B9C812C1A424', N'status_change', N'critical', N'Printer status changed to maintained', NULL, N'18C717AB-83F3-4D15-AA08-6E19B2552B24', NULL, NULL, 0, NULL, NULL, NULL, NULL, N'2025-10-25 16:04:27'),
(N'5608A6BB-46E2-4E33-85C4-265FF08E54C0', N'9C7E49DC-A89C-4435-AC81-B9C812C1A424', N'print_job', N'info', N'Print job queued successfully', NULL, NULL, NULL, NULL, 0, NULL, NULL, NULL, NULL, N'2025-05-12 16:04:27'),
(N'E757D906-E662-4DD7-9662-A236F9DE71CA', N'9C7E49DC-A89C-4435-AC81-B9C812C1A424', N'admin_action', N'critical', N'Printer removed from system', NULL, N'BDDFAEA1-E79B-401B-AE0C-34F60939BDEF', NULL, NULL, 0, NULL, NULL, NULL, N'241.196.59.139', N'2025-04-19 16:04:27'),
(N'4D870F31-61ED-406E-AF8C-2876C3E8A1C5', N'9C7E49DC-A89C-4435-AC81-B9C812C1A424', N'error', N'error', N'Printer door is open', NULL, NULL, N'{"error_type": "DOOR_OPEN", "location": "Library & Research Center Room 213"}', N'DOOR_OPEN', 1, N'2025-05-09 21:04:27', N'E23BCC4A-466F-4451-80C1-79AB77D1CDD6', N'Hardware reset performed', NULL, N'2025-05-08 16:04:27'),
(N'65FE6B0E-834A-4010-B01F-EE55218007DF', N'9C7E49DC-A89C-4435-AC81-B9C812C1A424', N'configuration', N'error', N'Printer network settings updated', NULL, N'A87DACDD-DBFE-4CBE-90ED-92BA096A0319', NULL, NULL, 0, NULL, NULL, NULL, N'255.226.164.217', N'2025-09-08 16:04:27'),
(N'B8DB822A-4310-4D90-952A-4C97A95B7CFD', N'9C7E49DC-A89C-4435-AC81-B9C812C1A424', N'print_job', N'info', N'Print job submitted: 12 page(s)', N'610478AC-AA41-447F-B795-5D8C733758F4', N'58ACD54C-A625-49EE-AD71-7DCF3FF14E98', NULL, NULL, 0, NULL, NULL, NULL, N'206.196.253.207', N'2025-04-07 16:04:27'),
(N'52D5234C-C5D7-4FF2-AFAE-206131A02AEA', N'9C7E49DC-A89C-4435-AC81-B9C812C1A424', N'maintenance', N'warning', N'Calibration completed', NULL, N'0A0377EC-F5AC-4DC1-B9B9-94DA7F70DDD0', N'{"maintenance_type": "routine", "location": "Library & Research Center Room 213"}', NULL, 0, NULL, NULL, NULL, NULL, N'2025-07-08 16:04:27'),
(N'3EA01BB1-0F9C-4799-81E7-66CB83066F54', N'9C7E49DC-A89C-4435-AC81-B9C812C1A424', N'maintenance', N'info', N'Cleaning cycle completed', NULL, N'DA4259F4-4CCC-450C-B6BE-8B983033EDD9', N'{"maintenance_type": "routine", "location": "Library & Research Center Room 213"}', NULL, 0, NULL, NULL, NULL, NULL, N'2024-12-30 16:04:27'),
(N'4FBFC951-68FC-4BD5-87DB-1668CAAE8458', N'9C7E49DC-A89C-4435-AC81-B9C812C1A424', N'status_change', N'info', N'Printer disabled for maintenance', NULL, N'253AC6A0-038C-4FE5-B9CF-441A0BA152E2', NULL, NULL, 0, NULL, NULL, NULL, NULL, N'2025-10-14 16:04:27'),
(N'47AEFB9A-E384-41B7-9302-8BB3BC2B6EBB', N'9C7E49DC-A89C-4435-AC81-B9C812C1A424', N'admin_action', N'critical', N'Printer location updated', NULL, N'29CF77E6-258C-4A86-B78D-2A94DE508564', NULL, NULL, 0, NULL, NULL, NULL, N'246.199.169.199', N'2025-03-01 16:04:27'),
(N'23DE4541-6026-4B07-A8EF-51E5BFF953B4', N'C40FCE36-ED05-4597-BE52-E6A6E0F14276', N'print_job', N'info', N'Print job queued successfully', NULL, NULL, NULL, NULL, 0, NULL, NULL, NULL, N'227.186.227.73', N'2025-09-17 16:04:27'),
(N'665AD447-FAD0-40DF-98A2-C664AFA8483A', N'C40FCE36-ED05-4597-BE52-E6A6E0F14276', N'status_change', N'warning', N'Printer status changed to maintained', NULL, N'253AC6A0-038C-4FE5-B9CF-441A0BA152E2', NULL, NULL, 0, NULL, NULL, NULL, NULL, N'2025-11-13 16:04:27'),
(N'882CF677-CA34-4958-BFC1-3BE4ABE8FF06', N'C40FCE36-ED05-4597-BE52-E6A6E0F14276', N'configuration', N'error', N'Print quality settings adjusted', NULL, N'18C717AB-83F3-4D15-AA08-6E19B2552B24', NULL, NULL, 0, NULL, NULL, NULL, NULL, N'2025-05-28 16:04:27'),
(N'92108177-CF06-4BF7-8A81-02619F885608', N'C40FCE36-ED05-4597-BE52-E6A6E0F14276', N'admin_action', N'info', N'Printer access logs reviewed', NULL, N'BDDFAEA1-E79B-401B-AE0C-34F60939BDEF', NULL, NULL, 0, NULL, NULL, NULL, N'226.182.7.249', N'2025-03-02 16:04:27'),
(N'4A047130-7D5C-4BAC-AF01-ABB9E74C02B8', N'C40FCE36-ED05-4597-BE52-E6A6E0F14276', N'status_change', N'warning', N'Printer disabled for maintenance', NULL, N'840B6566-9FC7-4E30-AD0F-C47A3C877F46', NULL, NULL, 0, NULL, NULL, NULL, NULL, N'2025-09-26 16:04:27'),
(N'A7AD35F1-5227-4835-B992-DD6993EFD438', N'C40FCE36-ED05-4597-BE52-E6A6E0F14276', N'status_change', N'warning', N'Printer disabled for maintenance', NULL, N'DA4259F4-4CCC-450C-B6BE-8B983033EDD9', NULL, NULL, 0, NULL, NULL, NULL, NULL, N'2025-09-02 16:04:27'),
(N'DD1ED5FD-1777-46E6-855A-6A3145B09CC5', N'C40FCE36-ED05-4597-BE52-E6A6E0F14276', N'status_change', N'warning', N'Printer status changed to maintained', NULL, N'840B6566-9FC7-4E30-AD0F-C47A3C877F46', NULL, NULL, 0, NULL, NULL, NULL, NULL, N'2025-06-01 16:04:27'),
(N'108AC641-A82F-4538-89D4-E74B5696ECE5', N'C40FCE36-ED05-4597-BE52-E6A6E0F14276', N'admin_action', N'critical', N'Printer added to system', NULL, N'E23BCC4A-466F-4451-80C1-79AB77D1CDD6', NULL, NULL, 0, NULL, NULL, NULL, N'236.197.159.35', N'2025-11-25 16:04:27'),
(N'5CEBBF51-F687-4C60-B71C-9AE6C5B079A6', N'0CF6A930-866A-44CE-9337-A8A064C454E2', N'error', N'error', N'Printer went offline', NULL, NULL, N'{"error_type": "OFFLINE", "location": "Library & Research Center Room 302"}', N'OFFLINE', 0, NULL, NULL, NULL, NULL, N'2025-11-03 16:04:27'),
(N'63FB01B3-0B05-4409-9B81-EF752F61D95D', N'0CF6A930-866A-44CE-9337-A8A064C454E2', N'maintenance', N'info', N'Scheduled maintenance performed', NULL, N'BDDFAEA1-E79B-401B-AE0C-34F60939BDEF', N'{"maintenance_type": "routine", "location": "Library & Research Center Room 302"}', NULL, 0, NULL, NULL, NULL, NULL, N'2025-03-21 16:04:27'),
(N'9C3F49CD-6E31-43AC-88DC-146BDF67483D', N'0CF6A930-866A-44CE-9337-A8A064C454E2', N'admin_action', N'warning', N'Printer location updated', NULL, N'18C717AB-83F3-4D15-AA08-6E19B2552B24', NULL, NULL, 0, NULL, NULL, NULL, NULL, N'2025-08-03 16:04:27'),
(N'E198B967-96B6-46BD-BA55-205289FF8230', N'0CF6A930-866A-44CE-9337-A8A064C454E2', N'admin_action', N'info', N'Printer model information updated', NULL, N'E23BCC4A-466F-4451-80C1-79AB77D1CDD6', NULL, NULL, 0, NULL, NULL, NULL, NULL, N'2025-11-04 16:04:27'),
(N'E6516987-580C-4C32-BCBD-718BFF8BC6B8', N'0CF6A930-866A-44CE-9337-A8A064C454E2', N'print_job', N'info', N'Print job submitted: 1 page(s)', N'58C6252C-66F2-4EDB-8F45-A5122B19B1D4', N'694027FC-8213-4365-BE48-E6BEF174483D', NULL, NULL, 0, NULL, NULL, NULL, NULL, N'2025-12-25 16:04:27'),
(N'011A7E5A-1E34-4DD9-9FBC-BE69AC236EEF', N'0CF6A930-866A-44CE-9337-A8A064C454E2', N'admin_action', N'warning', N'Printer access logs reviewed', NULL, N'A87DACDD-DBFE-4CBE-90ED-92BA096A0319', NULL, NULL, 0, NULL, NULL, NULL, NULL, N'2025-03-25 16:04:27'),
(N'A9B3BD42-0EE2-4BF5-AA64-D98042844324', N'0CF6A930-866A-44CE-9337-A8A064C454E2', N'status_change', N'critical', N'Printer enabled for student use', NULL, NULL, NULL, NULL, 0, NULL, NULL, NULL, NULL, N'2025-10-09 16:04:27'),
(N'BA67F295-E410-40E9-9DB6-3AAEAFFD07BC', N'0CF6A930-866A-44CE-9337-A8A064C454E2', N'status_change', N'warning', N'Printer status changed to maintained', NULL, N'A8394F12-87AD-48E1-985B-121DC04F4EAB', NULL, NULL, 0, NULL, NULL, NULL, NULL, N'2025-08-29 16:04:27'),
(N'1A143939-C213-49F2-AE5A-7356097F16DD', N'0CF6A930-866A-44CE-9337-A8A064C454E2', N'admin_action', N'warning', N'Printer added to system', NULL, N'29CF77E6-258C-4A86-B78D-2A94DE508564', NULL, NULL, 0, NULL, NULL, NULL, N'201.233.65.17', N'2025-10-31 16:04:27'),
(N'AA5A27E6-F64A-40B5-B706-3316796B4088', N'0CF6A930-866A-44CE-9337-A8A064C454E2', N'error', N'error', N'Network connection lost', NULL, NULL, N'{"error_type": "NETWORK_ERROR", "location": "Library & Research Center Room 302"}', N'NETWORK_ERROR', 1, N'2025-01-03 01:04:27', N'BDDFAEA1-E79B-401B-AE0C-34F60939BDEF', N'Toner cartridge replaced', NULL, N'2025-01-02 16:04:27'),
(N'CA192D4C-5BA6-4ADE-909A-9D983EC72F2B', N'ABE16CFB-37BF-4BAB-8929-F63B9746D240', N'error', N'error', N'Paper jam detected in paper path', NULL, NULL, N'{"error_type": "PAPER_JAM", "location": "Library & Research Center Room 303"}', N'PAPER_JAM', 1, N'2025-05-12 08:04:27', N'840B6566-9FC7-4E30-AD0F-C47A3C877F46', N'Network connection restored', NULL, N'2025-05-11 16:04:27'),
(N'D1152967-3A1D-4F5C-95D9-CEE5581E0456', N'ABE16CFB-37BF-4BAB-8929-F63B9746D240', N'configuration', N'warning', N'Default paper size changed', NULL, N'18C717AB-83F3-4D15-AA08-6E19B2552B24', NULL, NULL, 0, NULL, NULL, NULL, N'203.206.75.249', N'2025-03-14 16:04:27'),
(N'EF498F4D-CB0A-4E26-B324-34145235E8FE', N'ABE16CFB-37BF-4BAB-8929-F63B9746D240', N'admin_action', N'info', N'Printer access logs reviewed', NULL, N'29CF77E6-258C-4A86-B78D-2A94DE508564', NULL, NULL, 0, NULL, NULL, NULL, N'197.197.22.202', N'2025-09-12 16:04:27'),
(N'30742146-25A3-4779-B205-DE5DE5230013', N'ABE16CFB-37BF-4BAB-8929-F63B9746D240', N'error', N'error', N'Network connection lost', NULL, NULL, N'{"error_type": "NETWORK_ERROR", "location": "Library & Research Center Room 303"}', N'NETWORK_ERROR', 1, N'2025-01-12 12:04:27', N'7C738365-5A0A-486F-AD02-85D22A431855', N'Toner cartridge replaced', NULL, N'2025-01-10 16:04:27'),
(N'73EA05A9-727B-4380-B357-15A564FCBCCD', N'ABE16CFB-37BF-4BAB-8929-F63B9746D240', N'error', N'critical', N'Hardware malfunction detected', NULL, NULL, N'{"error_type": "HARDWARE_ERROR", "location": "Library & Research Center Room 303"}', N'HARDWARE_ERROR', 1, N'2025-02-13 02:04:27', N'840B6566-9FC7-4E30-AD0F-C47A3C877F46', N'Hardware reset performed', NULL, N'2025-02-11 16:04:27'),
(N'6B02D36C-D636-4043-8A65-8CB2D7B999F2', N'ABE16CFB-37BF-4BAB-8929-F63B9746D240', N'print_job', N'info', N'Print job queued successfully', NULL, NULL, NULL, NULL, 0, NULL, NULL, NULL, NULL, N'2025-01-14 16:04:27'),
(N'02834904-C30F-4246-8E72-86F8A0166891', N'ABE16CFB-37BF-4BAB-8929-F63B9746D240', N'status_change', N'warning', N'Printer status changed to printing', NULL, NULL, NULL, NULL, 0, NULL, NULL, NULL, NULL, N'2025-05-06 16:04:27'),
(N'B50B178A-72AD-4509-A128-2675339A07FA', N'ABE16CFB-37BF-4BAB-8929-F63B9746D240', N'admin_action', N'critical', N'Printer removed from system', NULL, N'7C738365-5A0A-486F-AD02-85D22A431855', NULL, NULL, 0, NULL, NULL, NULL, N'251.242.125.48', N'2025-08-03 16:04:27'),
(N'30842497-EC9B-4A3B-B57B-93D9B0B5B624', N'313F0FD2-DBC0-4074-BC71-6E759C001C1D', N'error', N'error', N'Network connection lost', NULL, NULL, N'{"error_type": "NETWORK_ERROR", "location": "Library & Research Center Room 309"}', N'NETWORK_ERROR', 0, NULL, NULL, NULL, NULL, N'2025-10-09 16:04:27'),
(N'63B4BC2F-E8D6-4D2B-A7C3-BC62D802A5B2', N'313F0FD2-DBC0-4074-BC71-6E759C001C1D', N'admin_action', N'info', N'Printer added to system', NULL, N'253AC6A0-038C-4FE5-B9CF-441A0BA152E2', NULL, NULL, 0, NULL, NULL, NULL, N'226.222.232.122', N'2025-10-10 16:04:27'),
(N'368F7DE1-C777-407C-8675-42CB33F716EC', N'313F0FD2-DBC0-4074-BC71-6E759C001C1D', N'error', N'critical', N'Paper jam detected in paper path', NULL, NULL, N'{"error_type": "PAPER_JAM", "location": "Library & Research Center Room 309"}', N'PAPER_JAM', 1, N'2025-11-17 05:04:27', N'BDDFAEA1-E79B-401B-AE0C-34F60939BDEF', N'Paper tray refilled', NULL, N'2025-11-16 16:04:27'),
(N'B39B4940-60DF-4612-B205-13F05BF6DEFB', N'313F0FD2-DBC0-4074-BC71-6E759C001C1D', N'maintenance', N'info', N'Scheduled maintenance performed', NULL, N'0A0377EC-F5AC-4DC1-B9B9-94DA7F70DDD0', N'{"maintenance_type": "routine", "location": "Library & Research Center Room 309"}', NULL, 0, NULL, NULL, NULL, NULL, N'2025-01-15 16:04:27'),
(N'38B48C55-4F43-4A4B-818F-487334531701', N'313F0FD2-DBC0-4074-BC71-6E759C001C1D', N'print_job', N'info', N'Print job submitted: 1 page(s)', N'52ABA704-01B6-480E-86A8-4208C243372F', N'58ACD54C-A625-49EE-AD71-7DCF3FF14E98', NULL, NULL, 0, NULL, NULL, NULL, N'207.208.239.186', N'2025-05-19 16:04:27'),
(N'B97EE849-48F0-4CCC-814A-0F4D74456243', N'313F0FD2-DBC0-4074-BC71-6E759C001C1D', N'configuration', N'info', N'Printer name updated', NULL, N'A8394F12-87AD-48E1-985B-121DC04F4EAB', NULL, NULL, 0, NULL, NULL, NULL, NULL, N'2025-05-20 16:04:27'),
(N'7FC5ABF6-CFF9-4083-91D4-0453399EEA57', N'313F0FD2-DBC0-4074-BC71-6E759C001C1D', N'print_job', N'info', N'Print job submitted: 15 page(s)', N'D1319EC7-C162-4935-BCB1-8ED0DD37D907', N'22261F46-CC7E-4CD0-9ECD-1CDE8BAA53A2', NULL, NULL, 0, NULL, NULL, NULL, N'215.196.199.89', N'2025-02-09 16:04:27'),
(N'C42D2E18-BAE8-4AE4-B784-5D48FBBE7C0B', N'313F0FD2-DBC0-4074-BC71-6E759C001C1D', N'maintenance', N'info', N'Paper tray refilled', NULL, N'A87DACDD-DBFE-4CBE-90ED-92BA096A0319', N'{"maintenance_type": "routine", "location": "Library & Research Center Room 309"}', NULL, 0, NULL, NULL, NULL, NULL, N'2025-09-24 16:04:27'),
(N'289789F8-8C96-4098-B7C4-95D3AEAAE7B5', N'313F0FD2-DBC0-4074-BC71-6E759C001C1D', N'configuration', N'warning', N'Default paper size changed', NULL, N'29CF77E6-258C-4A86-B78D-2A94DE508564', NULL, NULL, 0, NULL, NULL, NULL, N'193.205.181.163', N'2025-03-05 16:04:27'),
(N'687718BC-2543-47E8-A86F-560ABF3EE63C', N'313F0FD2-DBC0-4074-BC71-6E759C001C1D', N'maintenance', N'info', N'Scheduled maintenance performed', NULL, N'BDDFAEA1-E79B-401B-AE0C-34F60939BDEF', N'{"maintenance_type": "routine", "location": "Library & Research Center Room 309"}', NULL, 0, NULL, NULL, NULL, NULL, N'2025-04-29 16:04:27'),
(N'2C99D883-F1F4-42F2-8C8A-181423CA8857', N'313F0FD2-DBC0-4074-BC71-6E759C001C1D', N'print_job', N'info', N'Print job submitted: 1 page(s)', N'52ABA704-01B6-480E-86A8-4208C243372F', N'58ACD54C-A625-49EE-AD71-7DCF3FF14E98', NULL, NULL, 0, NULL, NULL, NULL, N'225.211.113.211', N'2025-01-24 16:04:27'),
(N'F95CFF78-CA75-40B0-A9EB-8E2C72BC049C', N'313F0FD2-DBC0-4074-BC71-6E759C001C1D', N'admin_action', N'error', N'Printer access logs reviewed', NULL, N'DA4259F4-4CCC-450C-B6BE-8B983033EDD9', NULL, NULL, 0, NULL, NULL, NULL, N'237.213.63.57', N'2025-11-15 16:04:27'),
(N'73549D54-EC3E-4638-93C0-DFDF47B1EB58', N'313F0FD2-DBC0-4074-BC71-6E759C001C1D', N'error', N'error', N'Toner level is low', NULL, NULL, N'{"error_type": "LOW_TONER", "location": "Library & Research Center Room 309"}', N'LOW_TONER', 0, NULL, NULL, NULL, NULL, N'2025-07-15 16:04:27'),
(N'579429E8-6B6D-4586-B701-5D5D6B05F072', N'313F0FD2-DBC0-4074-BC71-6E759C001C1D', N'admin_action', N'warning', N'Printer removed from system', NULL, N'A87DACDD-DBFE-4CBE-90ED-92BA096A0319', NULL, NULL, 0, NULL, NULL, NULL, N'200.255.185.111', N'2025-10-14 16:04:27'),
(N'8FF5E843-1B27-4A13-AC83-14B5860D46E9', N'4E720E05-E012-4188-8996-9DAFC0499D05', N'print_job', N'info', N'Print job queued successfully', NULL, NULL, NULL, NULL, 0, NULL, NULL, NULL, NULL, N'2025-04-20 16:04:27'),
(N'A20A1750-294A-4B2C-BA14-D609D7207575', N'4E720E05-E012-4188-8996-9DAFC0499D05', N'admin_action', N'critical', N'Printer location updated', NULL, N'253AC6A0-038C-4FE5-B9CF-441A0BA152E2', NULL, NULL, 0, NULL, NULL, NULL, N'232.216.107.35', N'2025-04-28 16:04:27'),
(N'DEC9EF2A-9415-47DA-8381-0691DC3C0ED6', N'4E720E05-E012-4188-8996-9DAFC0499D05', N'admin_action', N'info', N'Printer added to system', NULL, N'253AC6A0-038C-4FE5-B9CF-441A0BA152E2', NULL, NULL, 0, NULL, NULL, NULL, NULL, N'2025-03-10 16:04:27'),
(N'85DCBEA2-03B0-4F66-8264-0A4A31EBA741', N'4E720E05-E012-4188-8996-9DAFC0499D05', N'print_job', N'info', N'Print job queued successfully', NULL, NULL, NULL, NULL, 0, NULL, NULL, NULL, NULL, N'2025-08-10 16:04:27'),
(N'BDADE70F-EBA4-481A-948F-50ED9D646D0C', N'4E720E05-E012-4188-8996-9DAFC0499D05', N'configuration', N'warning', N'Access permissions modified', NULL, N'A8394F12-87AD-48E1-985B-121DC04F4EAB', NULL, NULL, 0, NULL, NULL, NULL, N'221.168.207.220', N'2025-02-12 16:04:27'),
(N'C55B7064-9ACF-4348-A4C7-E9327A577470', N'4E720E05-E012-4188-8996-9DAFC0499D05', N'maintenance', N'warning', N'Toner cartridge replaced', NULL, N'0A0377EC-F5AC-4DC1-B9B9-94DA7F70DDD0', N'{"maintenance_type": "routine", "location": "Library & Research Center Room 311"}', NULL, 0, NULL, NULL, NULL, NULL, N'2025-06-03 16:04:27'),
(N'7BF052D1-230F-4201-A26E-C9E9A5FE539B', N'4E720E05-E012-4188-8996-9DAFC0499D05', N'print_job', N'info', N'Print job queued successfully', NULL, NULL, NULL, NULL, 0, NULL, NULL, NULL, N'247.168.133.40', N'2025-08-25 16:04:27'),
(N'5D765623-A5E4-404F-83C2-A2ADE2C4EC2F', N'4E720E05-E012-4188-8996-9DAFC0499D05', N'error', N'error', N'Hardware malfunction detected', NULL, NULL, N'{"error_type": "HARDWARE_ERROR", "location": "Library & Research Center Room 311"}', N'HARDWARE_ERROR', 1, N'2025-04-19 13:04:27', N'29CF77E6-258C-4A86-B78D-2A94DE508564', N'Toner cartridge replaced', NULL, N'2025-04-17 16:04:27'),
(N'B373C0D9-9E66-4CBB-A7B4-188DD2FCC7F1', N'4E720E05-E012-4188-8996-9DAFC0499D05', N'print_job', N'info', N'Print job queued successfully', NULL, NULL, NULL, NULL, 0, NULL, NULL, NULL, N'228.226.25.148', N'2025-07-08 16:04:27'),
(N'F18AC0E0-A7BF-4C0B-ABE2-678E6014BCC7', N'4E720E05-E012-4188-8996-9DAFC0499D05', N'error', N'error', N'Toner level is low', NULL, NULL, N'{"error_type": "LOW_TONER", "location": "Library & Research Center Room 311"}', N'LOW_TONER', 0, NULL, NULL, NULL, NULL, N'2025-09-16 16:04:27'),
(N'3CAE164F-923C-4FDD-8802-961FA01223D0', N'4E720E05-E012-4188-8996-9DAFC0499D05', N'error', N'error', N'Toner level is low', NULL, NULL, N'{"error_type": "LOW_TONER", "location": "Library & Research Center Room 311"}', N'LOW_TONER', 1, N'2025-04-10 05:04:27', N'253AC6A0-038C-4FE5-B9CF-441A0BA152E2', N'Network connection restored', NULL, N'2025-04-08 16:04:27'),
(N'9D37C372-9BFD-4895-B85A-05EB6C8CF52D', N'4E720E05-E012-4188-8996-9DAFC0499D05', N'status_change', N'info', N'Printer enabled for student use', NULL, N'840B6566-9FC7-4E30-AD0F-C47A3C877F46', NULL, NULL, 0, NULL, NULL, NULL, NULL, N'2025-07-05 16:04:27'),
(N'1EEE27B9-214B-465D-B730-39A79641AE97', N'4E720E05-E012-4188-8996-9DAFC0499D05', N'maintenance', N'warning', N'Cleaning cycle completed', NULL, N'BDDFAEA1-E79B-401B-AE0C-34F60939BDEF', N'{"maintenance_type": "routine", "location": "Library & Research Center Room 311"}', NULL, 0, NULL, NULL, NULL, NULL, N'2025-12-03 16:04:27'),
(N'D9DEA88E-472B-4A1A-9725-680F00E153FC', N'4E720E05-E012-4188-8996-9DAFC0499D05', N'configuration', N'error', N'Printer network settings updated', NULL, N'BDDFAEA1-E79B-401B-AE0C-34F60939BDEF', NULL, NULL, 0, NULL, NULL, NULL, N'239.222.152.4', N'2025-03-17 16:04:27'),
(N'7B69BA28-9899-41F8-8633-904A381B1D7B', N'4E720E05-E012-4188-8996-9DAFC0499D05', N'print_job', N'info', N'Print job queued successfully', NULL, NULL, NULL, NULL, 0, NULL, NULL, NULL, N'249.212.112.111', N'2025-09-08 16:04:27'),
(N'1C8E9AF2-96CF-4781-8DDF-6DFD59372E1D', N'8BD2A141-9E7E-4AEF-BADF-93E4DD9466AB', N'configuration', N'warning', N'Access permissions modified', NULL, N'E23BCC4A-466F-4451-80C1-79AB77D1CDD6', NULL, NULL, 0, NULL, NULL, NULL, N'220.186.4.178', N'2025-10-13 16:04:27'),
(N'17F911C8-617F-4016-98CE-F579447998B2', N'8BD2A141-9E7E-4AEF-BADF-93E4DD9466AB', N'error', N'error', N'Network connection lost', NULL, NULL, N'{"error_type": "NETWORK_ERROR", "location": "Library & Research Center Room 313"}', N'NETWORK_ERROR', 0, NULL, NULL, NULL, NULL, N'2025-12-02 16:04:27'),
(N'995BE829-97A0-46FF-BF47-1BE0F4F63CA5', N'8BD2A141-9E7E-4AEF-BADF-93E4DD9466AB', N'admin_action', N'error', N'Printer model information updated', NULL, N'18C717AB-83F3-4D15-AA08-6E19B2552B24', NULL, NULL, 0, NULL, NULL, NULL, NULL, N'2025-09-21 16:04:27'),
(N'2569212B-5F40-40E7-8CF2-7E3D7F71A800', N'8BD2A141-9E7E-4AEF-BADF-93E4DD9466AB', N'print_job', N'info', N'Print job submitted: 1 page(s)', N'1F68DD5B-EBBC-44F7-87AE-7429199A9508', N'58ACD54C-A625-49EE-AD71-7DCF3FF14E98', NULL, NULL, 0, NULL, NULL, NULL, N'195.183.10.219', N'2024-12-27 16:04:27'),
(N'C876B592-979F-4B1A-B2B2-27BC248FE1BA', N'8BD2A141-9E7E-4AEF-BADF-93E4DD9466AB', N'maintenance', N'warning', N'Firmware update installed', NULL, N'A8394F12-87AD-48E1-985B-121DC04F4EAB', N'{"maintenance_type": "routine", "location": "Library & Research Center Room 313"}', NULL, 0, NULL, NULL, NULL, NULL, N'2025-04-22 16:04:27'),
(N'51358E8D-72F2-4289-8E25-1F23CF4772D9', N'8BD2A141-9E7E-4AEF-BADF-93E4DD9466AB', N'print_job', N'info', N'Print job submitted: 1 page(s)', N'1F68DD5B-EBBC-44F7-87AE-7429199A9508', N'58ACD54C-A625-49EE-AD71-7DCF3FF14E98', NULL, NULL, 0, NULL, NULL, NULL, NULL, N'2025-04-13 16:04:27'),
(N'13D1B542-CE10-4A59-8125-D56B2B046232', N'8BD2A141-9E7E-4AEF-BADF-93E4DD9466AB', N'print_job', N'info', N'Print job submitted: 13 page(s)', N'4FF4AB01-1D26-4BDF-88AB-090E48DD02FA', N'694027FC-8213-4365-BE48-E6BEF174483D', NULL, NULL, 0, NULL, NULL, NULL, NULL, N'2025-11-20 16:04:27'),
(N'AC4F9D99-E46D-4A74-BA58-466287E0AE67', N'8BD2A141-9E7E-4AEF-BADF-93E4DD9466AB', N'configuration', N'error', N'Access permissions modified', NULL, N'DA4259F4-4CCC-450C-B6BE-8B983033EDD9', NULL, NULL, 0, NULL, NULL, NULL, NULL, N'2025-02-05 16:04:27'),
(N'9F1CB36D-132E-433A-B0B7-BBC5797AEB6C', N'8BD2A141-9E7E-4AEF-BADF-93E4DD9466AB', N'maintenance', N'warning', N'Firmware update installed', NULL, N'29CF77E6-258C-4A86-B78D-2A94DE508564', N'{"maintenance_type": "routine", "location": "Library & Research Center Room 313"}', NULL, 0, NULL, NULL, NULL, NULL, N'2025-03-23 16:04:27'),
(N'D6BA8113-D349-4EFC-B835-0BE5D9A59BD4', N'8BD2A141-9E7E-4AEF-BADF-93E4DD9466AB', N'configuration', N'error', N'Default paper size changed', NULL, N'253AC6A0-038C-4FE5-B9CF-441A0BA152E2', NULL, NULL, 0, NULL, NULL, NULL, NULL, N'2025-03-30 16:04:27'),
(N'0FD2EA4D-33E1-499C-8DB8-BD8253E6A8F2', N'8BD2A141-9E7E-4AEF-BADF-93E4DD9466AB', N'error', N'error', N'Toner cartridge is empty', NULL, NULL, N'{"error_type": "OUT_OF_TONER", "location": "Library & Research Center Room 313"}', N'OUT_OF_TONER', 0, NULL, NULL, NULL, NULL, N'2025-03-17 16:04:27'),
(N'45B10B30-649F-4FDA-9F48-DDFEA4B95D95', N'8BD2A141-9E7E-4AEF-BADF-93E4DD9466AB', N'admin_action', N'critical', N'Printer added to system', NULL, N'29CF77E6-258C-4A86-B78D-2A94DE508564', NULL, NULL, 0, NULL, NULL, NULL, NULL, N'2025-07-08 16:04:27'),
(N'6E0AFE50-A5A9-40AF-8E3C-A374918B6136', N'8BD2A141-9E7E-4AEF-BADF-93E4DD9466AB', N'print_job', N'info', N'Print job submitted: 13 page(s)', N'4FF4AB01-1D26-4BDF-88AB-090E48DD02FA', N'694027FC-8213-4365-BE48-E6BEF174483D', NULL, NULL, 0, NULL, NULL, NULL, N'195.215.92.116', N'2025-03-30 16:04:27'),
(N'9A8DAA78-9D82-47D4-BA2A-E6421E7C55CE', N'8BD2A141-9E7E-4AEF-BADF-93E4DD9466AB', N'configuration', N'warning', N'Default paper size changed', NULL, N'BDDFAEA1-E79B-401B-AE0C-34F60939BDEF', NULL, NULL, 0, NULL, NULL, NULL, N'209.182.201.48', N'2025-03-03 16:04:27'),
(N'A2462D9F-B4E2-40CC-88D8-721F5210E502', N'8C4D1D2D-A412-46E1-9641-9FF88BDED215', N'admin_action', N'critical', N'Printer location updated', NULL, N'840B6566-9FC7-4E30-AD0F-C47A3C877F46', NULL, NULL, 0, NULL, NULL, NULL, N'233.235.114.75', N'2025-01-11 16:04:27'),
(N'39302296-085E-4832-9245-3CD85DFAE9CA', N'8C4D1D2D-A412-46E1-9641-9FF88BDED215', N'status_change', N'error', N'Printer status changed to printing', NULL, N'29CF77E6-258C-4A86-B78D-2A94DE508564', NULL, NULL, 0, NULL, NULL, NULL, NULL, N'2025-06-28 16:04:27'),
(N'6A570815-B7CF-480A-86E9-A0AF97B3B4CE', N'8C4D1D2D-A412-46E1-9641-9FF88BDED215', N'print_job', N'info', N'Print job queued successfully', NULL, NULL, NULL, NULL, 0, NULL, NULL, NULL, NULL, N'2025-09-10 16:04:27'),
(N'9F4E9FEB-8CD2-4DB6-A8E5-A0E4019AB529', N'8C4D1D2D-A412-46E1-9641-9FF88BDED215', N'print_job', N'info', N'Print job queued successfully', NULL, NULL, NULL, NULL, 0, NULL, NULL, NULL, N'240.210.244.229', N'2025-08-15 16:04:27'),
(N'352C5EE5-9753-4E00-A952-18B9666D7958', N'8C4D1D2D-A412-46E1-9641-9FF88BDED215', N'configuration', N'error', N'Printer network settings updated', NULL, N'840B6566-9FC7-4E30-AD0F-C47A3C877F46', NULL, NULL, 0, NULL, NULL, NULL, NULL, N'2025-01-02 16:04:27'),
(N'1D6BEACB-B98F-4A19-BD5E-9482A02C0676', N'8C4D1D2D-A412-46E1-9641-9FF88BDED215', N'admin_action', N'info', N'Printer location updated', NULL, N'7C738365-5A0A-486F-AD02-85D22A431855', NULL, NULL, 0, NULL, NULL, NULL, N'255.233.174.92', N'2025-09-22 16:04:27'),
(N'75C517FE-A024-4C94-997F-44A8E6E6CEE5', N'8C4D1D2D-A412-46E1-9641-9FF88BDED215', N'status_change', N'error', N'Printer status changed to printing', NULL, N'18C717AB-83F3-4D15-AA08-6E19B2552B24', NULL, NULL, 0, NULL, NULL, NULL, NULL, N'2025-05-10 16:04:27'),
(N'35973D98-F428-453C-90F9-A02CF1C44583', N'8C4D1D2D-A412-46E1-9641-9FF88BDED215', N'maintenance', N'warning', N'Cleaning cycle completed', NULL, N'A8394F12-87AD-48E1-985B-121DC04F4EAB', N'{"maintenance_type": "routine", "location": "Library & Research Center Room 401"}', NULL, 0, NULL, NULL, NULL, NULL, N'2025-10-27 16:04:27'),
(N'6E7173EC-07A4-4BDD-85C8-78FDEFA17068', N'8C4D1D2D-A412-46E1-9641-9FF88BDED215', N'configuration', N'critical', N'Access permissions modified', NULL, N'7C738365-5A0A-486F-AD02-85D22A431855', NULL, NULL, 0, NULL, NULL, NULL, NULL, N'2025-07-04 16:04:27'),
(N'C936CB3B-49E4-4107-9222-B1DF24103DA5', N'8C4D1D2D-A412-46E1-9641-9FF88BDED215', N'maintenance', N'info', N'Toner cartridge replaced', NULL, N'A8394F12-87AD-48E1-985B-121DC04F4EAB', N'{"maintenance_type": "routine", "location": "Library & Research Center Room 401"}', NULL, 0, NULL, NULL, NULL, NULL, N'2025-06-04 16:04:27'),
(N'9991B3CA-18C4-4EA3-8A3F-91ED1BA5BEC8', N'8C4D1D2D-A412-46E1-9641-9FF88BDED215', N'maintenance', N'info', N'Paper tray refilled', NULL, N'840B6566-9FC7-4E30-AD0F-C47A3C877F46', N'{"maintenance_type": "routine", "location": "Library & Research Center Room 401"}', NULL, 0, NULL, NULL, NULL, NULL, N'2025-12-21 16:04:27'),
(N'39FB3493-8F6F-4BFE-A2F4-E349232FFC10', N'8C4D1D2D-A412-46E1-9641-9FF88BDED215', N'configuration', N'error', N'Printer name updated', NULL, N'BDDFAEA1-E79B-401B-AE0C-34F60939BDEF', NULL, NULL, 0, NULL, NULL, NULL, N'227.170.172.85', N'2025-08-20 16:04:27'),
(N'88484DD9-0C41-43B1-BD2C-7539C02C6532', N'8C4D1D2D-A412-46E1-9641-9FF88BDED215', N'error', N'critical', N'Printer door is open', NULL, NULL, N'{"error_type": "DOOR_OPEN", "location": "Library & Research Center Room 401"}', N'DOOR_OPEN', 1, N'2025-02-26 13:04:27', N'A87DACDD-DBFE-4CBE-90ED-92BA096A0319', N'Network connection restored', NULL, N'2025-02-25 16:04:27'),
(N'0055B963-8D76-42CF-9A9E-14D1006DE823', N'8C4D1D2D-A412-46E1-9641-9FF88BDED215', N'status_change', N'error', N'Printer status changed to printing', NULL, N'DA4259F4-4CCC-450C-B6BE-8B983033EDD9', NULL, NULL, 0, NULL, NULL, NULL, NULL, N'2025-03-09 16:04:27'),
(N'13CA112F-B656-47B5-B586-DAED2D5B6784', N'8C4D1D2D-A412-46E1-9641-9FF88BDED215', N'status_change', N'info', N'Printer status changed to printing', NULL, N'BDDFAEA1-E79B-401B-AE0C-34F60939BDEF', NULL, NULL, 0, NULL, NULL, NULL, NULL, N'2025-09-17 16:04:27'),
(N'019E6396-6FE8-43D5-971C-8DA8FC074471', N'5D9B96B8-5678-428A-923F-E71AF4D96531', N'configuration', N'warning', N'Printer name updated', NULL, N'18C717AB-83F3-4D15-AA08-6E19B2552B24', NULL, NULL, 0, NULL, NULL, NULL, N'240.180.126.161', N'2025-05-03 16:04:27'),
(N'BB33DF06-CC83-4EA8-BE09-70B7EB3AC7F6', N'5D9B96B8-5678-428A-923F-E71AF4D96531', N'maintenance', N'info', N'Cleaning cycle completed', NULL, N'29CF77E6-258C-4A86-B78D-2A94DE508564', N'{"maintenance_type": "routine", "location": "Library & Research Center Room 402"}', NULL, 0, NULL, NULL, NULL, NULL, N'2025-09-16 16:04:27'),
(N'295C7841-3F2B-4D20-95FE-7EBDF48C9EF0', N'5D9B96B8-5678-428A-923F-E71AF4D96531', N'configuration', N'error', N'Default paper size changed', NULL, N'840B6566-9FC7-4E30-AD0F-C47A3C877F46', NULL, NULL, 0, NULL, NULL, NULL, NULL, N'2025-09-30 16:04:27'),
(N'B33185A0-639E-45E7-875D-534B4D9D2572', N'5D9B96B8-5678-428A-923F-E71AF4D96531', N'configuration', N'error', N'Printer network settings updated', NULL, N'253AC6A0-038C-4FE5-B9CF-441A0BA152E2', NULL, NULL, 0, NULL, NULL, NULL, N'241.230.75.56', N'2025-05-22 16:04:27'),
(N'8EDD5565-B286-465A-8CF2-51259DE0BA29', N'5D9B96B8-5678-428A-923F-E71AF4D96531', N'status_change', N'error', N'Printer enabled for student use', NULL, N'0A0377EC-F5AC-4DC1-B9B9-94DA7F70DDD0', NULL, NULL, 0, NULL, NULL, NULL, NULL, N'2025-01-02 16:04:27'),
(N'FC555C18-CF79-4BD1-A86B-DCCA3066687F', N'5D9B96B8-5678-428A-923F-E71AF4D96531', N'configuration', N'critical', N'Print quality settings adjusted', NULL, N'BDDFAEA1-E79B-401B-AE0C-34F60939BDEF', NULL, NULL, 0, NULL, NULL, NULL, NULL, N'2025-10-16 16:04:27'),
(N'687230F2-B06E-4D34-9FD2-B25FCF034870', N'5D9B96B8-5678-428A-923F-E71AF4D96531', N'error', N'critical', N'Toner cartridge is empty', NULL, NULL, N'{"error_type": "OUT_OF_TONER", "location": "Library & Research Center Room 402"}', N'OUT_OF_TONER', 1, N'2025-09-09 14:04:27', N'BDDFAEA1-E79B-401B-AE0C-34F60939BDEF', N'Network connection restored', NULL, N'2025-09-08 16:04:27'),
(N'FEEACFBC-102D-4113-8454-5D76B9D7D327', N'5D9B96B8-5678-428A-923F-E71AF4D96531', N'print_job', N'info', N'Print job queued successfully', NULL, NULL, NULL, NULL, 0, NULL, NULL, NULL, N'222.247.230.165', N'2025-09-08 16:04:27'),
(N'D72597F4-E5E0-439D-B19A-35E1EAEA9694', N'5D9B96B8-5678-428A-923F-E71AF4D96531', N'configuration', N'error', N'Printer network settings updated', NULL, N'BDDFAEA1-E79B-401B-AE0C-34F60939BDEF', NULL, NULL, 0, NULL, NULL, NULL, N'247.250.6.253', N'2025-07-29 16:04:27'),
(N'B4A77FA6-B550-4598-8338-826C6B169FE5', N'5D9B96B8-5678-428A-923F-E71AF4D96531', N'error', N'error', N'Paper jam detected in paper path', NULL, NULL, N'{"error_type": "PAPER_JAM", "location": "Library & Research Center Room 402"}', N'PAPER_JAM', 1, N'2025-07-14 03:04:27', N'840B6566-9FC7-4E30-AD0F-C47A3C877F46', N'Issue resolved by clearing paper jam', NULL, N'2025-07-12 16:04:27'),
(N'6303FEB1-859F-436C-9983-AD467D4130AC', N'5D9B96B8-5678-428A-923F-E71AF4D96531', N'maintenance', N'info', N'Cleaning cycle completed', NULL, N'E23BCC4A-466F-4451-80C1-79AB77D1CDD6', N'{"maintenance_type": "routine", "location": "Library & Research Center Room 402"}', NULL, 0, NULL, NULL, NULL, NULL, N'2025-01-11 16:04:27'),
(N'0786BC83-2154-45C2-A0E8-DA7C11B93966', N'5D9B96B8-5678-428A-923F-E71AF4D96531', N'admin_action', N'info', N'Printer removed from system', NULL, N'29CF77E6-258C-4A86-B78D-2A94DE508564', NULL, NULL, 0, NULL, NULL, NULL, N'211.219.77.223', N'2025-03-30 16:04:27'),
(N'E7E23F85-5727-4E0D-AD38-FA299BFBDC32', N'5D9B96B8-5678-428A-923F-E71AF4D96531', N'configuration', N'critical', N'Default paper size changed', NULL, N'DA4259F4-4CCC-450C-B6BE-8B983033EDD9', NULL, NULL, 0, NULL, NULL, NULL, N'250.201.148.215', N'2025-01-28 16:04:27'),
(N'46101032-EA67-4C9F-99DD-FCAC6F778ACE', N'5D9B96B8-5678-428A-923F-E71AF4D96531', N'error', N'critical', N'Network connection lost', NULL, NULL, N'{"error_type": "NETWORK_ERROR", "location": "Library & Research Center Room 402"}', N'NETWORK_ERROR', 1, N'2025-04-20 11:04:27', N'0A0377EC-F5AC-4DC1-B9B9-94DA7F70DDD0', N'Toner cartridge replaced', NULL, N'2025-04-18 16:04:27'),
(N'66B0A3A1-4957-428A-B60D-D3563B78FB74', N'EA4AC6D5-E2B4-4394-A59E-3115F7986AC3', N'maintenance', N'warning', N'Cleaning cycle completed', NULL, N'A87DACDD-DBFE-4CBE-90ED-92BA096A0319', N'{"maintenance_type": "routine", "location": "Library & Research Center Room 403"}', NULL, 0, NULL, NULL, NULL, NULL, N'2025-06-04 16:04:27'),
(N'1AAB9E25-ED12-41CC-9752-E59FE8AF2978', N'EA4AC6D5-E2B4-4394-A59E-3115F7986AC3', N'print_job', N'info', N'Print job submitted: 1 page(s)', N'15256E69-2ACD-4EC1-8EF0-DA75C346B05E', N'0BDD044E-CB54-4A3C-9AF1-A2EFCE569DCC', NULL, NULL, 0, NULL, NULL, NULL, N'251.240.226.172', N'2025-05-25 16:04:27'),
(N'6B01C0C4-8326-4D4A-9A33-F154991C690D', N'EA4AC6D5-E2B4-4394-A59E-3115F7986AC3', N'configuration', N'critical', N'Print quality settings adjusted', NULL, N'0A0377EC-F5AC-4DC1-B9B9-94DA7F70DDD0', NULL, NULL, 0, NULL, NULL, NULL, N'234.226.204.74', N'2025-11-10 16:04:27'),
(N'BF6B0008-578E-4A61-BB0B-19662E75EEC9', N'EA4AC6D5-E2B4-4394-A59E-3115F7986AC3', N'admin_action', N'warning', N'Printer removed from system', NULL, N'253AC6A0-038C-4FE5-B9CF-441A0BA152E2', NULL, NULL, 0, NULL, NULL, NULL, N'247.217.15.15', N'2025-08-04 16:04:27'),
(N'1BC88313-51F7-4E02-8AB6-AC27BF17923D', N'EA4AC6D5-E2B4-4394-A59E-3115F7986AC3', N'admin_action', N'warning', N'Printer model information updated', NULL, N'E23BCC4A-466F-4451-80C1-79AB77D1CDD6', NULL, NULL, 0, NULL, NULL, NULL, NULL, N'2025-12-07 16:04:27'),
(N'AD2E49A4-2AC3-4E14-ADDF-B2F230A47B05', N'EA4AC6D5-E2B4-4394-A59E-3115F7986AC3', N'admin_action', N'error', N'Printer added to system', NULL, N'7C738365-5A0A-486F-AD02-85D22A431855', NULL, NULL, 0, NULL, NULL, NULL, N'230.208.230.130', N'2025-02-19 16:04:27'),
(N'0CBB579B-0065-486C-A13D-5D927A685086', N'EA4AC6D5-E2B4-4394-A59E-3115F7986AC3', N'admin_action', N'critical', N'Printer location updated', NULL, N'0A0377EC-F5AC-4DC1-B9B9-94DA7F70DDD0', NULL, NULL, 0, NULL, NULL, NULL, NULL, N'2025-04-07 16:04:27'),
(N'9B461CEF-6776-4A59-8FAB-B1E7125F9B13', N'EA4AC6D5-E2B4-4394-A59E-3115F7986AC3', N'maintenance', N'info', N'Calibration completed', NULL, N'253AC6A0-038C-4FE5-B9CF-441A0BA152E2', N'{"maintenance_type": "routine", "location": "Library & Research Center Room 403"}', NULL, 0, NULL, NULL, NULL, NULL, N'2025-04-24 16:04:27'),
(N'A4D3DFC8-7DE0-4F56-B1EB-9426DE18E46F', N'EA4AC6D5-E2B4-4394-A59E-3115F7986AC3', N'status_change', N'error', N'Printer status changed to idle', NULL, NULL, NULL, NULL, 0, NULL, NULL, NULL, NULL, N'2025-12-17 16:04:27'),
(N'91C5CFD3-A7F1-4F51-8329-8A8E8116E946', N'EA4AC6D5-E2B4-4394-A59E-3115F7986AC3', N'admin_action', N'error', N'Printer model information updated', NULL, N'A8394F12-87AD-48E1-985B-121DC04F4EAB', NULL, NULL, 0, NULL, NULL, NULL, N'210.189.27.100', N'2025-08-11 16:04:27'),
(N'FCF17AB4-1E9D-406B-81D1-C91C388F22E4', N'057D0293-C498-465E-B5A8-F154648FBD2B', N'configuration', N'info', N'Printer network settings updated', NULL, N'E23BCC4A-466F-4451-80C1-79AB77D1CDD6', NULL, NULL, 0, NULL, NULL, NULL, N'249.222.201.240', N'2025-12-09 16:04:27'),
(N'6919F777-4171-4761-BC6F-74BEC93F3341', N'057D0293-C498-465E-B5A8-F154648FBD2B', N'configuration', N'warning', N'Printer name updated', NULL, N'A8394F12-87AD-48E1-985B-121DC04F4EAB', NULL, NULL, 0, NULL, NULL, NULL, N'244.179.159.100', N'2025-02-04 16:04:27'),
(N'0EA0F7CA-2903-44C5-BFF4-6B31B36D1043', N'057D0293-C498-465E-B5A8-F154648FBD2B', N'admin_action', N'warning', N'Printer removed from system', NULL, N'253AC6A0-038C-4FE5-B9CF-441A0BA152E2', NULL, NULL, 0, NULL, NULL, NULL, NULL, N'2025-11-25 16:04:27'),
(N'AAA18D48-BBEF-4259-8CA3-6C167AA9AF70', N'057D0293-C498-465E-B5A8-F154648FBD2B', N'configuration', N'error', N'Printer network settings updated', NULL, N'18C717AB-83F3-4D15-AA08-6E19B2552B24', NULL, NULL, 0, NULL, NULL, NULL, NULL, N'2025-09-03 16:04:27'),
(N'5558B813-15BE-476E-A170-30577BEAA594', N'057D0293-C498-465E-B5A8-F154648FBD2B', N'configuration', N'critical', N'Default paper size changed', NULL, N'0A0377EC-F5AC-4DC1-B9B9-94DA7F70DDD0', NULL, NULL, 0, NULL, NULL, NULL, NULL, N'2025-07-31 16:04:27'),
(N'98175610-F996-44E5-BCA9-6048227DDAA5', N'C62BCCDC-C285-41ED-BF64-DA39D2392A9F', N'maintenance', N'info', N'Firmware update installed', NULL, N'0A0377EC-F5AC-4DC1-B9B9-94DA7F70DDD0', N'{"maintenance_type": "routine", "location": "Library & Research Center Room 410"}', NULL, 0, NULL, NULL, NULL, NULL, N'2025-05-12 16:04:27'),
(N'A72DB68C-9D8B-42C0-81DB-99B470A3590A', N'C62BCCDC-C285-41ED-BF64-DA39D2392A9F', N'status_change', N'info', N'Printer status changed to idle', NULL, NULL, NULL, NULL, 0, NULL, NULL, NULL, NULL, N'2025-11-26 16:04:27'),
(N'C47CD708-4398-4BDA-82B0-DD51BBD229D5', N'C62BCCDC-C285-41ED-BF64-DA39D2392A9F', N'admin_action', N'error', N'Printer added to system', NULL, N'18C717AB-83F3-4D15-AA08-6E19B2552B24', NULL, NULL, 0, NULL, NULL, NULL, N'220.233.124.35', N'2025-03-15 16:04:27'),
(N'45EED088-AC85-4B30-86ED-CBF6266E1290', N'C62BCCDC-C285-41ED-BF64-DA39D2392A9F', N'maintenance', N'info', N'Calibration completed', NULL, N'0A0377EC-F5AC-4DC1-B9B9-94DA7F70DDD0', N'{"maintenance_type": "routine", "location": "Library & Research Center Room 410"}', NULL, 0, NULL, NULL, NULL, NULL, N'2025-02-25 16:04:27'),
(N'F8A35EA8-5139-4D1B-A6A5-90FB9BA5A714', N'C62BCCDC-C285-41ED-BF64-DA39D2392A9F', N'status_change', N'critical', N'Printer status changed to printing', NULL, N'A87DACDD-DBFE-4CBE-90ED-92BA096A0319', NULL, NULL, 0, NULL, NULL, NULL, NULL, N'2025-08-05 16:04:27'),
(N'A36AC541-B386-4A57-976A-35A7AB20A4D7', N'C62BCCDC-C285-41ED-BF64-DA39D2392A9F', N'print_job', N'info', N'Print job queued successfully', NULL, NULL, NULL, NULL, 0, NULL, NULL, NULL, NULL, N'2025-05-03 16:04:27'),
(N'18AACD54-4FF2-45C7-8701-9E1F73377E14', N'C62BCCDC-C285-41ED-BF64-DA39D2392A9F', N'error', N'error', N'Network connection lost', NULL, NULL, N'{"error_type": "NETWORK_ERROR", "location": "Library & Research Center Room 410"}', N'NETWORK_ERROR', 1, N'2025-08-07 04:04:27', N'840B6566-9FC7-4E30-AD0F-C47A3C877F46', N'Toner cartridge replaced', NULL, N'2025-08-05 16:04:27'),
(N'EA2AC0E6-D473-472A-B8D7-F7A0189B2DAF', N'C62BCCDC-C285-41ED-BF64-DA39D2392A9F', N'status_change', N'warning', N'Printer status changed to maintained', NULL, N'A87DACDD-DBFE-4CBE-90ED-92BA096A0319', NULL, NULL, 0, NULL, NULL, NULL, NULL, N'2025-11-10 16:04:27'),
(N'38AE283F-10AC-46CA-8845-2F15419ACADF', N'C62BCCDC-C285-41ED-BF64-DA39D2392A9F', N'configuration', N'info', N'Printer network settings updated', NULL, N'A8394F12-87AD-48E1-985B-121DC04F4EAB', NULL, NULL, 0, NULL, NULL, NULL, N'237.236.174.242', N'2025-10-21 16:04:27'),
(N'9DA3E314-FC22-4C24-9AAC-AD8F4382C516', N'C62BCCDC-C285-41ED-BF64-DA39D2392A9F', N'admin_action', N'info', N'Printer model information updated', NULL, N'7C738365-5A0A-486F-AD02-85D22A431855', NULL, NULL, 0, NULL, NULL, NULL, NULL, N'2025-01-03 16:04:27'),
(N'90A7768B-FE9F-4BEA-8D59-A38B9A39E069', N'C62BCCDC-C285-41ED-BF64-DA39D2392A9F', N'configuration', N'error', N'Print quality settings adjusted', NULL, N'29CF77E6-258C-4A86-B78D-2A94DE508564', NULL, NULL, 0, NULL, NULL, NULL, N'221.182.154.47', N'2025-07-13 16:04:27'),
(N'304894A0-EDCE-48ED-9D80-BC112761F338', N'C62BCCDC-C285-41ED-BF64-DA39D2392A9F', N'maintenance', N'info', N'Toner cartridge replaced', NULL, N'BDDFAEA1-E79B-401B-AE0C-34F60939BDEF', N'{"maintenance_type": "routine", "location": "Library & Research Center Room 410"}', NULL, 0, NULL, NULL, NULL, NULL, N'2025-08-27 16:04:27'),
(N'E318A6E9-7C84-420F-9993-BD91493A5482', N'7B30A969-4D43-4235-917E-AC0F56D960C8', N'status_change', N'warning', N'Printer status changed to maintained', NULL, NULL, NULL, NULL, 0, NULL, NULL, NULL, NULL, N'2025-02-07 16:04:27'),
(N'12DDF1AF-AEEC-4EAE-828D-61575223749C', N'7B30A969-4D43-4235-917E-AC0F56D960C8', N'configuration', N'warning', N'Printer name updated', NULL, N'7C738365-5A0A-486F-AD02-85D22A431855', NULL, NULL, 0, NULL, NULL, NULL, N'250.226.252.163', N'2025-01-31 16:04:27'),
(N'AB0C3434-9F8E-46D6-9466-52C846CEA9E9', N'7B30A969-4D43-4235-917E-AC0F56D960C8', N'print_job', N'info', N'Print job queued successfully', NULL, NULL, NULL, NULL, 0, NULL, NULL, NULL, N'194.247.73.32', N'2025-05-06 16:04:27'),
(N'FB2CB443-E540-435D-AEC6-12FB455106AE', N'7B30A969-4D43-4235-917E-AC0F56D960C8', N'status_change', N'critical', N'Printer status changed to printing', NULL, N'7C738365-5A0A-486F-AD02-85D22A431855', NULL, NULL, 0, NULL, NULL, NULL, NULL, N'2025-05-16 16:04:27'),
(N'7D0195C2-46E2-4F65-AD46-ABC87610E994', N'7B30A969-4D43-4235-917E-AC0F56D960C8', N'configuration', N'info', N'Access permissions modified', NULL, N'7C738365-5A0A-486F-AD02-85D22A431855', NULL, NULL, 0, NULL, NULL, NULL, N'220.230.231.187', N'2025-04-11 16:04:27'),
(N'8FD6A677-7ABE-4CAF-9576-2C3A213A4AFD', N'7B30A969-4D43-4235-917E-AC0F56D960C8', N'error', N'critical', N'Printer went offline', NULL, NULL, N'{"error_type": "OFFLINE", "location": "Library & Research Center Room 411"}', N'OFFLINE', 1, N'2025-11-10 20:04:27', N'840B6566-9FC7-4E30-AD0F-C47A3C877F46', N'Issue resolved after maintenance', NULL, N'2025-11-09 16:04:27'),
(N'F18558AF-9816-439D-B259-B8149E9A950D', N'7B30A969-4D43-4235-917E-AC0F56D960C8', N'admin_action', N'critical', N'Printer model information updated', NULL, N'E23BCC4A-466F-4451-80C1-79AB77D1CDD6', NULL, NULL, 0, NULL, NULL, NULL, NULL, N'2025-01-21 16:04:27'),
(N'62BE5B39-D356-4F42-9FF6-AA3E4A812A16', N'7B30A969-4D43-4235-917E-AC0F56D960C8', N'configuration', N'critical', N'Print quality settings adjusted', NULL, N'DA4259F4-4CCC-450C-B6BE-8B983033EDD9', NULL, NULL, 0, NULL, NULL, NULL, NULL, N'2025-01-28 16:04:27'),
(N'A2C904C2-E591-43A2-9DC5-5238F7C217DB', N'7B30A969-4D43-4235-917E-AC0F56D960C8', N'maintenance', N'info', N'Scheduled maintenance performed', NULL, N'840B6566-9FC7-4E30-AD0F-C47A3C877F46', N'{"maintenance_type": "routine", "location": "Library & Research Center Room 411"}', NULL, 0, NULL, NULL, NULL, NULL, N'2025-03-22 16:04:27'),
(N'0F7B9477-7561-4ADE-8AA5-D7908E3FE1A8', N'661E3BE1-3090-4CE6-823C-BF3CEB0D064A', N'status_change', N'info', N'Printer status changed to printing', NULL, N'29CF77E6-258C-4A86-B78D-2A94DE508564', NULL, NULL, 0, NULL, NULL, NULL, NULL, N'2025-10-08 16:04:27'),
(N'D006ABFD-8D1A-4C1B-87E8-A54E79D2151D', N'661E3BE1-3090-4CE6-823C-BF3CEB0D064A', N'maintenance', N'info', N'Firmware update installed', NULL, N'A8394F12-87AD-48E1-985B-121DC04F4EAB', N'{"maintenance_type": "routine", "location": "Library & Research Center Room 501"}', NULL, 0, NULL, NULL, NULL, NULL, N'2025-08-31 16:04:27'),
(N'A27A8FA4-055A-4485-A252-FD48182D52A6', N'661E3BE1-3090-4CE6-823C-BF3CEB0D064A', N'print_job', N'info', N'Print job queued successfully', NULL, NULL, NULL, NULL, 0, NULL, NULL, NULL, NULL, N'2024-12-30 16:04:27'),
(N'DA4AA0D6-203B-471A-A380-4EBF1372D1D7', N'661E3BE1-3090-4CE6-823C-BF3CEB0D064A', N'error', N'critical', N'Paper tray is empty', NULL, NULL, N'{"error_type": "OUT_OF_PAPER", "location": "Library & Research Center Room 501"}', N'OUT_OF_PAPER', 0, NULL, NULL, NULL, NULL, N'2025-10-03 16:04:27'),
(N'3E930A00-81A3-42E5-8119-28E88E878360', N'661E3BE1-3090-4CE6-823C-BF3CEB0D064A', N'status_change', N'warning', N'Printer enabled for student use', NULL, NULL, NULL, NULL, 0, NULL, NULL, NULL, NULL, N'2025-05-04 16:04:27'),
(N'FA4AE248-3712-4154-827F-89DBDF96DA78', N'661E3BE1-3090-4CE6-823C-BF3CEB0D064A', N'configuration', N'info', N'Print quality settings adjusted', NULL, N'253AC6A0-038C-4FE5-B9CF-441A0BA152E2', NULL, NULL, 0, NULL, NULL, NULL, NULL, N'2025-07-12 16:04:27'),
(N'4BAC902C-AAD1-4468-B84C-347966EC47EE', N'661E3BE1-3090-4CE6-823C-BF3CEB0D064A', N'admin_action', N'critical', N'Printer removed from system', NULL, N'29CF77E6-258C-4A86-B78D-2A94DE508564', NULL, NULL, 0, NULL, NULL, NULL, N'195.179.231.102', N'2025-08-18 16:04:27'),
(N'62746586-1019-4514-A57D-FE07820F75BC', N'89A26370-814D-4AAC-888C-6291C5D5481F', N'error', N'critical', N'Toner cartridge is empty', NULL, NULL, N'{"error_type": "OUT_OF_TONER", "location": "Library & Research Center Room 503"}', N'OUT_OF_TONER', 1, N'2025-05-20 08:04:27', N'A8394F12-87AD-48E1-985B-121DC04F4EAB', N'Hardware reset performed', NULL, N'2025-05-19 16:04:27'),
(N'1B9D15FE-1698-4A1C-8149-3482F246ACF7', N'89A26370-814D-4AAC-888C-6291C5D5481F', N'maintenance', N'info', N'Cleaning cycle completed', NULL, N'A87DACDD-DBFE-4CBE-90ED-92BA096A0319', N'{"maintenance_type": "routine", "location": "Library & Research Center Room 503"}', NULL, 0, NULL, NULL, NULL, NULL, N'2025-08-09 16:04:27'),
(N'4EE1B5B7-D975-43A1-93C5-DD0A0DFAD82F', N'89A26370-814D-4AAC-888C-6291C5D5481F', N'print_job', N'info', N'Print job queued successfully', NULL, NULL, NULL, NULL, 0, NULL, NULL, NULL, N'222.191.46.215', N'2025-10-04 16:04:27'),
(N'5A86B38D-CA72-4CD6-AE33-C6AA14358BD1', N'89A26370-814D-4AAC-888C-6291C5D5481F', N'configuration', N'critical', N'Default paper size changed', NULL, N'E23BCC4A-466F-4451-80C1-79AB77D1CDD6', NULL, NULL, 0, NULL, NULL, NULL, N'243.242.134.180', N'2025-05-15 16:04:27'),
(N'BA58AFCC-B745-4CE6-82DF-8B219D165F6F', N'89A26370-814D-4AAC-888C-6291C5D5481F', N'status_change', N'error', N'Printer status changed to idle', NULL, NULL, NULL, NULL, 0, NULL, NULL, NULL, NULL, N'2025-05-04 16:04:27'),
(N'35FF04E4-81BC-4758-990F-5B5228D4FD97', N'89A26370-814D-4AAC-888C-6291C5D5481F', N'error', N'critical', N'Toner level is low', NULL, NULL, N'{"error_type": "LOW_TONER", "location": "Library & Research Center Room 503"}', N'LOW_TONER', 1, N'2025-10-04 21:04:27', N'840B6566-9FC7-4E30-AD0F-C47A3C877F46', N'Paper tray refilled', NULL, N'2025-10-04 16:04:27'),
(N'74E83534-912D-4078-B522-A648684BB131', N'89A26370-814D-4AAC-888C-6291C5D5481F', N'status_change', N'warning', N'Printer disabled for maintenance', NULL, NULL, NULL, NULL, 0, NULL, NULL, NULL, NULL, N'2025-02-11 16:04:27'),
(N'D7F2AFE5-E276-4FDD-A190-5A6BDF739BE0', N'89A26370-814D-4AAC-888C-6291C5D5481F', N'status_change', N'error', N'Printer disabled for maintenance', NULL, N'0A0377EC-F5AC-4DC1-B9B9-94DA7F70DDD0', NULL, NULL, 0, NULL, NULL, NULL, NULL, N'2025-04-03 16:04:27'),
(N'C2BBCCD6-BD0F-43CC-8A00-408CEA9F4478', N'B55A02FC-C70E-4887-B425-89C2A0BA6C76', N'admin_action', N'warning', N'Printer location updated', NULL, N'29CF77E6-258C-4A86-B78D-2A94DE508564', NULL, NULL, 0, NULL, NULL, NULL, N'207.238.122.40', N'2025-05-30 16:04:27'),
(N'F0635139-B646-4653-A52A-BD36608CB222', N'B55A02FC-C70E-4887-B425-89C2A0BA6C76', N'print_job', N'info', N'Print job queued successfully', NULL, NULL, NULL, NULL, 0, NULL, NULL, NULL, N'196.211.73.78', N'2025-01-18 16:04:27'),
(N'FDD131CE-54EA-48D3-BDCE-E7B6B8EE95E8', N'B55A02FC-C70E-4887-B425-89C2A0BA6C76', N'maintenance', N'warning', N'Paper tray refilled', NULL, N'DA4259F4-4CCC-450C-B6BE-8B983033EDD9', N'{"maintenance_type": "routine", "location": "Library & Research Center Room 508"}', NULL, 0, NULL, NULL, NULL, NULL, N'2025-09-18 16:04:27'),
(N'C0ED6702-E21C-416B-A47C-5A02D1B16B02', N'B55A02FC-C70E-4887-B425-89C2A0BA6C76', N'error', N'critical', N'Toner level is low', NULL, NULL, N'{"error_type": "LOW_TONER", "location": "Library & Research Center Room 508"}', N'LOW_TONER', 0, NULL, NULL, NULL, NULL, N'2025-06-19 16:04:27'),
(N'5E14BD22-659E-413F-9F5E-3E89A2404012', N'B55A02FC-C70E-4887-B425-89C2A0BA6C76', N'admin_action', N'info', N'Printer added to system', NULL, N'A8394F12-87AD-48E1-985B-121DC04F4EAB', NULL, NULL, 0, NULL, NULL, NULL, N'245.193.86.183', N'2025-07-09 16:04:27'),
(N'70AD37F9-5571-45EE-A89C-ECE8FEF28C09', N'4615648F-2E4B-49BB-9C22-18F68C163CB2', N'print_job', N'info', N'Print job queued successfully', NULL, NULL, NULL, NULL, 0, NULL, NULL, NULL, N'222.213.58.32', N'2025-02-11 16:04:27'),
(N'D92B1AB3-90F5-4F07-B2D0-A9D0C57C95F9', N'4615648F-2E4B-49BB-9C22-18F68C163CB2', N'configuration', N'critical', N'Default paper size changed', NULL, N'E23BCC4A-466F-4451-80C1-79AB77D1CDD6', NULL, NULL, 0, NULL, NULL, NULL, NULL, N'2025-06-03 16:04:27'),
(N'175AAA59-E9D6-4ADA-A346-BC42B6BC81CD', N'4615648F-2E4B-49BB-9C22-18F68C163CB2', N'admin_action', N'info', N'Printer access logs reviewed', NULL, N'0A0377EC-F5AC-4DC1-B9B9-94DA7F70DDD0', NULL, NULL, 0, NULL, NULL, NULL, N'230.180.145.239', N'2025-06-28 16:04:27'),
(N'DFE3099E-2D45-437D-9C9A-4637FD47B943', N'4615648F-2E4B-49BB-9C22-18F68C163CB2', N'error', N'critical', N'Paper jam detected in paper path', NULL, NULL, N'{"error_type": "PAPER_JAM", "location": "Library & Research Center Room 511"}', N'PAPER_JAM', 1, N'2025-08-15 03:04:27', N'0A0377EC-F5AC-4DC1-B9B9-94DA7F70DDD0', N'Network connection restored', NULL, N'2025-08-14 16:04:27'),
(N'3FC0B30A-9429-43AE-981F-D8737EC345E3', N'4615648F-2E4B-49BB-9C22-18F68C163CB2', N'print_job', N'info', N'Print job queued successfully', NULL, NULL, NULL, NULL, 0, NULL, NULL, NULL, NULL, N'2025-04-13 16:04:27'),
(N'C8400A0D-50A8-42A9-8A31-1A8112BC6E7B', N'4615648F-2E4B-49BB-9C22-18F68C163CB2', N'status_change', N'info', N'Printer disabled for maintenance', NULL, N'18C717AB-83F3-4D15-AA08-6E19B2552B24', NULL, NULL, 0, NULL, NULL, NULL, NULL, N'2025-10-26 16:04:27'),
(N'77CED0FC-C294-4AA3-9231-9069E5F2E3B4', N'4615648F-2E4B-49BB-9C22-18F68C163CB2', N'maintenance', N'info', N'Scheduled maintenance performed', NULL, N'A87DACDD-DBFE-4CBE-90ED-92BA096A0319', N'{"maintenance_type": "routine", "location": "Library & Research Center Room 511"}', NULL, 0, NULL, NULL, NULL, NULL, N'2025-06-25 16:04:27'),
(N'AFA54FA6-D8F3-43C2-8755-57842C9FE787', N'4615648F-2E4B-49BB-9C22-18F68C163CB2', N'error', N'critical', N'Printer door is open', NULL, NULL, N'{"error_type": "DOOR_OPEN", "location": "Library & Research Center Room 511"}', N'DOOR_OPEN', 0, NULL, NULL, NULL, NULL, N'2025-01-12 16:04:27'),
(N'376B5239-9F09-454A-ABD4-4D941C07045E', N'4615648F-2E4B-49BB-9C22-18F68C163CB2', N'status_change', N'critical', N'Printer disabled for maintenance', NULL, N'7C738365-5A0A-486F-AD02-85D22A431855', NULL, NULL, 0, NULL, NULL, NULL, NULL, N'2025-01-06 16:04:27'),
(N'4FC28440-082E-448A-AA2F-35D05DB8B810', N'4615648F-2E4B-49BB-9C22-18F68C163CB2', N'admin_action', N'error', N'Printer removed from system', NULL, N'7C738365-5A0A-486F-AD02-85D22A431855', NULL, NULL, 0, NULL, NULL, NULL, N'240.182.42.173', N'2025-03-12 16:04:27'),
(N'B4FB3F6F-470E-4AFF-9F05-8C21721002EA', N'4615648F-2E4B-49BB-9C22-18F68C163CB2', N'status_change', N'critical', N'Printer status changed to maintained', NULL, N'18C717AB-83F3-4D15-AA08-6E19B2552B24', NULL, NULL, 0, NULL, NULL, NULL, NULL, N'2025-08-28 16:04:27'),
(N'9FF633F4-2972-423E-A1EF-039BA277B21D', N'4615648F-2E4B-49BB-9C22-18F68C163CB2', N'print_job', N'info', N'Print job queued successfully', NULL, NULL, NULL, NULL, 0, NULL, NULL, NULL, N'222.173.30.114', N'2025-05-26 16:04:27'),
(N'53DDA805-99AE-4FE5-BB6C-2A3B0DD074A9', N'4615648F-2E4B-49BB-9C22-18F68C163CB2', N'print_job', N'info', N'Print job submitted: 1 page(s)', N'1DA4EFAF-0AE8-4220-B95D-A0CD262EFE06', N'5961D952-48A0-46F5-94C7-40EDC2BD02C2', NULL, NULL, 0, NULL, NULL, NULL, N'233.200.187.24', N'2025-12-12 16:04:27'),
(N'5A383461-8D70-4005-A5B4-99CE190A3CB4', N'4615648F-2E4B-49BB-9C22-18F68C163CB2', N'maintenance', N'info', N'Cleaning cycle completed', NULL, N'DA4259F4-4CCC-450C-B6BE-8B983033EDD9', N'{"maintenance_type": "routine", "location": "Library & Research Center Room 511"}', NULL, 0, NULL, NULL, NULL, NULL, N'2025-07-19 16:04:27'),
(N'99FE34D6-4745-4E04-B61C-37D60F087147', N'303847E7-722A-4B38-AB93-C9A070C748F8', N'maintenance', N'info', N'Toner cartridge replaced', NULL, N'840B6566-9FC7-4E30-AD0F-C47A3C877F46', N'{"maintenance_type": "routine", "location": "Library & Research Center Room 101"}', NULL, 0, NULL, NULL, NULL, NULL, N'2025-09-15 16:04:27'),
(N'A08C97B4-F0DC-4B0F-A059-892E78B50550', N'303847E7-722A-4B38-AB93-C9A070C748F8', N'error', N'error', N'Network connection lost', NULL, NULL, N'{"error_type": "NETWORK_ERROR", "location": "Library & Research Center Room 101"}', N'NETWORK_ERROR', 1, N'2025-05-18 17:04:27', N'840B6566-9FC7-4E30-AD0F-C47A3C877F46', N'Network connection restored', NULL, N'2025-05-18 16:04:27'),
(N'B11B0E5C-C8DC-4907-BFC3-5F0161762481', N'303847E7-722A-4B38-AB93-C9A070C748F8', N'print_job', N'info', N'Print job queued successfully', NULL, NULL, NULL, NULL, 0, NULL, NULL, NULL, N'222.219.111.26', N'2025-09-30 16:04:27'),
(N'266AB4AB-919A-4C1F-A731-969506B3E99E', N'303847E7-722A-4B38-AB93-C9A070C748F8', N'maintenance', N'warning', N'Cleaning cycle completed', NULL, N'BDDFAEA1-E79B-401B-AE0C-34F60939BDEF', N'{"maintenance_type": "routine", "location": "Library & Research Center Room 101"}', NULL, 0, NULL, NULL, NULL, NULL, N'2025-04-14 16:04:27'),
(N'FF73DEAA-9B97-4171-B227-F5E18A1AA944', N'303847E7-722A-4B38-AB93-C9A070C748F8', N'error', N'error', N'Paper jam detected in paper path', NULL, NULL, N'{"error_type": "PAPER_JAM", "location": "Library & Research Center Room 101"}', N'PAPER_JAM', 0, NULL, NULL, NULL, NULL, N'2025-05-12 16:04:27'),
(N'C182DFB7-489D-48B1-BFCD-79F8A829B40B', N'6F791136-030D-4A49-94A3-F3F56D8B8798', N'status_change', N'info', N'Printer disabled for maintenance', NULL, N'A8394F12-87AD-48E1-985B-121DC04F4EAB', NULL, NULL, 0, NULL, NULL, NULL, NULL, N'2025-11-21 16:04:27'),
(N'1B074F00-1D9E-4728-B920-EABBA095DFC3', N'6F791136-030D-4A49-94A3-F3F56D8B8798', N'configuration', N'error', N'Print quality settings adjusted', NULL, N'E23BCC4A-466F-4451-80C1-79AB77D1CDD6', NULL, NULL, 0, NULL, NULL, NULL, N'255.173.47.207', N'2025-04-28 16:04:27'),
(N'54D8C9B3-B6BB-4B77-88B7-4D7707EFA544', N'6F791136-030D-4A49-94A3-F3F56D8B8798', N'maintenance', N'info', N'Toner cartridge replaced', NULL, N'253AC6A0-038C-4FE5-B9CF-441A0BA152E2', N'{"maintenance_type": "routine", "location": "Library & Research Center Room 102"}', NULL, 0, NULL, NULL, NULL, NULL, N'2025-09-14 16:04:27'),
(N'ED0ACE9F-CFF4-4294-814E-187E34451CDC', N'6F791136-030D-4A49-94A3-F3F56D8B8798', N'status_change', N'error', N'Printer disabled for maintenance', NULL, N'18C717AB-83F3-4D15-AA08-6E19B2552B24', NULL, NULL, 0, NULL, NULL, NULL, NULL, N'2025-05-29 16:04:27'),
(N'CCE07A0E-A405-4539-830D-B92883EACB35', N'6F791136-030D-4A49-94A3-F3F56D8B8798', N'configuration', N'info', N'Access permissions modified', NULL, N'18C717AB-83F3-4D15-AA08-6E19B2552B24', NULL, NULL, 0, NULL, NULL, NULL, N'253.223.184.155', N'2025-08-30 16:04:27'),
(N'F496ACC5-BA29-49BB-9A41-D8ACAE99E1EE', N'6F791136-030D-4A49-94A3-F3F56D8B8798', N'configuration', N'error', N'Default paper size changed', NULL, N'840B6566-9FC7-4E30-AD0F-C47A3C877F46', NULL, NULL, 0, NULL, NULL, NULL, N'203.216.75.96', N'2025-04-06 16:04:27'),
(N'77EF0BA4-8822-4843-9513-50481C13F691', N'6F791136-030D-4A49-94A3-F3F56D8B8798', N'status_change', N'warning', N'Printer status changed to printing', NULL, N'0A0377EC-F5AC-4DC1-B9B9-94DA7F70DDD0', NULL, NULL, 0, NULL, NULL, NULL, NULL, N'2025-01-25 16:04:27'),
(N'094964A6-5A98-4FB7-B0D5-E54610A2620F', N'6F791136-030D-4A49-94A3-F3F56D8B8798', N'print_job', N'info', N'Print job submitted: 4 page(s)', N'7E93BDD2-EAA6-4C9A-91A4-D736F9CFB921', N'694027FC-8213-4365-BE48-E6BEF174483D', NULL, NULL, 0, NULL, NULL, NULL, NULL, N'2025-11-07 16:04:27'),
(N'2771D1B4-F434-4FFA-9E13-05F2BD90CADB', N'6F791136-030D-4A49-94A3-F3F56D8B8798', N'error', N'error', N'Paper jam detected in paper path', NULL, NULL, N'{"error_type": "PAPER_JAM", "location": "Library & Research Center Room 102"}', N'PAPER_JAM', 1, N'2025-04-12 01:04:27', N'840B6566-9FC7-4E30-AD0F-C47A3C877F46', N'Network connection restored', NULL, N'2025-04-10 16:04:27'),
(N'F6410A38-BE8C-440C-91F0-F2D82A78DBF7', N'6F791136-030D-4A49-94A3-F3F56D8B8798', N'print_job', N'info', N'Print job submitted: 4 page(s)', N'7E93BDD2-EAA6-4C9A-91A4-D736F9CFB921', N'694027FC-8213-4365-BE48-E6BEF174483D', NULL, NULL, 0, NULL, NULL, NULL, NULL, N'2025-08-11 16:04:27'),
(N'6E9E93FA-D71E-4DF9-9352-933786B68CCC', N'6F791136-030D-4A49-94A3-F3F56D8B8798', N'configuration', N'warning', N'Default paper size changed', NULL, N'A8394F12-87AD-48E1-985B-121DC04F4EAB', NULL, NULL, 0, NULL, NULL, NULL, N'217.215.17.206', N'2025-03-19 16:04:27'),
(N'7E663C1C-C2C8-4C2E-8B2D-EC29901C4823', N'FF9A5257-4199-4080-AAD7-473CC1D47BEA', N'admin_action', N'error', N'Printer added to system', NULL, N'0A0377EC-F5AC-4DC1-B9B9-94DA7F70DDD0', NULL, NULL, 0, NULL, NULL, NULL, N'228.244.210.161', N'2025-08-24 16:04:27'),
(N'040F9FD2-6830-4D93-BBDB-CEA21A28D080', N'FF9A5257-4199-4080-AAD7-473CC1D47BEA', N'maintenance', N'warning', N'Cleaning cycle completed', NULL, N'E23BCC4A-466F-4451-80C1-79AB77D1CDD6', N'{"maintenance_type": "routine", "location": "Library & Research Center Room 103"}', NULL, 0, NULL, NULL, NULL, NULL, N'2025-08-15 16:04:27'),
(N'72AE0B07-2C4C-4F39-A784-1EE7AFCEFD9F', N'FF9A5257-4199-4080-AAD7-473CC1D47BEA', N'error', N'critical', N'Toner cartridge is empty', NULL, NULL, N'{"error_type": "OUT_OF_TONER", "location": "Library & Research Center Room 103"}', N'OUT_OF_TONER', 0, NULL, NULL, NULL, NULL, N'2025-09-03 16:04:27'),
(N'A26B676C-200C-4AC8-AD6B-AF180FD237A4', N'FF9A5257-4199-4080-AAD7-473CC1D47BEA', N'print_job', N'info', N'Print job queued successfully', NULL, NULL, NULL, NULL, 0, NULL, NULL, NULL, N'221.172.172.62', N'2025-04-01 16:04:27'),
(N'165980EB-13B2-42F6-ABE4-BB6B03763BE8', N'FF9A5257-4199-4080-AAD7-473CC1D47BEA', N'configuration', N'info', N'Access permissions modified', NULL, N'0A0377EC-F5AC-4DC1-B9B9-94DA7F70DDD0', NULL, NULL, 0, NULL, NULL, NULL, NULL, N'2025-07-23 16:04:27'),
(N'F60D4BE4-162B-4BE6-8F4D-92FCE2AB3A60', N'6030F387-6F3A-47A5-A88D-935B7C023365', N'status_change', N'error', N'Printer disabled for maintenance', NULL, N'A87DACDD-DBFE-4CBE-90ED-92BA096A0319', NULL, NULL, 0, NULL, NULL, NULL, NULL, N'2025-12-19 16:04:27'),
(N'3DCC6AA4-4CF1-4DFF-9D2C-9B856BC4412A', N'6030F387-6F3A-47A5-A88D-935B7C023365', N'maintenance', N'warning', N'Firmware update installed', NULL, N'0A0377EC-F5AC-4DC1-B9B9-94DA7F70DDD0', N'{"maintenance_type": "routine", "location": "Library & Research Center Room 108"}', NULL, 0, NULL, NULL, NULL, NULL, N'2025-05-14 16:04:27'),
(N'BC7F1736-27C5-47B6-B2AC-54C3BE52D58B', N'6030F387-6F3A-47A5-A88D-935B7C023365', N'error', N'critical', N'Printer door is open', NULL, NULL, N'{"error_type": "DOOR_OPEN", "location": "Library & Research Center Room 108"}', N'DOOR_OPEN', 1, N'2025-03-17 21:04:27', N'DA4259F4-4CCC-450C-B6BE-8B983033EDD9', N'Paper tray refilled', NULL, N'2025-03-17 16:04:27'),
(N'3C64B060-A7D7-49FB-A202-E437942EFFA2', N'6030F387-6F3A-47A5-A88D-935B7C023365', N'configuration', N'critical', N'Access permissions modified', NULL, N'29CF77E6-258C-4A86-B78D-2A94DE508564', NULL, NULL, 0, NULL, NULL, NULL, NULL, N'2025-09-30 16:04:27'),
(N'5403E755-3358-4F71-B350-09922839D737', N'6030F387-6F3A-47A5-A88D-935B7C023365', N'error', N'critical', N'Network connection lost', NULL, NULL, N'{"error_type": "NETWORK_ERROR", "location": "Library & Research Center Room 108"}', N'NETWORK_ERROR', 0, NULL, NULL, NULL, NULL, N'2025-12-26 16:04:27'),
(N'1F5F027F-89E6-4C8A-8F3B-797A46B74A1C', N'6030F387-6F3A-47A5-A88D-935B7C023365', N'admin_action', N'warning', N'Printer removed from system', NULL, N'E23BCC4A-466F-4451-80C1-79AB77D1CDD6', NULL, NULL, 0, NULL, NULL, NULL, NULL, N'2025-05-02 16:04:27'),
(N'7E56811A-32BE-45A0-A162-C5F052AD322F', N'6030F387-6F3A-47A5-A88D-935B7C023365', N'admin_action', N'error', N'Printer added to system', NULL, N'E23BCC4A-466F-4451-80C1-79AB77D1CDD6', NULL, NULL, 0, NULL, NULL, NULL, N'217.185.142.219', N'2025-09-13 16:04:27'),
(N'CBCE37F7-60F6-4583-92A4-EC835958E5F6', N'6030F387-6F3A-47A5-A88D-935B7C023365', N'status_change', N'error', N'Printer status changed to idle', NULL, NULL, NULL, NULL, 0, NULL, NULL, NULL, NULL, N'2025-10-26 16:04:27'),
(N'01B771E7-2013-403F-9E4A-C492280C986A', N'6030F387-6F3A-47A5-A88D-935B7C023365', N'admin_action', N'error', N'Printer access logs reviewed', NULL, N'A8394F12-87AD-48E1-985B-121DC04F4EAB', NULL, NULL, 0, NULL, NULL, NULL, N'196.210.101.155', N'2025-07-28 16:04:27'),
(N'12ABFCF0-7E48-46A4-A6CF-74476031D364', N'6030F387-6F3A-47A5-A88D-935B7C023365', N'maintenance', N'info', N'Toner cartridge replaced', NULL, N'A87DACDD-DBFE-4CBE-90ED-92BA096A0319', N'{"maintenance_type": "routine", "location": "Library & Research Center Room 108"}', NULL, 0, NULL, NULL, NULL, NULL, N'2025-03-20 16:04:27'),
(N'9106D2AE-1733-4592-85FC-C501785B32DC', N'6030F387-6F3A-47A5-A88D-935B7C023365', N'configuration', N'warning', N'Printer name updated', NULL, N'29CF77E6-258C-4A86-B78D-2A94DE508564', NULL, NULL, 0, NULL, NULL, NULL, N'211.249.189.122', N'2025-08-24 16:04:27'),
(N'A63A4714-409D-4F29-AF92-09EA86576D8E', N'6030F387-6F3A-47A5-A88D-935B7C023365', N'admin_action', N'info', N'Printer model information updated', NULL, N'0A0377EC-F5AC-4DC1-B9B9-94DA7F70DDD0', NULL, NULL, 0, NULL, NULL, NULL, NULL, N'2025-04-04 16:04:27'),
(N'4CACCB01-173A-404F-BE55-D5D6DB43A262', N'31552314-1EF1-4A9C-8D12-FC9E59C478A6', N'print_job', N'info', N'Print job queued successfully', NULL, NULL, NULL, NULL, 0, NULL, NULL, NULL, N'200.177.13.253', N'2025-06-04 16:04:27'),
(N'4F27B2BA-4F3B-45AC-B2D4-086CC1F7C975', N'31552314-1EF1-4A9C-8D12-FC9E59C478A6', N'admin_action', N'error', N'Printer removed from system', NULL, N'A87DACDD-DBFE-4CBE-90ED-92BA096A0319', NULL, NULL, 0, NULL, NULL, NULL, N'213.213.118.12', N'2025-09-11 16:04:27'),
(N'7D04BC4E-354A-4D9D-AD0C-390AA074C92F', N'31552314-1EF1-4A9C-8D12-FC9E59C478A6', N'admin_action', N'critical', N'Printer model information updated', NULL, N'18C717AB-83F3-4D15-AA08-6E19B2552B24', NULL, NULL, 0, NULL, NULL, NULL, N'244.238.229.122', N'2025-10-30 16:04:27'),
(N'A0DF1872-07ED-4AB2-AE87-B888B8D454A1', N'31552314-1EF1-4A9C-8D12-FC9E59C478A6', N'error', N'critical', N'Printer went offline', NULL, NULL, N'{"error_type": "OFFLINE", "location": "Library & Research Center Room 112"}', N'OFFLINE', 1, N'2025-10-26 07:04:27', N'BDDFAEA1-E79B-401B-AE0C-34F60939BDEF', N'Issue resolved after maintenance', NULL, N'2025-10-24 16:04:27'),
(N'120340B6-327F-45C8-A3E6-AF40B576EAA1', N'31552314-1EF1-4A9C-8D12-FC9E59C478A6', N'print_job', N'info', N'Print job queued successfully', NULL, NULL, NULL, NULL, 0, NULL, NULL, NULL, N'242.176.55.219', N'2025-01-15 16:04:27'),
(N'DFF7F1D8-680E-4C45-8C71-03486EAE31C7', N'31552314-1EF1-4A9C-8D12-FC9E59C478A6', N'configuration', N'warning', N'Printer name updated', NULL, N'0A0377EC-F5AC-4DC1-B9B9-94DA7F70DDD0', NULL, NULL, 0, NULL, NULL, NULL, NULL, N'2025-02-06 16:04:27'),
(N'6A2C9167-E766-4D9B-B3C2-C428998F14A4', N'31552314-1EF1-4A9C-8D12-FC9E59C478A6', N'print_job', N'info', N'Print job queued successfully', NULL, NULL, NULL, NULL, 0, NULL, NULL, NULL, N'218.242.30.107', N'2025-02-06 16:04:27'),
(N'4574F3A8-48B2-45C8-8668-576CB28532E8', N'31552314-1EF1-4A9C-8D12-FC9E59C478A6', N'admin_action', N'error', N'Printer model information updated', NULL, N'253AC6A0-038C-4FE5-B9CF-441A0BA152E2', NULL, NULL, 0, NULL, NULL, NULL, N'228.206.205.58', N'2025-03-15 16:04:27'),
(N'5DDC19A0-FD6C-48F9-A217-0CF8595BF07F', N'31552314-1EF1-4A9C-8D12-FC9E59C478A6', N'maintenance', N'info', N'Scheduled maintenance performed', NULL, N'A87DACDD-DBFE-4CBE-90ED-92BA096A0319', N'{"maintenance_type": "routine", "location": "Library & Research Center Room 112"}', NULL, 0, NULL, NULL, NULL, NULL, N'2025-06-15 16:04:27'),
(N'CA16B5C0-8B20-4F1B-8333-3C2CD4BBCE3F', N'31552314-1EF1-4A9C-8D12-FC9E59C478A6', N'maintenance', N'warning', N'Calibration completed', NULL, N'A87DACDD-DBFE-4CBE-90ED-92BA096A0319', N'{"maintenance_type": "routine", "location": "Library & Research Center Room 112"}', NULL, 0, NULL, NULL, NULL, NULL, N'2025-04-03 16:04:27'),
(N'4BE2F685-CDA4-4A50-8B4E-B7645F49EC16', N'31552314-1EF1-4A9C-8D12-FC9E59C478A6', N'print_job', N'info', N'Print job queued successfully', NULL, NULL, NULL, NULL, 0, NULL, NULL, NULL, N'233.201.104.234', N'2025-04-19 16:04:27'),
(N'162B5862-CBE0-46C2-BBEB-94457C582E32', N'338742F5-9219-4439-9181-9699F4A9AD72', N'admin_action', N'warning', N'Printer model information updated', NULL, N'840B6566-9FC7-4E30-AD0F-C47A3C877F46', NULL, NULL, 0, NULL, NULL, NULL, NULL, N'2025-04-21 16:04:27'),
(N'A65C12CF-1E76-4559-807A-AAB29DD90FD0', N'338742F5-9219-4439-9181-9699F4A9AD72', N'status_change', N'critical', N'Printer enabled for student use', NULL, NULL, NULL, NULL, 0, NULL, NULL, NULL, NULL, N'2025-01-20 16:04:27'),
(N'25055463-E6FC-48A4-84E8-C7E4896E09DE', N'338742F5-9219-4439-9181-9699F4A9AD72', N'error', N'critical', N'Network connection lost', NULL, NULL, N'{"error_type": "NETWORK_ERROR", "location": "Library & Research Center Room 201"}', N'NETWORK_ERROR', 1, N'2025-04-05 01:04:27', N'A87DACDD-DBFE-4CBE-90ED-92BA096A0319', N'Issue resolved after maintenance', NULL, N'2025-04-03 16:04:27'),
(N'6AC1FD3F-25E7-4F0B-85FB-740E3D8BF77E', N'338742F5-9219-4439-9181-9699F4A9AD72', N'error', N'error', N'Printer door is open', NULL, NULL, N'{"error_type": "DOOR_OPEN", "location": "Library & Research Center Room 201"}', N'DOOR_OPEN', 1, N'2025-11-08 01:04:27', N'BDDFAEA1-E79B-401B-AE0C-34F60939BDEF', N'Paper tray refilled', NULL, N'2025-11-06 16:04:27'),
(N'D5C43721-B16E-4E64-AF6F-E6A300B9FB40', N'338742F5-9219-4439-9181-9699F4A9AD72', N'status_change', N'info', N'Printer status changed to idle', NULL, NULL, NULL, NULL, 0, NULL, NULL, NULL, NULL, N'2025-04-01 16:04:27'),
(N'7FEA576A-0486-4A7B-B49F-C8CB2FE0AB7A', N'338742F5-9219-4439-9181-9699F4A9AD72', N'status_change', N'info', N'Printer status changed to maintained', NULL, N'A8394F12-87AD-48E1-985B-121DC04F4EAB', NULL, NULL, 0, NULL, NULL, NULL, NULL, N'2025-12-03 16:04:27'),
(N'5BE5B095-0074-42D9-AA21-B6AFFFBC0D79', N'5F445EA1-DC6D-4F01-8ABE-9366E3C584CE', N'admin_action', N'error', N'Printer location updated', NULL, N'253AC6A0-038C-4FE5-B9CF-441A0BA152E2', NULL, NULL, 0, NULL, NULL, NULL, N'251.221.112.50', N'2025-03-03 16:04:27'),
(N'8D09FAB7-A825-4FD0-BC18-9AB2C575FA56', N'5F445EA1-DC6D-4F01-8ABE-9366E3C584CE', N'maintenance', N'info', N'Toner cartridge replaced', NULL, N'DA4259F4-4CCC-450C-B6BE-8B983033EDD9', N'{"maintenance_type": "routine", "location": "Library & Research Center Room 202"}', NULL, 0, NULL, NULL, NULL, NULL, N'2025-11-03 16:04:27'),
(N'BEC86B76-DFA9-4441-80C9-C07B9B25767E', N'5F445EA1-DC6D-4F01-8ABE-9366E3C584CE', N'maintenance', N'warning', N'Calibration completed', NULL, N'0A0377EC-F5AC-4DC1-B9B9-94DA7F70DDD0', N'{"maintenance_type": "routine", "location": "Library & Research Center Room 202"}', NULL, 0, NULL, NULL, NULL, NULL, N'2025-08-17 16:04:27'),
(N'E9E2D39F-F1D1-49A8-A1A9-B06DFA343D93', N'5F445EA1-DC6D-4F01-8ABE-9366E3C584CE', N'configuration', N'warning', N'Access permissions modified', NULL, N'A87DACDD-DBFE-4CBE-90ED-92BA096A0319', NULL, NULL, 0, NULL, NULL, NULL, N'224.225.47.83', N'2025-08-06 16:04:27'),
(N'E534ACBB-1355-4774-9094-2FF1BB50F240', N'5F445EA1-DC6D-4F01-8ABE-9366E3C584CE', N'error', N'critical', N'Printer door is open', NULL, NULL, N'{"error_type": "DOOR_OPEN", "location": "Library & Research Center Room 202"}', N'DOOR_OPEN', 0, NULL, NULL, NULL, NULL, N'2025-08-11 16:04:27'),
(N'06E0C527-2CF1-43D8-B5D3-501D0E319F1E', N'5F445EA1-DC6D-4F01-8ABE-9366E3C584CE', N'maintenance', N'warning', N'Toner cartridge replaced', NULL, N'E23BCC4A-466F-4451-80C1-79AB77D1CDD6', N'{"maintenance_type": "routine", "location": "Library & Research Center Room 202"}', NULL, 0, NULL, NULL, NULL, NULL, N'2025-06-02 16:04:27'),
(N'4FD56A01-AB78-4FA3-A3CC-3B776080CC41', N'5F445EA1-DC6D-4F01-8ABE-9366E3C584CE', N'configuration', N'critical', N'Default paper size changed', NULL, N'0A0377EC-F5AC-4DC1-B9B9-94DA7F70DDD0', NULL, NULL, 0, NULL, NULL, NULL, N'225.168.244.66', N'2025-07-15 16:04:27'),
(N'9D8E8A47-AE33-40B0-9E3A-63D250393255', N'5F445EA1-DC6D-4F01-8ABE-9366E3C584CE', N'status_change', N'error', N'Printer status changed to maintained', NULL, NULL, NULL, NULL, 0, NULL, NULL, NULL, NULL, N'2025-05-19 16:04:27'),
(N'D16DDD82-F6E3-4C2B-A660-56EE83BA8652', N'5F445EA1-DC6D-4F01-8ABE-9366E3C584CE', N'maintenance', N'info', N'Paper tray refilled', NULL, N'E23BCC4A-466F-4451-80C1-79AB77D1CDD6', N'{"maintenance_type": "routine", "location": "Library & Research Center Room 202"}', NULL, 0, NULL, NULL, NULL, NULL, N'2025-01-17 16:04:27'),
(N'8D97FD8C-4B55-4F2A-BCD4-F7A15B515CD8', N'5F445EA1-DC6D-4F01-8ABE-9366E3C584CE', N'status_change', N'info', N'Printer status changed to printing', NULL, NULL, NULL, NULL, 0, NULL, NULL, NULL, NULL, N'2025-12-07 16:04:27'),
(N'E834CEC8-DB9B-461D-8426-D8ABE3F5C748', N'09790F24-2309-4E4E-8E8A-07ED47E848D6', N'configuration', N'warning', N'Default paper size changed', NULL, N'253AC6A0-038C-4FE5-B9CF-441A0BA152E2', NULL, NULL, 0, NULL, NULL, NULL, N'222.208.209.180', N'2025-08-08 16:04:27'),
(N'7E02BDC4-A04C-48CC-A477-85BF82C55F2F', N'09790F24-2309-4E4E-8E8A-07ED47E848D6', N'configuration', N'info', N'Printer network settings updated', NULL, N'A87DACDD-DBFE-4CBE-90ED-92BA096A0319', NULL, NULL, 0, NULL, NULL, NULL, N'227.252.218.243', N'2025-01-07 16:04:27'),
(N'C5272D2E-653C-430E-9490-ADDBFF1ACC26', N'09790F24-2309-4E4E-8E8A-07ED47E848D6', N'print_job', N'info', N'Print job submitted: 4 page(s)', N'CA94FF62-AC79-4817-A032-2F2E41ADA051', N'22261F46-CC7E-4CD0-9ECD-1CDE8BAA53A2', NULL, NULL, 0, NULL, NULL, NULL, N'242.209.3.233', N'2025-02-20 16:04:27'),
(N'CF0CE65A-79AC-4458-82DC-388BF003DF51', N'09790F24-2309-4E4E-8E8A-07ED47E848D6', N'admin_action', N'critical', N'Printer added to system', NULL, N'253AC6A0-038C-4FE5-B9CF-441A0BA152E2', NULL, NULL, 0, NULL, NULL, NULL, NULL, N'2025-01-16 16:04:27'),
(N'7C53BA29-8CE6-4DD3-A407-D0773CFBA7CA', N'09790F24-2309-4E4E-8E8A-07ED47E848D6', N'maintenance', N'info', N'Scheduled maintenance performed', NULL, N'A8394F12-87AD-48E1-985B-121DC04F4EAB', N'{"maintenance_type": "routine", "location": "Library & Research Center Room 205"}', NULL, 0, NULL, NULL, NULL, NULL, N'2025-05-27 16:04:27'),
(N'6B502242-8F5E-48F2-9859-F0BDC27D6F14', N'788ED758-B10D-4F69-AEA2-1FDA4CEA88F4', N'error', N'critical', N'Printer went offline', NULL, NULL, N'{"error_type": "OFFLINE", "location": "Library & Research Center Room 206"}', N'OFFLINE', 1, N'2025-05-24 00:04:27', N'DA4259F4-4CCC-450C-B6BE-8B983033EDD9', N'Toner cartridge replaced', NULL, N'2025-05-22 16:04:27'),
(N'4DBDD4E8-85C0-4E79-9792-0A4DA5EB8AD2', N'788ED758-B10D-4F69-AEA2-1FDA4CEA88F4', N'error', N'error', N'Printer door is open', NULL, NULL, N'{"error_type": "DOOR_OPEN", "location": "Library & Research Center Room 206"}', N'DOOR_OPEN', 0, NULL, NULL, NULL, NULL, N'2025-09-17 16:04:27'),
(N'19D7DC38-72C0-40F4-BEF7-0B0B90639BA9', N'788ED758-B10D-4F69-AEA2-1FDA4CEA88F4', N'configuration', N'warning', N'Access permissions modified', NULL, N'253AC6A0-038C-4FE5-B9CF-441A0BA152E2', NULL, NULL, 0, NULL, NULL, NULL, N'219.200.91.184', N'2025-09-05 16:04:27'),
(N'9E893231-4BA9-4AAB-9B52-9567B0DF4087', N'788ED758-B10D-4F69-AEA2-1FDA4CEA88F4', N'error', N'error', N'Printer went offline', NULL, NULL, N'{"error_type": "OFFLINE", "location": "Library & Research Center Room 206"}', N'OFFLINE', 1, N'2025-08-21 18:04:27', N'DA4259F4-4CCC-450C-B6BE-8B983033EDD9', N'Issue resolved by clearing paper jam', NULL, N'2025-08-21 16:04:27'),
(N'28CB561D-0074-4D3E-BBAE-01FDDCE4173D', N'788ED758-B10D-4F69-AEA2-1FDA4CEA88F4', N'status_change', N'warning', N'Printer status changed to maintained', NULL, NULL, NULL, NULL, 0, NULL, NULL, NULL, NULL, N'2025-03-21 16:04:27'),
(N'EC8232E2-25E1-49EE-8580-9DC7D98A101F', N'788ED758-B10D-4F69-AEA2-1FDA4CEA88F4', N'admin_action', N'critical', N'Printer model information updated', NULL, N'7C738365-5A0A-486F-AD02-85D22A431855', NULL, NULL, 0, NULL, NULL, NULL, N'233.199.141.218', N'2025-11-28 16:04:27'),
(N'D9379849-3375-4695-988D-965818939DE0', N'788ED758-B10D-4F69-AEA2-1FDA4CEA88F4', N'error', N'critical', N'Paper tray is empty', NULL, NULL, N'{"error_type": "OUT_OF_PAPER", "location": "Library & Research Center Room 206"}', N'OUT_OF_PAPER', 0, NULL, NULL, NULL, NULL, N'2025-02-12 16:04:27'),
(N'074BC805-5770-47F3-A34E-2FFC82982D1F', N'788ED758-B10D-4F69-AEA2-1FDA4CEA88F4', N'admin_action', N'info', N'Printer access logs reviewed', NULL, N'BDDFAEA1-E79B-401B-AE0C-34F60939BDEF', NULL, NULL, 0, NULL, NULL, NULL, N'249.251.68.229', N'2025-04-04 16:04:27'),
(N'AACC2E50-C42A-4F7C-9A53-37E10FE13607', N'788ED758-B10D-4F69-AEA2-1FDA4CEA88F4', N'configuration', N'warning', N'Default paper size changed', NULL, N'E23BCC4A-466F-4451-80C1-79AB77D1CDD6', NULL, NULL, 0, NULL, NULL, NULL, NULL, N'2025-10-28 16:04:27'),
(N'C47ABE40-F298-49D2-B262-423BBE520D6F', N'788ED758-B10D-4F69-AEA2-1FDA4CEA88F4', N'admin_action', N'error', N'Printer added to system', NULL, N'18C717AB-83F3-4D15-AA08-6E19B2552B24', NULL, NULL, 0, NULL, NULL, NULL, N'238.198.214.187', N'2025-12-16 16:04:27'),
(N'2EDFEE39-1AC7-4A8D-B48D-F48CFF6DAC84', N'788ED758-B10D-4F69-AEA2-1FDA4CEA88F4', N'maintenance', N'warning', N'Scheduled maintenance performed', NULL, N'253AC6A0-038C-4FE5-B9CF-441A0BA152E2', N'{"maintenance_type": "routine", "location": "Library & Research Center Room 206"}', NULL, 0, NULL, NULL, NULL, NULL, N'2025-08-01 16:04:27'),
(N'497854A1-B049-46AB-B856-ABA250F6331A', N'788ED758-B10D-4F69-AEA2-1FDA4CEA88F4', N'configuration', N'warning', N'Print quality settings adjusted', NULL, N'BDDFAEA1-E79B-401B-AE0C-34F60939BDEF', NULL, NULL, 0, NULL, NULL, NULL, N'198.249.223.106', N'2025-12-25 16:04:27'),
(N'AC236391-3D45-42D2-8314-19F609D192F2', N'781D3BFD-2401-46A3-89A8-4F4B712D9C6E', N'error', N'error', N'Hardware malfunction detected', NULL, NULL, N'{"error_type": "HARDWARE_ERROR", "location": "Library & Research Center Room 211"}', N'HARDWARE_ERROR', 0, NULL, NULL, NULL, NULL, N'2025-08-18 16:04:27'),
(N'26D0F488-513E-4A6E-B12E-AFAD7AFF25F0', N'781D3BFD-2401-46A3-89A8-4F4B712D9C6E', N'configuration', N'warning', N'Print quality settings adjusted', NULL, N'E23BCC4A-466F-4451-80C1-79AB77D1CDD6', NULL, NULL, 0, NULL, NULL, NULL, N'206.183.45.244', N'2025-10-07 16:04:27'),
(N'1B656E60-BA18-49AD-AF4F-AA82711CFA00', N'781D3BFD-2401-46A3-89A8-4F4B712D9C6E', N'admin_action', N'error', N'Printer removed from system', NULL, N'29CF77E6-258C-4A86-B78D-2A94DE508564', NULL, NULL, 0, NULL, NULL, NULL, N'215.173.57.189', N'2025-06-12 16:04:27'),
(N'40BA151C-69D5-4BCE-B051-E56335F21EE8', N'781D3BFD-2401-46A3-89A8-4F4B712D9C6E', N'configuration', N'info', N'Printer network settings updated', NULL, N'29CF77E6-258C-4A86-B78D-2A94DE508564', NULL, NULL, 0, NULL, NULL, NULL, NULL, N'2025-09-07 16:04:27'),
(N'9CC24A78-9491-42F4-8A51-01E742DE8E34', N'781D3BFD-2401-46A3-89A8-4F4B712D9C6E', N'print_job', N'info', N'Print job submitted: 1 page(s)', N'2D61B3D6-F543-4E5E-A7EE-7E903F7A5906', N'0BDD044E-CB54-4A3C-9AF1-A2EFCE569DCC', NULL, NULL, 0, NULL, NULL, NULL, N'223.252.146.131', N'2025-06-18 16:04:27'),
(N'4FB67747-91B5-4471-9937-79C1464A9F61', N'781D3BFD-2401-46A3-89A8-4F4B712D9C6E', N'error', N'error', N'Printer door is open', NULL, NULL, N'{"error_type": "DOOR_OPEN", "location": "Library & Research Center Room 211"}', N'DOOR_OPEN', 0, NULL, NULL, NULL, NULL, N'2025-06-30 16:04:27'),
(N'2B909E96-65B4-42B3-BF8E-6FB09C2905B5', N'781D3BFD-2401-46A3-89A8-4F4B712D9C6E', N'admin_action', N'warning', N'Printer model information updated', NULL, N'840B6566-9FC7-4E30-AD0F-C47A3C877F46', NULL, NULL, 0, NULL, NULL, NULL, NULL, N'2025-02-25 16:04:27'),
(N'B3E8DD76-F90C-41A7-9B1C-6AAC184EE27C', N'781D3BFD-2401-46A3-89A8-4F4B712D9C6E', N'maintenance', N'info', N'Scheduled maintenance performed', NULL, N'BDDFAEA1-E79B-401B-AE0C-34F60939BDEF', N'{"maintenance_type": "routine", "location": "Library & Research Center Room 211"}', NULL, 0, NULL, NULL, NULL, NULL, N'2025-06-04 16:04:27'),
(N'3142A647-B2AC-4A2C-9916-D048B1DEFD31', N'781D3BFD-2401-46A3-89A8-4F4B712D9C6E', N'print_job', N'info', N'Print job submitted: 1 page(s)', N'2D61B3D6-F543-4E5E-A7EE-7E903F7A5906', N'0BDD044E-CB54-4A3C-9AF1-A2EFCE569DCC', NULL, NULL, 0, NULL, NULL, NULL, NULL, N'2025-06-13 16:04:27'),
(N'A4BBB325-E99C-49D4-A5AA-480C97F54043', N'781D3BFD-2401-46A3-89A8-4F4B712D9C6E', N'status_change', N'warning', N'Printer disabled for maintenance', NULL, NULL, NULL, NULL, 0, NULL, NULL, NULL, NULL, N'2025-07-29 16:04:27'),
(N'BD482C30-C747-42C5-9D6F-6C42CCBDB102', N'781D3BFD-2401-46A3-89A8-4F4B712D9C6E', N'admin_action', N'error', N'Printer model information updated', NULL, N'840B6566-9FC7-4E30-AD0F-C47A3C877F46', NULL, NULL, 0, NULL, NULL, NULL, N'234.198.135.14', N'2025-10-30 16:04:27'),
(N'D0C985E5-41EB-433F-8BC3-BA50CDA55968', N'781D3BFD-2401-46A3-89A8-4F4B712D9C6E', N'status_change', N'error', N'Printer status changed to maintained', NULL, NULL, NULL, NULL, 0, NULL, NULL, NULL, NULL, N'2025-10-31 16:04:27'),
(N'116F72FA-7229-4264-B0C7-AABE67AA2212', N'781D3BFD-2401-46A3-89A8-4F4B712D9C6E', N'configuration', N'error', N'Default paper size changed', NULL, N'A8394F12-87AD-48E1-985B-121DC04F4EAB', NULL, NULL, 0, NULL, NULL, NULL, N'222.241.115.147', N'2025-02-21 16:04:27'),
(N'1B0D0C23-516F-4491-820A-9EF63015377B', N'781D3BFD-2401-46A3-89A8-4F4B712D9C6E', N'error', N'critical', N'Toner cartridge is empty', NULL, NULL, N'{"error_type": "OUT_OF_TONER", "location": "Library & Research Center Room 211"}', N'OUT_OF_TONER', 0, NULL, NULL, NULL, NULL, N'2025-06-11 16:04:27'),
(N'E7F6D7BE-C61E-4C76-B0F9-771CB1AA3894', N'781D3BFD-2401-46A3-89A8-4F4B712D9C6E', N'error', N'critical', N'Printer door is open', NULL, NULL, N'{"error_type": "DOOR_OPEN", "location": "Library & Research Center Room 211"}', N'DOOR_OPEN', 0, NULL, NULL, NULL, NULL, N'2025-05-18 16:04:27'),
(N'CC308423-DF51-4303-AF63-C44058DECA40', N'755B0DC1-F25B-4FFA-A8B5-652A9F8ECFDD', N'admin_action', N'error', N'Printer added to system', NULL, N'840B6566-9FC7-4E30-AD0F-C47A3C877F46', NULL, NULL, 0, NULL, NULL, NULL, N'224.181.94.184', N'2025-02-28 16:04:27'),
(N'1E1744D2-E650-4779-A672-BDF92585E8FC', N'755B0DC1-F25B-4FFA-A8B5-652A9F8ECFDD', N'maintenance', N'warning', N'Calibration completed', NULL, N'A87DACDD-DBFE-4CBE-90ED-92BA096A0319', N'{"maintenance_type": "routine", "location": "Library & Research Center Room 213"}', NULL, 0, NULL, NULL, NULL, NULL, N'2025-09-03 16:04:27'),
(N'A787F98D-7EAB-4738-8463-737CADA5683C', N'755B0DC1-F25B-4FFA-A8B5-652A9F8ECFDD', N'maintenance', N'info', N'Toner cartridge replaced', NULL, N'29CF77E6-258C-4A86-B78D-2A94DE508564', N'{"maintenance_type": "routine", "location": "Library & Research Center Room 213"}', NULL, 0, NULL, NULL, NULL, NULL, N'2025-05-18 16:04:27'),
(N'222996A2-765D-4AA0-B3AF-AE541F87851F', N'755B0DC1-F25B-4FFA-A8B5-652A9F8ECFDD', N'configuration', N'critical', N'Access permissions modified', NULL, N'7C738365-5A0A-486F-AD02-85D22A431855', NULL, NULL, 0, NULL, NULL, NULL, N'245.254.167.61', N'2025-09-04 16:04:27'),
(N'786575F6-A21D-4958-B001-F47BA6AA2A22', N'755B0DC1-F25B-4FFA-A8B5-652A9F8ECFDD', N'configuration', N'critical', N'Printer name updated', NULL, N'29CF77E6-258C-4A86-B78D-2A94DE508564', NULL, NULL, 0, NULL, NULL, NULL, NULL, N'2025-07-06 16:04:27'),
(N'364FCD71-B0E9-4F0B-BA48-4C88302CDE20', N'755B0DC1-F25B-4FFA-A8B5-652A9F8ECFDD', N'status_change', N'error', N'Printer status changed to idle', NULL, NULL, NULL, NULL, 0, NULL, NULL, NULL, NULL, N'2025-09-29 16:04:27'),
(N'2E37F31C-A410-467F-9B7F-4FBDB15F4B94', N'755B0DC1-F25B-4FFA-A8B5-652A9F8ECFDD', N'print_job', N'info', N'Print job queued successfully', NULL, NULL, NULL, NULL, 0, NULL, NULL, NULL, NULL, N'2025-07-27 16:04:27'),
(N'1F5CD916-DDC0-4CE6-ADBA-3169D83242C9', N'755B0DC1-F25B-4FFA-A8B5-652A9F8ECFDD', N'admin_action', N'info', N'Printer removed from system', NULL, N'29CF77E6-258C-4A86-B78D-2A94DE508564', NULL, NULL, 0, NULL, NULL, NULL, N'212.251.154.8', N'2025-07-08 16:04:27'),
(N'85B9AF63-E012-4FC7-B268-FD1C671EABEC', N'8D79373F-545B-4BCF-A652-451EC71089DF', N'maintenance', N'warning', N'Cleaning cycle completed', NULL, N'DA4259F4-4CCC-450C-B6BE-8B983033EDD9', N'{"maintenance_type": "routine", "location": "Library & Research Center Room 301"}', NULL, 0, NULL, NULL, NULL, NULL, N'2025-07-25 16:04:27'),
(N'BB6375DB-4412-4C76-88BA-BA4A8EBA914E', N'8D79373F-545B-4BCF-A652-451EC71089DF', N'status_change', N'warning', N'Printer status changed to maintained', NULL, N'A87DACDD-DBFE-4CBE-90ED-92BA096A0319', NULL, NULL, 0, NULL, NULL, NULL, NULL, N'2025-02-08 16:04:27'),
(N'CBED686D-D05A-4BDC-B7E8-888817FCB468', N'8D79373F-545B-4BCF-A652-451EC71089DF', N'maintenance', N'warning', N'Cleaning cycle completed', NULL, N'BDDFAEA1-E79B-401B-AE0C-34F60939BDEF', N'{"maintenance_type": "routine", "location": "Library & Research Center Room 301"}', NULL, 0, NULL, NULL, NULL, NULL, N'2025-06-12 16:04:27'),
(N'69CF50E3-1BE0-435B-9E8A-5EA76DB4524A', N'8D79373F-545B-4BCF-A652-451EC71089DF', N'configuration', N'critical', N'Default paper size changed', NULL, N'840B6566-9FC7-4E30-AD0F-C47A3C877F46', NULL, NULL, 0, NULL, NULL, NULL, N'214.229.168.231', N'2025-03-14 16:04:27'),
(N'C934721A-BBAA-4077-B987-D305DCB679E5', N'8D79373F-545B-4BCF-A652-451EC71089DF', N'print_job', N'info', N'Print job submitted: 1 page(s)', N'E7D4E4F4-F5D9-40ED-AE76-0BBA0A28F46B', N'58ACD54C-A625-49EE-AD71-7DCF3FF14E98', NULL, NULL, 0, NULL, NULL, NULL, N'236.214.90.27', N'2025-06-30 16:04:27'),
(N'CCB87C30-C54C-4771-8547-DFF758D49F66', N'8D79373F-545B-4BCF-A652-451EC71089DF', N'admin_action', N'critical', N'Printer removed from system', NULL, N'18C717AB-83F3-4D15-AA08-6E19B2552B24', NULL, NULL, 0, NULL, NULL, NULL, N'241.192.200.215', N'2025-12-19 16:04:27'),
(N'D387927C-73AB-43CE-A4E9-3F4502BAF6A9', N'8D79373F-545B-4BCF-A652-451EC71089DF', N'print_job', N'info', N'Print job submitted: 1 page(s)', N'E7D4E4F4-F5D9-40ED-AE76-0BBA0A28F46B', N'58ACD54C-A625-49EE-AD71-7DCF3FF14E98', NULL, NULL, 0, NULL, NULL, NULL, N'234.245.132.82', N'2025-11-16 16:04:27'),
(N'8E664CEC-2DE3-45D6-A6C0-B1D711F7F3E6', N'8D79373F-545B-4BCF-A652-451EC71089DF', N'print_job', N'info', N'Print job submitted: 1 page(s)', N'E7D4E4F4-F5D9-40ED-AE76-0BBA0A28F46B', N'58ACD54C-A625-49EE-AD71-7DCF3FF14E98', NULL, NULL, 0, NULL, NULL, NULL, NULL, N'2025-03-22 16:04:27'),
(N'99C73070-FEE9-4350-A68E-061880A7BD93', N'8D79373F-545B-4BCF-A652-451EC71089DF', N'error', N'critical', N'Paper jam detected in paper path', NULL, NULL, N'{"error_type": "PAPER_JAM", "location": "Library & Research Center Room 301"}', N'PAPER_JAM', 1, N'2025-09-23 00:04:27', N'BDDFAEA1-E79B-401B-AE0C-34F60939BDEF', N'Paper tray refilled', NULL, N'2025-09-21 16:04:27'),
(N'E156594D-D8E8-4BDF-8945-D71EB4CD0AFC', N'8D79373F-545B-4BCF-A652-451EC71089DF', N'status_change', N'warning', N'Printer enabled for student use', NULL, NULL, NULL, NULL, 0, NULL, NULL, NULL, NULL, N'2025-02-22 16:04:27'),
(N'96D1B952-05A0-41F4-B18B-B2C842DA511D', N'9F49E8CA-79AE-420F-8EBD-F9A334192648', N'admin_action', N'info', N'Printer added to system', NULL, N'BDDFAEA1-E79B-401B-AE0C-34F60939BDEF', NULL, NULL, 0, NULL, NULL, NULL, N'201.210.241.224', N'2025-03-10 16:04:27'),
(N'5D9574EA-8CD9-409D-8A52-03D47EAB95E3', N'9F49E8CA-79AE-420F-8EBD-F9A334192648', N'print_job', N'info', N'Print job queued successfully', NULL, NULL, NULL, NULL, 0, NULL, NULL, NULL, N'196.182.207.94', N'2025-01-22 16:04:27'),
(N'416F48AC-4357-40A4-8303-A68BED08E15F', N'9F49E8CA-79AE-420F-8EBD-F9A334192648', N'configuration', N'warning', N'Printer name updated', NULL, N'29CF77E6-258C-4A86-B78D-2A94DE508564', NULL, NULL, 0, NULL, NULL, NULL, NULL, N'2025-03-27 16:04:27'),
(N'AA0A0E67-AA26-4B36-99AF-AB94820CB589', N'9F49E8CA-79AE-420F-8EBD-F9A334192648', N'print_job', N'info', N'Print job queued successfully', NULL, NULL, NULL, NULL, 0, NULL, NULL, NULL, N'246.226.71.171', N'2025-12-17 16:04:27'),
(N'C731B138-4597-4DF2-8480-977691BD0D2B', N'9F49E8CA-79AE-420F-8EBD-F9A334192648', N'status_change', N'info', N'Printer status changed to idle', NULL, NULL, NULL, NULL, 0, NULL, NULL, NULL, NULL, N'2025-04-09 16:04:27'),
(N'FEA69D12-FE91-4DDA-9934-ABD1E90BD4CF', N'9F49E8CA-79AE-420F-8EBD-F9A334192648', N'error', N'error', N'Network connection lost', NULL, NULL, N'{"error_type": "NETWORK_ERROR", "location": "Library & Research Center Room 302"}', N'NETWORK_ERROR', 0, NULL, NULL, NULL, NULL, N'2025-10-06 16:04:27'),
(N'F0145487-5A23-467D-8F33-1A4BE0195B20', N'9F49E8CA-79AE-420F-8EBD-F9A334192648', N'maintenance', N'info', N'Scheduled maintenance performed', NULL, N'A8394F12-87AD-48E1-985B-121DC04F4EAB', N'{"maintenance_type": "routine", "location": "Library & Research Center Room 302"}', NULL, 0, NULL, NULL, NULL, NULL, N'2025-06-22 16:04:27'),
(N'87C11372-2386-4B6C-B2EF-4ECF3CE054EF', N'9F49E8CA-79AE-420F-8EBD-F9A334192648', N'error', N'critical', N'Paper tray is empty', NULL, NULL, N'{"error_type": "OUT_OF_PAPER", "location": "Library & Research Center Room 302"}', N'OUT_OF_PAPER', 1, N'2025-05-27 08:04:27', N'7C738365-5A0A-486F-AD02-85D22A431855', N'Issue resolved after maintenance', NULL, N'2025-05-26 16:04:27'),
(N'0B23038F-9982-4887-9A21-BE2B3BB9C6C4', N'9F49E8CA-79AE-420F-8EBD-F9A334192648', N'print_job', N'info', N'Print job queued successfully', NULL, NULL, NULL, NULL, 0, NULL, NULL, NULL, N'197.238.137.191', N'2025-08-22 16:04:27'),
(N'95991BB6-2D66-468A-BBA9-3C6F15AE0D45', N'6AD4F422-080C-49FA-BFD3-A86D6387BD30', N'configuration', N'critical', N'Printer name updated', NULL, N'BDDFAEA1-E79B-401B-AE0C-34F60939BDEF', NULL, NULL, 0, NULL, NULL, NULL, N'221.178.171.42', N'2025-01-08 16:04:27'),
(N'DEE6559B-7CAE-4983-B443-6B3F61A18DA5', N'6AD4F422-080C-49FA-BFD3-A86D6387BD30', N'configuration', N'warning', N'Printer name updated', NULL, N'DA4259F4-4CCC-450C-B6BE-8B983033EDD9', NULL, NULL, 0, NULL, NULL, NULL, N'248.202.243.107', N'2025-04-06 16:04:27'),
(N'92587916-1638-450F-A7A0-F05F49535623', N'6AD4F422-080C-49FA-BFD3-A86D6387BD30', N'print_job', N'info', N'Print job submitted: 1 page(s)', N'092EFADC-5E86-4E82-85A1-85A80F92BD82', N'22261F46-CC7E-4CD0-9ECD-1CDE8BAA53A2', NULL, NULL, 0, NULL, NULL, NULL, NULL, N'2025-04-06 16:04:27'),
(N'C5EFB041-50D7-4034-8F08-28DAB096E49A', N'6AD4F422-080C-49FA-BFD3-A86D6387BD30', N'error', N'critical', N'Paper tray is empty', NULL, NULL, N'{"error_type": "OUT_OF_PAPER", "location": "Library & Research Center Room 303"}', N'OUT_OF_PAPER', 0, NULL, NULL, NULL, NULL, N'2025-06-20 16:04:27'),
(N'2AB846B3-1F20-4315-9495-EC04530329EA', N'6AD4F422-080C-49FA-BFD3-A86D6387BD30', N'status_change', N'info', N'Printer status changed to maintained', NULL, NULL, NULL, NULL, 0, NULL, NULL, NULL, NULL, N'2025-10-17 16:04:27'),
(N'787495D8-4CF7-42C9-B9E7-D69AD4FFAEFB', N'6AD4F422-080C-49FA-BFD3-A86D6387BD30', N'print_job', N'info', N'Print job submitted: 1 page(s)', N'092EFADC-5E86-4E82-85A1-85A80F92BD82', N'22261F46-CC7E-4CD0-9ECD-1CDE8BAA53A2', NULL, NULL, 0, NULL, NULL, NULL, N'255.198.203.189', N'2025-08-13 16:04:27'),
(N'BC1F0EAA-27B6-4AD2-B0B5-E4153C95FE8D', N'6AD4F422-080C-49FA-BFD3-A86D6387BD30', N'print_job', N'info', N'Print job submitted: 1 page(s)', N'092EFADC-5E86-4E82-85A1-85A80F92BD82', N'22261F46-CC7E-4CD0-9ECD-1CDE8BAA53A2', NULL, NULL, 0, NULL, NULL, NULL, N'242.209.51.110', N'2025-02-11 16:04:27'),
(N'63DDA502-15B5-4579-8D91-9161D009B622', N'6AD4F422-080C-49FA-BFD3-A86D6387BD30', N'error', N'error', N'Paper tray is empty', NULL, NULL, N'{"error_type": "OUT_OF_PAPER", "location": "Library & Research Center Room 303"}', N'OUT_OF_PAPER', 0, NULL, NULL, NULL, NULL, N'2025-02-22 16:04:27'),
(N'BD414DE6-B450-4A8A-83E1-E6394471C8EF', N'6AD4F422-080C-49FA-BFD3-A86D6387BD30', N'admin_action', N'error', N'Printer removed from system', NULL, N'253AC6A0-038C-4FE5-B9CF-441A0BA152E2', NULL, NULL, 0, NULL, NULL, NULL, N'211.214.183.104', N'2025-07-22 16:04:27'),
(N'F1A64505-8D77-4133-8AC6-DE079599EBDF', N'6AD4F422-080C-49FA-BFD3-A86D6387BD30', N'maintenance', N'info', N'Toner cartridge replaced', NULL, N'253AC6A0-038C-4FE5-B9CF-441A0BA152E2', N'{"maintenance_type": "routine", "location": "Library & Research Center Room 303"}', NULL, 0, NULL, NULL, NULL, NULL, N'2025-11-08 16:04:27'),
(N'7A20E4FB-FFF0-4751-B500-1E0CE898E410', N'6AD4F422-080C-49FA-BFD3-A86D6387BD30', N'configuration', N'critical', N'Access permissions modified', NULL, N'253AC6A0-038C-4FE5-B9CF-441A0BA152E2', NULL, NULL, 0, NULL, NULL, NULL, N'222.231.69.233', N'2025-06-14 16:04:27'),
(N'031D02B8-38D8-40F8-A2F7-B26552DF7C95', N'6AD4F422-080C-49FA-BFD3-A86D6387BD30', N'status_change', N'error', N'Printer enabled for student use', NULL, N'E23BCC4A-466F-4451-80C1-79AB77D1CDD6', NULL, NULL, 0, NULL, NULL, NULL, NULL, N'2025-05-28 16:04:27'),
(N'C89C0795-376B-4037-AA3E-96AF21A30745', N'6AD4F422-080C-49FA-BFD3-A86D6387BD30', N'maintenance', N'warning', N'Cleaning cycle completed', NULL, N'A87DACDD-DBFE-4CBE-90ED-92BA096A0319', N'{"maintenance_type": "routine", "location": "Library & Research Center Room 303"}', NULL, 0, NULL, NULL, NULL, NULL, N'2025-02-26 16:04:27'),
(N'391A56E6-584C-4BC0-B225-0FBC62635325', N'147159DB-B363-453B-B29A-5ED3A4688C19', N'status_change', N'critical', N'Printer status changed to idle', NULL, NULL, NULL, NULL, 0, NULL, NULL, NULL, NULL, N'2025-08-17 16:04:27'),
(N'314A0DAD-56C5-4E21-A612-AA7E7B3AED46', N'147159DB-B363-453B-B29A-5ED3A4688C19', N'admin_action', N'error', N'Printer removed from system', NULL, N'7C738365-5A0A-486F-AD02-85D22A431855', NULL, NULL, 0, NULL, NULL, NULL, NULL, N'2025-03-30 16:04:27'),
(N'2CD03669-4E76-4FB5-B2BE-880EAFF14F34', N'147159DB-B363-453B-B29A-5ED3A4688C19', N'print_job', N'info', N'Print job queued successfully', NULL, NULL, NULL, NULL, 0, NULL, NULL, NULL, N'253.196.130.44', N'2025-06-24 16:04:27'),
(N'E4C8CBB9-B5C1-4F89-989B-1A134774A28B', N'147159DB-B363-453B-B29A-5ED3A4688C19', N'error', N'critical', N'Printer went offline', NULL, NULL, N'{"error_type": "OFFLINE", "location": "Library & Research Center Room 309"}', N'OFFLINE', 1, N'2025-11-12 20:04:27', N'DA4259F4-4CCC-450C-B6BE-8B983033EDD9', N'Toner cartridge replaced', NULL, N'2025-11-12 16:04:27'),
(N'E573F78C-CDDC-4515-B806-F0F613AA68D6', N'147159DB-B363-453B-B29A-5ED3A4688C19', N'maintenance', N'info', N'Toner cartridge replaced', NULL, N'18C717AB-83F3-4D15-AA08-6E19B2552B24', N'{"maintenance_type": "routine", "location": "Library & Research Center Room 309"}', NULL, 0, NULL, NULL, NULL, NULL, N'2025-07-05 16:04:27'),
(N'6EAFE469-6B43-421F-A004-40FD93B34CC4', N'147159DB-B363-453B-B29A-5ED3A4688C19', N'print_job', N'info', N'Print job submitted: 11 page(s)', N'B3941E54-2CFD-40DB-85F1-32471A1BA2FA', N'5961D952-48A0-46F5-94C7-40EDC2BD02C2', NULL, NULL, 0, NULL, NULL, NULL, N'230.186.183.38', N'2025-05-14 16:04:27'),
(N'10F45205-9B51-4395-9C45-85F7B9033348', N'147159DB-B363-453B-B29A-5ED3A4688C19', N'error', N'critical', N'Paper tray is empty', NULL, NULL, N'{"error_type": "OUT_OF_PAPER", "location": "Library & Research Center Room 309"}', N'OUT_OF_PAPER', 0, NULL, NULL, NULL, NULL, N'2025-10-23 16:04:27'),
(N'C8162020-B15A-45BA-8B4D-6B365C7C8EDD', N'147159DB-B363-453B-B29A-5ED3A4688C19', N'print_job', N'info', N'Print job submitted: 11 page(s)', N'B3941E54-2CFD-40DB-85F1-32471A1BA2FA', N'5961D952-48A0-46F5-94C7-40EDC2BD02C2', NULL, NULL, 0, NULL, NULL, NULL, NULL, N'2025-01-09 16:04:27'),
(N'3B925295-23E0-414C-BD5C-6144C08F0E6D', N'147159DB-B363-453B-B29A-5ED3A4688C19', N'configuration', N'error', N'Access permissions modified', NULL, N'253AC6A0-038C-4FE5-B9CF-441A0BA152E2', NULL, NULL, 0, NULL, NULL, NULL, NULL, N'2025-08-02 16:04:27'),
(N'ECFD8CB4-A6BD-4822-9211-4B9853214ADB', N'147159DB-B363-453B-B29A-5ED3A4688C19', N'admin_action', N'error', N'Printer added to system', NULL, N'18C717AB-83F3-4D15-AA08-6E19B2552B24', NULL, NULL, 0, NULL, NULL, NULL, N'246.227.219.208', N'2025-08-05 16:04:27'),
(N'62946D4B-F20C-4AE5-AA43-6E99DE9AE244', N'147159DB-B363-453B-B29A-5ED3A4688C19', N'maintenance', N'warning', N'Calibration completed', NULL, N'BDDFAEA1-E79B-401B-AE0C-34F60939BDEF', N'{"maintenance_type": "routine", "location": "Library & Research Center Room 309"}', NULL, 0, NULL, NULL, NULL, NULL, N'2025-01-27 16:04:27'),
(N'CB28DD5B-1D17-4E77-AF88-5D0B2C598415', N'147159DB-B363-453B-B29A-5ED3A4688C19', N'configuration', N'warning', N'Printer name updated', NULL, N'840B6566-9FC7-4E30-AD0F-C47A3C877F46', NULL, NULL, 0, NULL, NULL, NULL, N'197.250.125.108', N'2025-03-28 16:04:27'),
(N'44387D48-5AFE-4A03-9620-A3EB4DE838E4', N'147159DB-B363-453B-B29A-5ED3A4688C19', N'maintenance', N'warning', N'Firmware update installed', NULL, N'840B6566-9FC7-4E30-AD0F-C47A3C877F46', N'{"maintenance_type": "routine", "location": "Library & Research Center Room 309"}', NULL, 0, NULL, NULL, NULL, NULL, N'2025-12-07 16:04:27'),
(N'6ACD9512-6438-40E4-8EC6-7B4D3BC2EFA2', N'A784F341-AFA1-48EC-A858-0F103907E07A', N'admin_action', N'critical', N'Printer removed from system', NULL, N'7C738365-5A0A-486F-AD02-85D22A431855', NULL, NULL, 0, NULL, NULL, NULL, N'193.174.130.243', N'2025-03-24 16:04:27'),
(N'EA057BB5-58E3-407C-AE20-0B8EFD7C1092', N'A784F341-AFA1-48EC-A858-0F103907E07A', N'status_change', N'error', N'Printer status changed to maintained', NULL, N'A8394F12-87AD-48E1-985B-121DC04F4EAB', NULL, NULL, 0, NULL, NULL, NULL, NULL, N'2025-03-17 16:04:27'),
(N'D88EC9AF-42B5-4076-8B02-79B26A7D447F', N'A784F341-AFA1-48EC-A858-0F103907E07A', N'maintenance', N'warning', N'Scheduled maintenance performed', NULL, N'E23BCC4A-466F-4451-80C1-79AB77D1CDD6', N'{"maintenance_type": "routine", "location": "Library & Research Center Room 311"}', NULL, 0, NULL, NULL, NULL, NULL, N'2025-01-30 16:04:27'),
(N'6FADDFFD-DACE-42CF-9A0D-0E2112D1ADD0', N'A784F341-AFA1-48EC-A858-0F103907E07A', N'admin_action', N'info', N'Printer model information updated', NULL, N'0A0377EC-F5AC-4DC1-B9B9-94DA7F70DDD0', NULL, NULL, 0, NULL, NULL, NULL, N'206.197.5.59', N'2025-03-17 16:04:27'),
(N'EEC11270-F190-401C-88C3-E8215AED43D1', N'A784F341-AFA1-48EC-A858-0F103907E07A', N'status_change', N'error', N'Printer enabled for student use', NULL, NULL, NULL, NULL, 0, NULL, NULL, NULL, NULL, N'2025-11-08 16:04:27'),
(N'8992EB28-2DB0-465B-BAC5-943D9F62837B', N'A784F341-AFA1-48EC-A858-0F103907E07A', N'status_change', N'warning', N'Printer status changed to printing', NULL, NULL, NULL, NULL, 0, NULL, NULL, NULL, NULL, N'2025-06-15 16:04:27'),
(N'59905457-AB98-455F-9192-24410A09B4DC', N'A784F341-AFA1-48EC-A858-0F103907E07A', N'print_job', N'info', N'Print job submitted: 5 page(s)', N'439BE682-5880-471C-AB6C-C979C8B1E1C2', N'5961D952-48A0-46F5-94C7-40EDC2BD02C2', NULL, NULL, 0, NULL, NULL, NULL, N'240.228.30.162', N'2025-05-13 16:04:27'),
(N'6DAFD0E6-A548-4740-AA01-4B749A95177A', N'A784F341-AFA1-48EC-A858-0F103907E07A', N'error', N'error', N'Network connection lost', NULL, NULL, N'{"error_type": "NETWORK_ERROR", "location": "Library & Research Center Room 311"}', N'NETWORK_ERROR', 1, N'2025-09-03 15:04:27', N'840B6566-9FC7-4E30-AD0F-C47A3C877F46', N'Network connection restored', NULL, N'2025-09-01 16:04:27'),
(N'6A95E7DC-67F1-4E50-9F2B-ADD214C6806A', N'8997EE91-57BF-4128-8744-7258C0EF7129', N'maintenance', N'warning', N'Firmware update installed', NULL, N'BDDFAEA1-E79B-401B-AE0C-34F60939BDEF', N'{"maintenance_type": "routine", "location": "Library & Research Center Room 313"}', NULL, 0, NULL, NULL, NULL, NULL, N'2025-06-07 16:04:27'),
(N'4C298F4B-2F3C-4E13-AD33-6E561D1B69EE', N'8997EE91-57BF-4128-8744-7258C0EF7129', N'print_job', N'info', N'Print job submitted: 9 page(s)', N'FECC1DC3-8CF6-4A0F-8B4B-5D86F7BF6897', N'0BDD044E-CB54-4A3C-9AF1-A2EFCE569DCC', NULL, NULL, 0, NULL, NULL, NULL, N'228.202.140.80', N'2025-11-24 16:04:27'),
(N'1F727274-71BA-42A8-A179-328EC5FE3F98', N'8997EE91-57BF-4128-8744-7258C0EF7129', N'admin_action', N'critical', N'Printer added to system', NULL, N'E23BCC4A-466F-4451-80C1-79AB77D1CDD6', NULL, NULL, 0, NULL, NULL, NULL, N'241.205.20.206', N'2025-10-05 16:04:27'),
(N'BB847190-A7C1-43FA-ABA6-007636AD45E1', N'8997EE91-57BF-4128-8744-7258C0EF7129', N'admin_action', N'error', N'Printer access logs reviewed', NULL, N'E23BCC4A-466F-4451-80C1-79AB77D1CDD6', NULL, NULL, 0, NULL, NULL, NULL, N'254.219.247.39', N'2025-12-04 16:04:27'),
(N'FE7B1164-049F-439E-AE97-B3A2E04D3AB2', N'8997EE91-57BF-4128-8744-7258C0EF7129', N'print_job', N'info', N'Print job submitted: 9 page(s)', N'FECC1DC3-8CF6-4A0F-8B4B-5D86F7BF6897', N'0BDD044E-CB54-4A3C-9AF1-A2EFCE569DCC', NULL, NULL, 0, NULL, NULL, NULL, NULL, N'2025-07-02 16:04:27'),
(N'09459A82-5A6A-44C8-A236-DF9C93D9BEC2', N'8997EE91-57BF-4128-8744-7258C0EF7129', N'status_change', N'warning', N'Printer status changed to idle', NULL, N'29CF77E6-258C-4A86-B78D-2A94DE508564', NULL, NULL, 0, NULL, NULL, NULL, NULL, N'2025-03-19 16:04:27'),
(N'B9AA7643-0103-497B-9BEA-5E34B77CE17C', N'8997EE91-57BF-4128-8744-7258C0EF7129', N'maintenance', N'warning', N'Toner cartridge replaced', NULL, N'A8394F12-87AD-48E1-985B-121DC04F4EAB', N'{"maintenance_type": "routine", "location": "Library & Research Center Room 313"}', NULL, 0, NULL, NULL, NULL, NULL, N'2025-02-02 16:04:27'),
(N'777AC6E6-1359-4ED3-AAE2-93976CD483EA', N'8997EE91-57BF-4128-8744-7258C0EF7129', N'status_change', N'warning', N'Printer disabled for maintenance', NULL, N'DA4259F4-4CCC-450C-B6BE-8B983033EDD9', NULL, NULL, 0, NULL, NULL, NULL, NULL, N'2025-08-23 16:04:27'),
(N'23B460D9-6AF1-4ED1-B34C-EC21A837B829', N'8997EE91-57BF-4128-8744-7258C0EF7129', N'status_change', N'error', N'Printer disabled for maintenance', NULL, N'E23BCC4A-466F-4451-80C1-79AB77D1CDD6', NULL, NULL, 0, NULL, NULL, NULL, NULL, N'2025-07-29 16:04:27'),
(N'C343E96E-7295-427D-81F8-310645F49D9D', N'B5217A88-D9A8-40A7-AC32-5BE1DD2A8355', N'maintenance', N'info', N'Firmware update installed', NULL, N'BDDFAEA1-E79B-401B-AE0C-34F60939BDEF', N'{"maintenance_type": "routine", "location": "Library & Research Center Room 401"}', NULL, 0, NULL, NULL, NULL, NULL, N'2025-12-09 16:04:27'),
(N'8F763059-79B5-41E6-AE92-49496885B868', N'B5217A88-D9A8-40A7-AC32-5BE1DD2A8355', N'status_change', N'critical', N'Printer status changed to maintained', NULL, N'0A0377EC-F5AC-4DC1-B9B9-94DA7F70DDD0', NULL, NULL, 0, NULL, NULL, NULL, NULL, N'2025-10-19 16:04:27'),
(N'7632DC8A-DD86-45FC-A5EA-4E1C8DED6C81', N'B5217A88-D9A8-40A7-AC32-5BE1DD2A8355', N'print_job', N'info', N'Print job submitted: 1 page(s)', N'F30836FF-0E8F-439A-85A1-D8640BB6FACC', N'1882BF3F-F76F-4D48-8319-DF05A22FFE07', NULL, NULL, 0, NULL, NULL, NULL, N'204.193.11.255', N'2025-04-03 16:04:27'),
(N'022D63E2-84AC-4CBF-BCB9-3FCB31045DF5', N'B5217A88-D9A8-40A7-AC32-5BE1DD2A8355', N'admin_action', N'error', N'Printer added to system', NULL, N'29CF77E6-258C-4A86-B78D-2A94DE508564', NULL, NULL, 0, NULL, NULL, NULL, N'238.189.188.251', N'2025-04-25 16:04:27'),
(N'3ADCF7D3-33A9-4EEB-BC08-D2103E0FB7F1', N'B5217A88-D9A8-40A7-AC32-5BE1DD2A8355', N'configuration', N'error', N'Print quality settings adjusted', NULL, N'DA4259F4-4CCC-450C-B6BE-8B983033EDD9', NULL, NULL, 0, NULL, NULL, NULL, N'252.179.16.208', N'2025-05-07 16:04:27'),
(N'FAEAF293-7CD9-40E1-A93D-DF6C01804CC3', N'B5217A88-D9A8-40A7-AC32-5BE1DD2A8355', N'maintenance', N'info', N'Calibration completed', NULL, N'18C717AB-83F3-4D15-AA08-6E19B2552B24', N'{"maintenance_type": "routine", "location": "Library & Research Center Room 401"}', NULL, 0, NULL, NULL, NULL, NULL, N'2025-05-17 16:04:27'),
(N'B99630F2-92DD-422D-A418-A32AFA1DB652', N'B5217A88-D9A8-40A7-AC32-5BE1DD2A8355', N'status_change', N'error', N'Printer enabled for student use', NULL, N'E23BCC4A-466F-4451-80C1-79AB77D1CDD6', NULL, NULL, 0, NULL, NULL, NULL, NULL, N'2025-08-21 16:04:27'),
(N'CC2FE71B-0EE0-4B21-A09B-42E594B338DB', N'B5217A88-D9A8-40A7-AC32-5BE1DD2A8355', N'error', N'critical', N'Paper jam detected in paper path', NULL, NULL, N'{"error_type": "PAPER_JAM", "location": "Library & Research Center Room 401"}', N'PAPER_JAM', 0, NULL, NULL, NULL, NULL, N'2025-07-05 16:04:27'),
(N'6DCE548A-3795-462E-97F6-07749520D8D0', N'B5217A88-D9A8-40A7-AC32-5BE1DD2A8355', N'error', N'critical', N'Printer went offline', NULL, NULL, N'{"error_type": "OFFLINE", "location": "Library & Research Center Room 401"}', N'OFFLINE', 1, N'2025-07-09 04:04:27', N'BDDFAEA1-E79B-401B-AE0C-34F60939BDEF', N'Network connection restored', NULL, N'2025-07-07 16:04:27'),
(N'81C02650-AFF0-4F4D-B783-AD7028C25BC1', N'B5217A88-D9A8-40A7-AC32-5BE1DD2A8355', N'status_change', N'critical', N'Printer disabled for maintenance', NULL, N'E23BCC4A-466F-4451-80C1-79AB77D1CDD6', NULL, NULL, 0, NULL, NULL, NULL, NULL, N'2025-08-29 16:04:27'),
(N'BFE6D689-9836-4120-AF58-F0B2BC980525', N'B5217A88-D9A8-40A7-AC32-5BE1DD2A8355', N'print_job', N'info', N'Print job submitted: 1 page(s)', N'F30836FF-0E8F-439A-85A1-D8640BB6FACC', N'1882BF3F-F76F-4D48-8319-DF05A22FFE07', NULL, NULL, 0, NULL, NULL, NULL, N'212.211.89.174', N'2025-08-15 16:04:27'),
(N'CE3FDB58-5664-43CB-ABCD-5D26FC62E6FB', N'B5217A88-D9A8-40A7-AC32-5BE1DD2A8355', N'status_change', N'info', N'Printer disabled for maintenance', NULL, N'29CF77E6-258C-4A86-B78D-2A94DE508564', NULL, NULL, 0, NULL, NULL, NULL, NULL, N'2025-06-25 16:04:27'),
(N'C16A1F99-7144-4796-A00B-A98D41CEA836', N'B5217A88-D9A8-40A7-AC32-5BE1DD2A8355', N'maintenance', N'warning', N'Firmware update installed', NULL, N'7C738365-5A0A-486F-AD02-85D22A431855', N'{"maintenance_type": "routine", "location": "Library & Research Center Room 401"}', NULL, 0, NULL, NULL, NULL, NULL, N'2025-12-21 16:04:27'),
(N'C59C079B-1BE3-4C60-9A69-E4F869042EDD', N'B5217A88-D9A8-40A7-AC32-5BE1DD2A8355', N'print_job', N'info', N'Print job queued successfully', NULL, NULL, NULL, NULL, 0, NULL, NULL, NULL, N'212.184.50.203', N'2025-02-28 16:04:27'),
(N'B976AC01-8A49-4A25-A226-CBAA8A7BD41B', N'B5217A88-D9A8-40A7-AC32-5BE1DD2A8355', N'maintenance', N'warning', N'Firmware update installed', NULL, N'18C717AB-83F3-4D15-AA08-6E19B2552B24', N'{"maintenance_type": "routine", "location": "Library & Research Center Room 401"}', NULL, 0, NULL, NULL, NULL, NULL, N'2025-02-20 16:04:27'),
(N'87DE9141-C5BB-4C56-8DE1-0F4523B47865', N'E35FE5D7-BDFC-4CDC-9C54-E9E9E301E80C', N'error', N'error', N'Paper tray is empty', NULL, NULL, N'{"error_type": "OUT_OF_PAPER", "location": "Library & Research Center Room 402"}', N'OUT_OF_PAPER', 1, N'2025-10-04 08:04:27', N'E23BCC4A-466F-4451-80C1-79AB77D1CDD6', N'Hardware reset performed', NULL, N'2025-10-03 16:04:27'),
(N'A91F2C9D-6AEA-4514-A0A5-CDE837B58537', N'E35FE5D7-BDFC-4CDC-9C54-E9E9E301E80C', N'configuration', N'critical', N'Print quality settings adjusted', NULL, N'840B6566-9FC7-4E30-AD0F-C47A3C877F46', NULL, NULL, 0, NULL, NULL, NULL, N'210.185.70.227', N'2025-02-02 16:04:27'),
(N'00A3E99D-89E4-48E0-A81E-64166171A8D3', N'E35FE5D7-BDFC-4CDC-9C54-E9E9E301E80C', N'admin_action', N'info', N'Printer location updated', NULL, N'7C738365-5A0A-486F-AD02-85D22A431855', NULL, NULL, 0, NULL, NULL, NULL, N'244.175.212.251', N'2025-12-07 16:04:27'),
(N'B36C325D-0752-4E27-ACBB-E07DA5AC72C8', N'E35FE5D7-BDFC-4CDC-9C54-E9E9E301E80C', N'error', N'critical', N'Network connection lost', NULL, NULL, N'{"error_type": "NETWORK_ERROR", "location": "Library & Research Center Room 402"}', N'NETWORK_ERROR', 1, N'2025-02-05 14:04:27', N'DA4259F4-4CCC-450C-B6BE-8B983033EDD9', N'Paper tray refilled', NULL, N'2025-02-04 16:04:27'),
(N'4D905646-ACAE-4FB8-B8E7-400DD024C74B', N'E35FE5D7-BDFC-4CDC-9C54-E9E9E301E80C', N'admin_action', N'info', N'Printer access logs reviewed', NULL, N'A8394F12-87AD-48E1-985B-121DC04F4EAB', NULL, NULL, 0, NULL, NULL, NULL, N'223.212.193.193', N'2025-10-19 16:04:27'),
(N'C049D846-4B5F-4385-866B-E8DF4E631E43', N'E35FE5D7-BDFC-4CDC-9C54-E9E9E301E80C', N'maintenance', N'info', N'Scheduled maintenance performed', NULL, N'840B6566-9FC7-4E30-AD0F-C47A3C877F46', N'{"maintenance_type": "routine", "location": "Library & Research Center Room 402"}', NULL, 0, NULL, NULL, NULL, NULL, N'2025-09-04 16:04:27'),
(N'2E933575-BE88-4D7E-A7CD-982BED2D867B', N'E35FE5D7-BDFC-4CDC-9C54-E9E9E301E80C', N'status_change', N'info', N'Printer status changed to printing', NULL, NULL, NULL, NULL, 0, NULL, NULL, NULL, NULL, N'2025-05-26 16:04:27'),
(N'B4B66DC0-F81C-42FF-8733-7FE0B8BD135A', N'E35FE5D7-BDFC-4CDC-9C54-E9E9E301E80C', N'status_change', N'error', N'Printer enabled for student use', NULL, NULL, NULL, NULL, 0, NULL, NULL, NULL, NULL, N'2025-09-30 16:04:27'),
(N'B38E724E-2B7C-4700-9583-27B4210C1161', N'E35FE5D7-BDFC-4CDC-9C54-E9E9E301E80C', N'error', N'critical', N'Printer door is open', NULL, NULL, N'{"error_type": "DOOR_OPEN", "location": "Library & Research Center Room 402"}', N'DOOR_OPEN', 0, NULL, NULL, NULL, NULL, N'2025-05-06 16:04:27'),
(N'E23D3CEF-BC23-44D0-B915-30724E6B9E73', N'E35FE5D7-BDFC-4CDC-9C54-E9E9E301E80C', N'print_job', N'info', N'Print job queued successfully', NULL, NULL, NULL, NULL, 0, NULL, NULL, NULL, N'207.170.176.107', N'2025-08-16 16:04:27'),
(N'F74F1591-E8B8-407A-A637-4528D15B94F3', N'E35FE5D7-BDFC-4CDC-9C54-E9E9E301E80C', N'maintenance', N'warning', N'Scheduled maintenance performed', NULL, N'BDDFAEA1-E79B-401B-AE0C-34F60939BDEF', N'{"maintenance_type": "routine", "location": "Library & Research Center Room 402"}', NULL, 0, NULL, NULL, NULL, NULL, N'2025-08-16 16:04:27'),
(N'5709C711-7FCF-4AB3-ACB6-6AFBF45A1827', N'E35FE5D7-BDFC-4CDC-9C54-E9E9E301E80C', N'maintenance', N'warning', N'Paper tray refilled', NULL, N'BDDFAEA1-E79B-401B-AE0C-34F60939BDEF', N'{"maintenance_type": "routine", "location": "Library & Research Center Room 402"}', NULL, 0, NULL, NULL, NULL, NULL, N'2025-06-21 16:04:27'),
(N'04D46427-AD72-490F-ABDF-4F7E604E4377', N'E35FE5D7-BDFC-4CDC-9C54-E9E9E301E80C', N'configuration', N'warning', N'Access permissions modified', NULL, N'253AC6A0-038C-4FE5-B9CF-441A0BA152E2', NULL, NULL, 0, NULL, NULL, NULL, N'195.169.141.144', N'2025-04-19 16:04:27'),
(N'31E83E0C-DD5C-4807-B22E-A860156E7462', N'E35FE5D7-BDFC-4CDC-9C54-E9E9E301E80C', N'status_change', N'critical', N'Printer status changed to idle', NULL, N'29CF77E6-258C-4A86-B78D-2A94DE508564', NULL, NULL, 0, NULL, NULL, NULL, NULL, N'2025-01-25 16:04:27'),
(N'8C17969A-4EFB-409A-91DA-F5DB9F2F7DDD', N'35D5444B-5FA4-41EA-88B6-739163F04EFC', N'maintenance', N'info', N'Cleaning cycle completed', NULL, N'840B6566-9FC7-4E30-AD0F-C47A3C877F46', N'{"maintenance_type": "routine", "location": "Library & Research Center Room 403"}', NULL, 0, NULL, NULL, NULL, NULL, N'2025-07-12 16:04:27'),
(N'CC049CB6-3384-4238-8D5A-D5DD402EA115', N'35D5444B-5FA4-41EA-88B6-739163F04EFC', N'configuration', N'info', N'Access permissions modified', NULL, N'18C717AB-83F3-4D15-AA08-6E19B2552B24', NULL, NULL, 0, NULL, NULL, NULL, NULL, N'2025-06-12 16:04:27'),
(N'2C73A1C6-D45D-4406-85CD-9DC3E198EADF', N'35D5444B-5FA4-41EA-88B6-739163F04EFC', N'maintenance', N'info', N'Toner cartridge replaced', NULL, N'18C717AB-83F3-4D15-AA08-6E19B2552B24', N'{"maintenance_type": "routine", "location": "Library & Research Center Room 403"}', NULL, 0, NULL, NULL, NULL, NULL, N'2025-01-12 16:04:27'),
(N'B40D91ED-7340-4722-B74F-7EAED71BC4A1', N'35D5444B-5FA4-41EA-88B6-739163F04EFC', N'print_job', N'info', N'Print job queued successfully', NULL, NULL, NULL, NULL, 0, NULL, NULL, NULL, NULL, N'2025-06-04 16:04:27'),
(N'1C6A47F0-950C-4B4E-950B-5B29CA17BC1D', N'35D5444B-5FA4-41EA-88B6-739163F04EFC', N'admin_action', N'info', N'Printer added to system', NULL, N'A8394F12-87AD-48E1-985B-121DC04F4EAB', NULL, NULL, 0, NULL, NULL, NULL, NULL, N'2025-01-26 16:04:27'),
(N'7771F569-1F87-4938-94DD-B38A3A926E17', N'35D5444B-5FA4-41EA-88B6-739163F04EFC', N'print_job', N'info', N'Print job queued successfully', NULL, NULL, NULL, NULL, 0, NULL, NULL, NULL, N'252.201.139.145', N'2025-05-09 16:04:27'),
(N'F1716F0D-76C5-4A3B-A080-D784DABC693E', N'F6EB3950-AFEA-455B-8B2F-033155F12E8D', N'admin_action', N'warning', N'Printer model information updated', NULL, N'E23BCC4A-466F-4451-80C1-79AB77D1CDD6', NULL, NULL, 0, NULL, NULL, NULL, N'249.226.65.114', N'2025-01-31 16:04:27'),
(N'D9322FC6-D6D0-4FCA-A1FD-0AF6ACC2B51B', N'F6EB3950-AFEA-455B-8B2F-033155F12E8D', N'status_change', N'error', N'Printer status changed to printing', NULL, N'0A0377EC-F5AC-4DC1-B9B9-94DA7F70DDD0', NULL, NULL, 0, NULL, NULL, NULL, NULL, N'2025-05-21 16:04:27'),
(N'3BEB4B3F-F841-49D2-89C1-DBD6117A6976', N'F6EB3950-AFEA-455B-8B2F-033155F12E8D', N'error', N'critical', N'Network connection lost', NULL, NULL, N'{"error_type": "NETWORK_ERROR", "location": "Library & Research Center Room 408"}', N'NETWORK_ERROR', 1, N'2025-01-13 12:04:27', N'7C738365-5A0A-486F-AD02-85D22A431855', N'Network connection restored', NULL, N'2025-01-12 16:04:27'),
(N'6A61311A-369C-4295-9DDD-85FE89DBA350', N'F6EB3950-AFEA-455B-8B2F-033155F12E8D', N'status_change', N'warning', N'Printer status changed to printing', NULL, NULL, NULL, NULL, 0, NULL, NULL, NULL, NULL, N'2025-11-22 16:04:27'),
(N'8633E072-4559-4590-80F1-5931A21043E4', N'F6EB3950-AFEA-455B-8B2F-033155F12E8D', N'admin_action', N'info', N'Printer removed from system', NULL, N'253AC6A0-038C-4FE5-B9CF-441A0BA152E2', NULL, NULL, 0, NULL, NULL, NULL, NULL, N'2025-03-11 16:04:27'),
(N'A6357D33-20FF-49B5-93A3-246F338073B2', N'F6EB3950-AFEA-455B-8B2F-033155F12E8D', N'print_job', N'info', N'Print job submitted: 2 page(s)', N'29B55414-C6DE-48E5-97D5-6FC686489D7A', N'694027FC-8213-4365-BE48-E6BEF174483D', NULL, NULL, 0, NULL, NULL, NULL, NULL, N'2025-07-25 16:04:27'),
(N'CAC1FA27-7AC2-4844-991D-F672B87A7786', N'F6EB3950-AFEA-455B-8B2F-033155F12E8D', N'maintenance', N'info', N'Paper tray refilled', NULL, N'DA4259F4-4CCC-450C-B6BE-8B983033EDD9', N'{"maintenance_type": "routine", "location": "Library & Research Center Room 408"}', NULL, 0, NULL, NULL, NULL, NULL, N'2025-05-08 16:04:27'),
(N'F463617C-BB7B-4938-ACDD-72937D971664', N'F6EB3950-AFEA-455B-8B2F-033155F12E8D', N'admin_action', N'critical', N'Printer removed from system', NULL, N'A8394F12-87AD-48E1-985B-121DC04F4EAB', NULL, NULL, 0, NULL, NULL, NULL, N'250.228.34.173', N'2025-11-14 16:04:27'),
(N'05FA3D2B-E5F0-46BC-A49A-E9E0772B27C2', N'F6EB3950-AFEA-455B-8B2F-033155F12E8D', N'configuration', N'info', N'Access permissions modified', NULL, N'18C717AB-83F3-4D15-AA08-6E19B2552B24', NULL, NULL, 0, NULL, NULL, NULL, N'201.217.58.65', N'2025-03-16 16:04:27'),
(N'90B92964-ABE4-4CAA-A2E0-D69443B729DE', N'F6EB3950-AFEA-455B-8B2F-033155F12E8D', N'status_change', N'info', N'Printer disabled for maintenance', NULL, N'DA4259F4-4CCC-450C-B6BE-8B983033EDD9', NULL, NULL, 0, NULL, NULL, NULL, NULL, N'2025-08-30 16:04:27'),
(N'305E0DB6-B29C-405B-999B-1FA2CCB89540', N'F6EB3950-AFEA-455B-8B2F-033155F12E8D', N'maintenance', N'info', N'Toner cartridge replaced', NULL, N'A87DACDD-DBFE-4CBE-90ED-92BA096A0319', N'{"maintenance_type": "routine", "location": "Library & Research Center Room 408"}', NULL, 0, NULL, NULL, NULL, NULL, N'2025-02-24 16:04:27'),
(N'F6DFBE22-3BA2-4534-B217-47E6989C2436', N'F6EB3950-AFEA-455B-8B2F-033155F12E8D', N'status_change', N'error', N'Printer status changed to maintained', NULL, NULL, NULL, NULL, 0, NULL, NULL, NULL, NULL, N'2025-02-17 16:04:27'),
(N'3C45776C-57B5-4B09-A89B-0D5994869D15', N'F6EB3950-AFEA-455B-8B2F-033155F12E8D', N'status_change', N'info', N'Printer status changed to idle', NULL, N'BDDFAEA1-E79B-401B-AE0C-34F60939BDEF', NULL, NULL, 0, NULL, NULL, NULL, NULL, N'2025-10-20 16:04:27'),
(N'31074CE7-76B3-402A-B124-31FE11017293', N'F6EB3950-AFEA-455B-8B2F-033155F12E8D', N'admin_action', N'critical', N'Printer model information updated', NULL, N'253AC6A0-038C-4FE5-B9CF-441A0BA152E2', NULL, NULL, 0, NULL, NULL, NULL, NULL, N'2025-08-05 16:04:27'),
(N'F0F40A22-1440-4C4C-8857-A12EF5AFA405', N'96277B92-9D57-4396-B44A-9FD77428461A', N'configuration', N'error', N'Print quality settings adjusted', NULL, N'A8394F12-87AD-48E1-985B-121DC04F4EAB', NULL, NULL, 0, NULL, NULL, NULL, NULL, N'2025-04-11 16:04:27'),
(N'504988E4-A3D6-49F8-93DA-6F8338C23220', N'96277B92-9D57-4396-B44A-9FD77428461A', N'configuration', N'error', N'Printer network settings updated', NULL, N'BDDFAEA1-E79B-401B-AE0C-34F60939BDEF', NULL, NULL, 0, NULL, NULL, NULL, N'218.211.63.96', N'2025-07-27 16:04:27'),
(N'006762EE-F324-45F3-BA66-8072B2BB4C31', N'96277B92-9D57-4396-B44A-9FD77428461A', N'status_change', N'info', N'Printer enabled for student use', NULL, N'A8394F12-87AD-48E1-985B-121DC04F4EAB', NULL, NULL, 0, NULL, NULL, NULL, NULL, N'2025-01-02 16:04:27'),
(N'23BE70FC-B937-46A7-9EB2-B92D4932DC8F', N'96277B92-9D57-4396-B44A-9FD77428461A', N'error', N'error', N'Toner level is low', NULL, NULL, N'{"error_type": "LOW_TONER", "location": "Library & Research Center Room 410"}', N'LOW_TONER', 0, NULL, NULL, NULL, NULL, N'2025-08-27 16:04:27'),
(N'6D22F1CE-7827-4EDD-97E9-55FFC8BBD183', N'96277B92-9D57-4396-B44A-9FD77428461A', N'admin_action', N'error', N'Printer access logs reviewed', NULL, N'18C717AB-83F3-4D15-AA08-6E19B2552B24', NULL, NULL, 0, NULL, NULL, NULL, NULL, N'2025-11-07 16:04:27'),
(N'5A86C906-2F2D-461A-B540-E46B6E45DF32', N'96277B92-9D57-4396-B44A-9FD77428461A', N'configuration', N'info', N'Printer name updated', NULL, N'E23BCC4A-466F-4451-80C1-79AB77D1CDD6', NULL, NULL, 0, NULL, NULL, NULL, N'215.236.12.79', N'2025-04-18 16:04:27'),
(N'679882A2-C609-468C-A2D0-6C4E2FDE5BBA', N'96277B92-9D57-4396-B44A-9FD77428461A', N'status_change', N'warning', N'Printer status changed to idle', NULL, N'29CF77E6-258C-4A86-B78D-2A94DE508564', NULL, NULL, 0, NULL, NULL, NULL, NULL, N'2025-03-20 16:04:27'),
(N'EF2C1B15-322C-4AFD-A41F-A7053AB04D06', N'96277B92-9D57-4396-B44A-9FD77428461A', N'configuration', N'info', N'Access permissions modified', NULL, N'7C738365-5A0A-486F-AD02-85D22A431855', NULL, NULL, 0, NULL, NULL, NULL, N'244.243.247.148', N'2025-03-25 16:04:27'),
(N'CEE64E7A-411B-4A16-B15B-541A1A16DE5E', N'96277B92-9D57-4396-B44A-9FD77428461A', N'configuration', N'critical', N'Printer name updated', NULL, N'29CF77E6-258C-4A86-B78D-2A94DE508564', NULL, NULL, 0, NULL, NULL, NULL, NULL, N'2025-11-03 16:04:27'),
(N'B41783A9-CA68-472A-92B0-237EE26C6587', N'96277B92-9D57-4396-B44A-9FD77428461A', N'print_job', N'info', N'Print job queued successfully', NULL, NULL, NULL, NULL, 0, NULL, NULL, NULL, N'250.216.170.37', N'2025-12-05 16:04:27'),
(N'94504EAD-4DB1-44B3-A38D-1302039A56AF', N'96277B92-9D57-4396-B44A-9FD77428461A', N'configuration', N'warning', N'Printer name updated', NULL, N'253AC6A0-038C-4FE5-B9CF-441A0BA152E2', NULL, NULL, 0, NULL, NULL, NULL, N'193.235.36.31', N'2025-06-28 16:04:27'),
(N'FADC5763-25C5-4955-84FE-4E8E5C7D5CC0', N'96277B92-9D57-4396-B44A-9FD77428461A', N'print_job', N'info', N'Print job queued successfully', NULL, NULL, NULL, NULL, 0, NULL, NULL, NULL, NULL, N'2025-08-13 16:04:27'),
(N'A6C1891E-31D0-4C70-961A-84222E2CD84B', N'AA775076-B36F-458B-9DC5-D745C6DAA598', N'status_change', N'warning', N'Printer status changed to printing', NULL, N'A87DACDD-DBFE-4CBE-90ED-92BA096A0319', NULL, NULL, 0, NULL, NULL, NULL, NULL, N'2025-04-18 16:04:27'),
(N'0B889CC9-577E-4091-B5B0-EC7030DD886F', N'AA775076-B36F-458B-9DC5-D745C6DAA598', N'admin_action', N'critical', N'Printer access logs reviewed', NULL, N'18C717AB-83F3-4D15-AA08-6E19B2552B24', NULL, NULL, 0, NULL, NULL, NULL, N'235.252.255.91', N'2025-09-17 16:04:27'),
(N'6A943C7B-27D3-4518-9160-A952D9E5A83A', N'AA775076-B36F-458B-9DC5-D745C6DAA598', N'admin_action', N'warning', N'Printer model information updated', NULL, N'A87DACDD-DBFE-4CBE-90ED-92BA096A0319', NULL, NULL, 0, NULL, NULL, NULL, NULL, N'2025-07-27 16:04:27'),
(N'918CF402-7474-46FC-AC49-3E8161C4B856', N'AA775076-B36F-458B-9DC5-D745C6DAA598', N'configuration', N'warning', N'Printer name updated', NULL, N'253AC6A0-038C-4FE5-B9CF-441A0BA152E2', NULL, NULL, 0, NULL, NULL, NULL, N'235.203.44.156', N'2025-07-21 16:04:27'),
(N'84EE50A5-B7EF-4B1F-A736-F2C188CD8D18', N'AA775076-B36F-458B-9DC5-D745C6DAA598', N'status_change', N'warning', N'Printer status changed to idle', NULL, N'DA4259F4-4CCC-450C-B6BE-8B983033EDD9', NULL, NULL, 0, NULL, NULL, NULL, NULL, N'2025-12-23 16:04:27'),
(N'2F8839F4-976A-4B13-BB7E-66702829BCDE', N'AA775076-B36F-458B-9DC5-D745C6DAA598', N'print_job', N'info', N'Print job queued successfully', NULL, NULL, NULL, NULL, 0, NULL, NULL, NULL, NULL, N'2025-12-23 16:04:27'),
(N'80296BCC-F3A2-4A6C-8F8C-9B60D9FE792C', N'AA775076-B36F-458B-9DC5-D745C6DAA598', N'error', N'critical', N'Toner cartridge is empty', NULL, NULL, N'{"error_type": "OUT_OF_TONER", "location": "Library & Research Center Room 411"}', N'OUT_OF_TONER', 0, NULL, NULL, NULL, NULL, N'2025-12-18 16:04:27'),
(N'ED1A5A79-BD0E-4B62-BEC4-6C5DADBD1657', N'AA775076-B36F-458B-9DC5-D745C6DAA598', N'status_change', N'warning', N'Printer status changed to idle', NULL, NULL, NULL, NULL, 0, NULL, NULL, NULL, NULL, N'2024-12-30 16:04:27'),
(N'B63688EB-AF8E-4BC4-A22D-661BB8B143F6', N'AA775076-B36F-458B-9DC5-D745C6DAA598', N'configuration', N'warning', N'Default paper size changed', NULL, N'A87DACDD-DBFE-4CBE-90ED-92BA096A0319', NULL, NULL, 0, NULL, NULL, NULL, N'248.234.66.49', N'2025-02-19 16:04:27'),
(N'E5ACBADF-ECC7-4D05-B60D-77305F16DF1E', N'AA775076-B36F-458B-9DC5-D745C6DAA598', N'error', N'critical', N'Toner cartridge is empty', NULL, NULL, N'{"error_type": "OUT_OF_TONER", "location": "Library & Research Center Room 411"}', N'OUT_OF_TONER', 1, N'2025-01-26 16:04:27', N'A87DACDD-DBFE-4CBE-90ED-92BA096A0319', N'Toner cartridge replaced', NULL, N'2025-01-24 16:04:27'),
(N'4AA6E247-7501-4DAF-9219-6D622DB42560', N'AA775076-B36F-458B-9DC5-D745C6DAA598', N'error', N'error', N'Toner level is low', NULL, NULL, N'{"error_type": "LOW_TONER", "location": "Library & Research Center Room 411"}', N'LOW_TONER', 1, N'2025-12-12 15:04:27', N'840B6566-9FC7-4E30-AD0F-C47A3C877F46', N'Issue resolved after maintenance', NULL, N'2025-12-10 16:04:27'),
(N'07CA155C-D619-46E3-A2C1-C9D5A2DB1ADD', N'AA775076-B36F-458B-9DC5-D745C6DAA598', N'error', N'critical', N'Toner cartridge is empty', NULL, NULL, N'{"error_type": "OUT_OF_TONER", "location": "Library & Research Center Room 411"}', N'OUT_OF_TONER', 1, N'2025-01-01 08:04:27', N'0A0377EC-F5AC-4DC1-B9B9-94DA7F70DDD0', N'Paper tray refilled', NULL, N'2024-12-31 16:04:27'),
(N'37206991-2CEF-48B9-8390-FF639DF0A6F7', N'AA775076-B36F-458B-9DC5-D745C6DAA598', N'status_change', N'error', N'Printer status changed to idle', NULL, NULL, NULL, NULL, 0, NULL, NULL, NULL, NULL, N'2025-08-11 16:04:27'),
(N'57D7A1D9-D0B6-4094-9EC5-2D284D2BC603', N'AA775076-B36F-458B-9DC5-D745C6DAA598', N'status_change', N'warning', N'Printer status changed to maintained', NULL, N'E23BCC4A-466F-4451-80C1-79AB77D1CDD6', NULL, NULL, 0, NULL, NULL, NULL, NULL, N'2025-09-29 16:04:27'),
(N'FFC293F9-4A6A-4BF5-BAB8-3B6AA380AA4D', N'AA775076-B36F-458B-9DC5-D745C6DAA598', N'maintenance', N'info', N'Calibration completed', NULL, N'840B6566-9FC7-4E30-AD0F-C47A3C877F46', N'{"maintenance_type": "routine", "location": "Library & Research Center Room 411"}', NULL, 0, NULL, NULL, NULL, NULL, N'2025-06-13 16:04:27'),
(N'9A05BF26-C1F7-47F6-8823-8D336065AC72', N'B85CECBC-7699-4BBF-90F9-4F68EE482EE5', N'maintenance', N'warning', N'Scheduled maintenance performed', NULL, N'A8394F12-87AD-48E1-985B-121DC04F4EAB', N'{"maintenance_type": "routine", "location": "Library & Research Center Room 501"}', NULL, 0, NULL, NULL, NULL, NULL, N'2025-03-11 16:04:27'),
(N'165605B7-CA52-4E44-BE42-A015E5135E73', N'B85CECBC-7699-4BBF-90F9-4F68EE482EE5', N'admin_action', N'critical', N'Printer added to system', NULL, N'29CF77E6-258C-4A86-B78D-2A94DE508564', NULL, NULL, 0, NULL, NULL, NULL, N'206.243.144.21', N'2025-12-02 16:04:27'),
(N'78065EE4-4CB9-43EC-8E58-D08CDC710D8D', N'B85CECBC-7699-4BBF-90F9-4F68EE482EE5', N'admin_action', N'warning', N'Printer model information updated', NULL, N'253AC6A0-038C-4FE5-B9CF-441A0BA152E2', NULL, NULL, 0, NULL, NULL, NULL, N'198.248.93.144', N'2025-08-09 16:04:27'),
(N'B3872D0B-3D2E-4021-880E-205B27EB68C4', N'B85CECBC-7699-4BBF-90F9-4F68EE482EE5', N'error', N'error', N'Printer door is open', NULL, NULL, N'{"error_type": "DOOR_OPEN", "location": "Library & Research Center Room 501"}', N'DOOR_OPEN', 0, NULL, NULL, NULL, NULL, N'2025-05-26 16:04:27'),
(N'37CCC117-00B1-442D-AC43-F87F9E18C6EA', N'B85CECBC-7699-4BBF-90F9-4F68EE482EE5', N'print_job', N'info', N'Print job submitted: 1 page(s)', N'9788597D-A9A8-4002-8844-BBABF5CC473F', N'22261F46-CC7E-4CD0-9ECD-1CDE8BAA53A2', NULL, NULL, 0, NULL, NULL, NULL, NULL, N'2025-04-21 16:04:27'),
(N'B53CB4CA-24A8-4F91-A56E-1364096FD538', N'F64254E0-C2A3-45D1-AEE6-1437B06C21DA', N'admin_action', N'info', N'Printer access logs reviewed', NULL, N'DA4259F4-4CCC-450C-B6BE-8B983033EDD9', NULL, NULL, 0, NULL, NULL, NULL, N'255.229.26.111', N'2025-09-25 16:04:27'),
(N'552D7056-1649-41F8-B611-4004ABD613B3', N'F64254E0-C2A3-45D1-AEE6-1437B06C21DA', N'maintenance', N'info', N'Firmware update installed', NULL, N'253AC6A0-038C-4FE5-B9CF-441A0BA152E2', N'{"maintenance_type": "routine", "location": "Library & Research Center Room 503"}', NULL, 0, NULL, NULL, NULL, NULL, N'2025-01-21 16:04:27'),
(N'8645351E-53B0-47D3-9307-1E88919DCF63', N'F64254E0-C2A3-45D1-AEE6-1437B06C21DA', N'print_job', N'info', N'Print job submitted: 1 page(s)', N'1106B4B4-984F-4CAD-B142-67060DFD6D74', N'58ACD54C-A625-49EE-AD71-7DCF3FF14E98', NULL, NULL, 0, NULL, NULL, NULL, NULL, N'2025-03-14 16:04:27'),
(N'7884FE46-26C0-4959-92B3-B4795A898C3A', N'F64254E0-C2A3-45D1-AEE6-1437B06C21DA', N'print_job', N'info', N'Print job submitted: 1 page(s)', N'1106B4B4-984F-4CAD-B142-67060DFD6D74', N'58ACD54C-A625-49EE-AD71-7DCF3FF14E98', NULL, NULL, 0, NULL, NULL, NULL, NULL, N'2025-02-17 16:04:27'),
(N'8571F385-4EEB-419B-833E-2CDEFBBA5D04', N'F64254E0-C2A3-45D1-AEE6-1437B06C21DA', N'admin_action', N'critical', N'Printer access logs reviewed', NULL, N'29CF77E6-258C-4A86-B78D-2A94DE508564', NULL, NULL, 0, NULL, NULL, NULL, N'225.168.56.15', N'2025-10-12 16:04:27'),
(N'3EDFDE47-DBFE-4486-9CDD-A1B61F84A08A', N'F64254E0-C2A3-45D1-AEE6-1437B06C21DA', N'configuration', N'critical', N'Default paper size changed', NULL, N'29CF77E6-258C-4A86-B78D-2A94DE508564', NULL, NULL, 0, NULL, NULL, NULL, N'235.223.31.95', N'2025-06-20 16:04:27'),
(N'27E03536-BAD0-4E1F-BF23-2BF7EC94EAD3', N'F64254E0-C2A3-45D1-AEE6-1437B06C21DA', N'status_change', N'info', N'Printer enabled for student use', NULL, N'0A0377EC-F5AC-4DC1-B9B9-94DA7F70DDD0', NULL, NULL, 0, NULL, NULL, NULL, NULL, N'2025-05-29 16:04:27'),
(N'1CD8CCB4-119C-4440-92F0-717BD2ABB00C', N'F64254E0-C2A3-45D1-AEE6-1437B06C21DA', N'admin_action', N'error', N'Printer added to system', NULL, N'7C738365-5A0A-486F-AD02-85D22A431855', NULL, NULL, 0, NULL, NULL, NULL, N'230.245.221.173', N'2025-01-09 16:04:27'),
(N'A93EE0ED-C4B3-45CD-A379-C1BBBA8E77BE', N'F64254E0-C2A3-45D1-AEE6-1437B06C21DA', N'maintenance', N'info', N'Cleaning cycle completed', NULL, N'7C738365-5A0A-486F-AD02-85D22A431855', N'{"maintenance_type": "routine", "location": "Library & Research Center Room 503"}', NULL, 0, NULL, NULL, NULL, NULL, N'2025-12-09 16:04:27'),
(N'C6DF52AF-FB4D-4F08-941B-055DA6D01FFE', N'F64254E0-C2A3-45D1-AEE6-1437B06C21DA', N'admin_action', N'error', N'Printer removed from system', NULL, N'A8394F12-87AD-48E1-985B-121DC04F4EAB', NULL, NULL, 0, NULL, NULL, NULL, N'194.248.143.250', N'2025-04-02 16:04:27'),
(N'B86EEE43-60BD-4EDB-89F6-335E360AF767', N'F64254E0-C2A3-45D1-AEE6-1437B06C21DA', N'status_change', N'info', N'Printer enabled for student use', NULL, NULL, NULL, NULL, 0, NULL, NULL, NULL, NULL, N'2025-06-07 16:04:27'),
(N'AAF58D23-DE7E-4719-AD22-D928707390B8', N'F64254E0-C2A3-45D1-AEE6-1437B06C21DA', N'admin_action', N'critical', N'Printer model information updated', NULL, N'253AC6A0-038C-4FE5-B9CF-441A0BA152E2', NULL, NULL, 0, NULL, NULL, NULL, N'212.169.58.156', N'2025-09-08 16:04:27'),
(N'6C2C1210-8452-4A1D-8DD6-F8BEB8A84417', N'F64254E0-C2A3-45D1-AEE6-1437B06C21DA', N'maintenance', N'info', N'Firmware update installed', NULL, N'253AC6A0-038C-4FE5-B9CF-441A0BA152E2', N'{"maintenance_type": "routine", "location": "Library & Research Center Room 503"}', NULL, 0, NULL, NULL, NULL, NULL, N'2025-12-21 16:04:27'),
(N'D3F0BDA2-A247-4494-8586-2F16132704BF', N'824CA3FD-EFD0-45AC-90CF-9DFB614ED6BD', N'print_job', N'info', N'Print job submitted: 1 page(s)', N'9BDEAB6A-0BA0-4F5C-8961-13A9D92AEEC9', N'E7734040-EA11-4499-B971-8D5B916161C8', NULL, NULL, 0, NULL, NULL, NULL, N'206.221.168.124', N'2025-06-16 16:04:27'),
(N'5EBFAFC5-B89D-4E61-94BC-E2F3E82392BC', N'824CA3FD-EFD0-45AC-90CF-9DFB614ED6BD', N'configuration', N'error', N'Default paper size changed', NULL, N'BDDFAEA1-E79B-401B-AE0C-34F60939BDEF', NULL, NULL, 0, NULL, NULL, NULL, N'255.208.235.151', N'2025-09-28 16:04:27'),
(N'D6662243-D166-47B5-87BD-37A33AF9C135', N'824CA3FD-EFD0-45AC-90CF-9DFB614ED6BD', N'maintenance', N'warning', N'Calibration completed', NULL, N'253AC6A0-038C-4FE5-B9CF-441A0BA152E2', N'{"maintenance_type": "routine", "location": "Library & Research Center Room 508"}', NULL, 0, NULL, NULL, NULL, NULL, N'2025-10-31 16:04:27'),
(N'6B65189D-D475-46A8-B5BF-D702213D161C', N'824CA3FD-EFD0-45AC-90CF-9DFB614ED6BD', N'configuration', N'info', N'Printer name updated', NULL, N'A87DACDD-DBFE-4CBE-90ED-92BA096A0319', NULL, NULL, 0, NULL, NULL, NULL, N'249.179.170.209', N'2025-09-03 16:04:27'),
(N'3E40A349-0DD4-4498-9E03-8208F50AD7D7', N'824CA3FD-EFD0-45AC-90CF-9DFB614ED6BD', N'status_change', N'error', N'Printer status changed to maintained', NULL, N'840B6566-9FC7-4E30-AD0F-C47A3C877F46', NULL, NULL, 0, NULL, NULL, NULL, NULL, N'2025-10-04 16:04:27'),
(N'606D5BE6-7C7F-4EC0-BB01-52CF70FC7D3D', N'824CA3FD-EFD0-45AC-90CF-9DFB614ED6BD', N'maintenance', N'info', N'Cleaning cycle completed', NULL, N'E23BCC4A-466F-4451-80C1-79AB77D1CDD6', N'{"maintenance_type": "routine", "location": "Library & Research Center Room 508"}', NULL, 0, NULL, NULL, NULL, NULL, N'2025-05-27 16:04:27'),
(N'61A50B32-B91F-4EB6-9FFA-44720CB7D59F', N'824CA3FD-EFD0-45AC-90CF-9DFB614ED6BD', N'print_job', N'info', N'Print job queued successfully', NULL, NULL, NULL, NULL, 0, NULL, NULL, NULL, NULL, N'2025-09-05 16:04:27'),
(N'F190550D-7241-4DCD-B2FF-FAA609DD52BB', N'824CA3FD-EFD0-45AC-90CF-9DFB614ED6BD', N'status_change', N'warning', N'Printer status changed to maintained', NULL, N'7C738365-5A0A-486F-AD02-85D22A431855', NULL, NULL, 0, NULL, NULL, NULL, NULL, N'2025-10-27 16:04:27'),
(N'49542E51-2BFA-4BDC-ABEA-BC0741553723', N'824CA3FD-EFD0-45AC-90CF-9DFB614ED6BD', N'maintenance', N'info', N'Firmware update installed', NULL, N'E23BCC4A-466F-4451-80C1-79AB77D1CDD6', N'{"maintenance_type": "routine", "location": "Library & Research Center Room 508"}', NULL, 0, NULL, NULL, NULL, NULL, N'2025-04-14 16:04:27'),
(N'3F94F8A3-314D-45C4-B1D3-785F22F088EF', N'E243EC8F-9C08-45C1-89B4-130CCE463B8A', N'maintenance', N'info', N'Firmware update installed', NULL, N'0A0377EC-F5AC-4DC1-B9B9-94DA7F70DDD0', N'{"maintenance_type": "routine", "location": "Library & Research Center Room 511"}', NULL, 0, NULL, NULL, NULL, NULL, N'2025-04-27 16:04:27'),
(N'1D5DEBAD-8DCC-4375-AE2D-1B042DD801BD', N'E243EC8F-9C08-45C1-89B4-130CCE463B8A', N'error', N'critical', N'Paper tray is empty', NULL, NULL, N'{"error_type": "OUT_OF_PAPER", "location": "Library & Research Center Room 511"}', N'OUT_OF_PAPER', 0, NULL, NULL, NULL, NULL, N'2025-09-02 16:04:27'),
(N'EDEA10EC-53BF-4B87-A227-A1CF23D23EFE', N'E243EC8F-9C08-45C1-89B4-130CCE463B8A', N'configuration', N'error', N'Default paper size changed', NULL, N'DA4259F4-4CCC-450C-B6BE-8B983033EDD9', NULL, NULL, 0, NULL, NULL, NULL, N'234.220.92.4', N'2025-04-15 16:04:27'),
(N'D7079C0F-C70D-4D7C-9ABE-5966529CEC10', N'E243EC8F-9C08-45C1-89B4-130CCE463B8A', N'configuration', N'warning', N'Access permissions modified', NULL, N'18C717AB-83F3-4D15-AA08-6E19B2552B24', NULL, NULL, 0, NULL, NULL, NULL, N'207.252.169.6', N'2025-09-11 16:04:27'),
(N'F580AAED-93B2-44F8-A1DF-585B25F514F1', N'E243EC8F-9C08-45C1-89B4-130CCE463B8A', N'maintenance', N'info', N'Calibration completed', NULL, N'840B6566-9FC7-4E30-AD0F-C47A3C877F46', N'{"maintenance_type": "routine", "location": "Library & Research Center Room 511"}', NULL, 0, NULL, NULL, NULL, NULL, N'2025-12-02 16:04:27'),
(N'FD56B47E-E5A4-41A1-9458-71F024544CA0', N'E243EC8F-9C08-45C1-89B4-130CCE463B8A', N'status_change', N'error', N'Printer status changed to printing', NULL, NULL, NULL, NULL, 0, NULL, NULL, NULL, NULL, N'2025-12-19 16:04:27'),
(N'D31EBDAB-EE94-44D0-9D30-CD5539352ECA', N'E243EC8F-9C08-45C1-89B4-130CCE463B8A', N'configuration', N'critical', N'Access permissions modified', NULL, N'29CF77E6-258C-4A86-B78D-2A94DE508564', NULL, NULL, 0, NULL, NULL, NULL, N'224.213.81.123', N'2025-05-18 16:04:27'),
(N'3542599E-6543-4346-9CAD-12686052018A', N'E243EC8F-9C08-45C1-89B4-130CCE463B8A', N'maintenance', N'warning', N'Paper tray refilled', NULL, N'0A0377EC-F5AC-4DC1-B9B9-94DA7F70DDD0', N'{"maintenance_type": "routine", "location": "Library & Research Center Room 511"}', NULL, 0, NULL, NULL, NULL, NULL, N'2025-05-19 16:04:27'),
(N'72A5FD9A-E6E4-440E-A083-3020C006BA6E', N'E243EC8F-9C08-45C1-89B4-130CCE463B8A', N'admin_action', N'critical', N'Printer removed from system', NULL, N'E23BCC4A-466F-4451-80C1-79AB77D1CDD6', NULL, NULL, 0, NULL, NULL, NULL, NULL, N'2025-09-06 16:04:27'),
(N'52E0218B-0F8C-4A2F-80DB-A8295D0B080B', N'E243EC8F-9C08-45C1-89B4-130CCE463B8A', N'print_job', N'info', N'Print job queued successfully', NULL, NULL, NULL, NULL, 0, NULL, NULL, NULL, N'230.234.101.160', N'2025-01-01 16:04:27'),
(N'D7064B64-BAA8-4C44-BF7B-1109DC3504E5', N'E243EC8F-9C08-45C1-89B4-130CCE463B8A', N'admin_action', N'info', N'Printer model information updated', NULL, N'DA4259F4-4CCC-450C-B6BE-8B983033EDD9', NULL, NULL, 0, NULL, NULL, NULL, N'252.185.199.36', N'2025-04-06 16:04:27'),
(N'F07A9CBC-7802-43CF-929F-218A119A1ECD', N'E243EC8F-9C08-45C1-89B4-130CCE463B8A', N'configuration', N'error', N'Printer name updated', NULL, N'0A0377EC-F5AC-4DC1-B9B9-94DA7F70DDD0', NULL, NULL, 0, NULL, NULL, NULL, N'248.186.81.176', N'2025-03-13 16:04:27'),
(N'1347D1F0-5453-4F91-AE27-D3E3CCABEA5F', N'E243EC8F-9C08-45C1-89B4-130CCE463B8A', N'admin_action', N'critical', N'Printer access logs reviewed', NULL, N'840B6566-9FC7-4E30-AD0F-C47A3C877F46', NULL, NULL, 0, NULL, NULL, NULL, N'251.169.173.161', N'2025-09-10 16:04:27'),
(N'8D252024-7388-4064-A98E-68297E5832D9', N'E243EC8F-9C08-45C1-89B4-130CCE463B8A', N'configuration', N'critical', N'Printer name updated', NULL, N'A87DACDD-DBFE-4CBE-90ED-92BA096A0319', NULL, NULL, 0, NULL, NULL, NULL, N'205.189.238.119', N'2025-08-02 16:04:27'),
(N'BEB21915-0497-41C5-9FA6-95BA31C13C50', N'E9C1BD9B-7FAC-4B56-AC48-735919238CF8', N'print_job', N'info', N'Print job queued successfully', NULL, NULL, NULL, NULL, 0, NULL, NULL, NULL, NULL, N'2025-09-15 16:04:27'),
(N'BF250CBF-AFC7-49CD-BD4C-94B321BF5783', N'E9C1BD9B-7FAC-4B56-AC48-735919238CF8', N'print_job', N'info', N'Print job queued successfully', NULL, NULL, NULL, NULL, 0, NULL, NULL, NULL, N'214.186.58.53', N'2025-06-10 16:04:27'),
(N'739F839B-8185-4489-BF47-43035141269F', N'E9C1BD9B-7FAC-4B56-AC48-735919238CF8', N'configuration', N'warning', N'Printer network settings updated', NULL, N'840B6566-9FC7-4E30-AD0F-C47A3C877F46', NULL, NULL, 0, NULL, NULL, NULL, N'224.239.158.234', N'2025-02-07 16:04:27'),
(N'AB72B58D-65AA-4793-883E-C5C789D535B7', N'E9C1BD9B-7FAC-4B56-AC48-735919238CF8', N'error', N'critical', N'Paper tray is empty', NULL, NULL, N'{"error_type": "OUT_OF_PAPER", "location": "Library & Research Center Room 101"}', N'OUT_OF_PAPER', 1, N'2025-02-19 20:04:27', N'BDDFAEA1-E79B-401B-AE0C-34F60939BDEF', N'Toner cartridge replaced', NULL, N'2025-02-19 16:04:27'),
(N'EA70DF35-FF67-4E8D-8E2B-3CDF6686C9C0', N'E9C1BD9B-7FAC-4B56-AC48-735919238CF8', N'error', N'critical', N'Paper jam detected in paper path', NULL, NULL, N'{"error_type": "PAPER_JAM", "location": "Library & Research Center Room 101"}', N'PAPER_JAM', 0, NULL, NULL, NULL, NULL, N'2025-11-01 16:04:27'),
(N'257E01FA-A925-4213-B94C-B37B1A58D081', N'E9C1BD9B-7FAC-4B56-AC48-735919238CF8', N'status_change', N'warning', N'Printer enabled for student use', NULL, N'E23BCC4A-466F-4451-80C1-79AB77D1CDD6', NULL, NULL, 0, NULL, NULL, NULL, NULL, N'2025-06-01 16:04:27'),
(N'1B7C22E3-3A3E-4FBD-B9A5-560ECB4141E8', N'E9C1BD9B-7FAC-4B56-AC48-735919238CF8', N'maintenance', N'warning', N'Calibration completed', NULL, N'DA4259F4-4CCC-450C-B6BE-8B983033EDD9', N'{"maintenance_type": "routine", "location": "Library & Research Center Room 101"}', NULL, 0, NULL, NULL, NULL, NULL, N'2025-09-16 16:04:27'),
(N'AB48EC64-FF42-4FDC-AC1D-8C15A05C55FF', N'E9C1BD9B-7FAC-4B56-AC48-735919238CF8', N'maintenance', N'warning', N'Scheduled maintenance performed', NULL, N'7C738365-5A0A-486F-AD02-85D22A431855', N'{"maintenance_type": "routine", "location": "Library & Research Center Room 101"}', NULL, 0, NULL, NULL, NULL, NULL, N'2025-07-07 16:04:27'),
(N'322E580F-872C-4CE3-9FDA-356C7A090AB1', N'E9C1BD9B-7FAC-4B56-AC48-735919238CF8', N'status_change', N'critical', N'Printer disabled for maintenance', NULL, N'29CF77E6-258C-4A86-B78D-2A94DE508564', NULL, NULL, 0, NULL, NULL, NULL, NULL, N'2025-08-16 16:04:27'),
(N'9F0F6B25-6934-420E-8528-65F1D9A69C17', N'E9C1BD9B-7FAC-4B56-AC48-735919238CF8', N'error', N'error', N'Toner level is low', NULL, NULL, N'{"error_type": "LOW_TONER", "location": "Library & Research Center Room 101"}', N'LOW_TONER', 1, N'2025-06-06 11:04:27', N'DA4259F4-4CCC-450C-B6BE-8B983033EDD9', N'Issue resolved after maintenance', NULL, N'2025-06-05 16:04:27'),
(N'138F88EC-D9E2-49D7-B0E8-BD86A61728A9', N'E9C1BD9B-7FAC-4B56-AC48-735919238CF8', N'configuration', N'warning', N'Access permissions modified', NULL, N'29CF77E6-258C-4A86-B78D-2A94DE508564', NULL, NULL, 0, NULL, NULL, NULL, N'245.200.191.64', N'2025-11-14 16:04:27'),
(N'919E928D-3F11-4B27-B315-0B59A5CE2EEB', N'E9C1BD9B-7FAC-4B56-AC48-735919238CF8', N'admin_action', N'error', N'Printer added to system', NULL, N'0A0377EC-F5AC-4DC1-B9B9-94DA7F70DDD0', NULL, NULL, 0, NULL, NULL, NULL, N'195.197.211.200', N'2025-05-23 16:04:27'),
(N'564C90A6-DEE4-4DD1-9FE6-AD254510E169', N'E9C1BD9B-7FAC-4B56-AC48-735919238CF8', N'admin_action', N'warning', N'Printer model information updated', NULL, N'7C738365-5A0A-486F-AD02-85D22A431855', NULL, NULL, 0, NULL, NULL, NULL, N'201.241.32.85', N'2025-05-17 16:04:27'),
(N'6B4CA67C-CB57-45B6-A2CA-A794D6E7DC70', N'E9C1BD9B-7FAC-4B56-AC48-735919238CF8', N'status_change', N'warning', N'Printer disabled for maintenance', NULL, N'29CF77E6-258C-4A86-B78D-2A94DE508564', NULL, NULL, 0, NULL, NULL, NULL, NULL, N'2025-06-21 16:04:27'),
(N'FDE3658D-9353-4A23-9BA2-7A17DD364E3C', N'E9C1BD9B-7FAC-4B56-AC48-735919238CF8', N'admin_action', N'info', N'Printer access logs reviewed', NULL, N'E23BCC4A-466F-4451-80C1-79AB77D1CDD6', NULL, NULL, 0, NULL, NULL, NULL, N'254.251.142.203', N'2025-11-21 16:04:27'),
(N'DD2119D8-C3CE-48D7-A6AC-6B3ECC35B448', N'0C4B489C-B652-4383-86AD-DBE4CB5B452D', N'admin_action', N'info', N'Printer access logs reviewed', NULL, N'E23BCC4A-466F-4451-80C1-79AB77D1CDD6', NULL, NULL, 0, NULL, NULL, NULL, N'214.213.44.171', N'2025-03-23 16:04:27'),
(N'33F1735C-CD5F-4AAA-97AD-A8FA3EBA05FD', N'0C4B489C-B652-4383-86AD-DBE4CB5B452D', N'configuration', N'warning', N'Printer network settings updated', NULL, N'253AC6A0-038C-4FE5-B9CF-441A0BA152E2', NULL, NULL, 0, NULL, NULL, NULL, N'244.215.161.94', N'2025-01-16 16:04:27'),
(N'6CD30E7C-61BA-4100-9862-418A83621442', N'0C4B489C-B652-4383-86AD-DBE4CB5B452D', N'maintenance', N'info', N'Toner cartridge replaced', NULL, N'840B6566-9FC7-4E30-AD0F-C47A3C877F46', N'{"maintenance_type": "routine", "location": "Library & Research Center Room 102"}', NULL, 0, NULL, NULL, NULL, NULL, N'2025-06-09 16:04:27'),
(N'0E04728F-53B2-4100-AD12-43AD114A8E37', N'0C4B489C-B652-4383-86AD-DBE4CB5B452D', N'admin_action', N'info', N'Printer added to system', NULL, N'840B6566-9FC7-4E30-AD0F-C47A3C877F46', NULL, NULL, 0, NULL, NULL, NULL, N'228.234.239.197', N'2025-03-31 16:04:27'),
(N'ADBDD2CE-CF16-487B-906C-E03AE2DEC232', N'0C4B489C-B652-4383-86AD-DBE4CB5B452D', N'maintenance', N'info', N'Cleaning cycle completed', NULL, N'18C717AB-83F3-4D15-AA08-6E19B2552B24', N'{"maintenance_type": "routine", "location": "Library & Research Center Room 102"}', NULL, 0, NULL, NULL, NULL, NULL, N'2025-06-20 16:04:27'),
(N'2766B1CA-2C63-4BFC-80FB-CD77C3CF25BF', N'0C4B489C-B652-4383-86AD-DBE4CB5B452D', N'configuration', N'warning', N'Default paper size changed', NULL, N'DA4259F4-4CCC-450C-B6BE-8B983033EDD9', NULL, NULL, 0, NULL, NULL, NULL, N'193.208.245.40', N'2025-09-03 16:04:27'),
(N'C31D49A1-9AE4-4D62-90D0-147EDAE9403A', N'1FEB69BC-2134-43A3-A10A-71C60EA9238B', N'error', N'error', N'Paper jam detected in paper path', NULL, NULL, N'{"error_type": "PAPER_JAM", "location": "Library & Research Center Room 103"}', N'PAPER_JAM', 0, NULL, NULL, NULL, NULL, N'2025-05-21 16:04:27'),
(N'4FDDA8D4-27C6-49D3-8ED2-311DB3151DC7', N'1FEB69BC-2134-43A3-A10A-71C60EA9238B', N'status_change', N'error', N'Printer status changed to printing', NULL, N'7C738365-5A0A-486F-AD02-85D22A431855', NULL, NULL, 0, NULL, NULL, NULL, NULL, N'2024-12-27 16:04:27'),
(N'D8281C60-92A8-4B88-8E45-101D32AB7AE9', N'1FEB69BC-2134-43A3-A10A-71C60EA9238B', N'error', N'critical', N'Paper tray is empty', NULL, NULL, N'{"error_type": "OUT_OF_PAPER", "location": "Library & Research Center Room 103"}', N'OUT_OF_PAPER', 1, N'2025-02-21 05:04:27', N'E23BCC4A-466F-4451-80C1-79AB77D1CDD6', N'Issue resolved by clearing paper jam', NULL, N'2025-02-20 16:04:27'),
(N'699142C3-CF28-4994-8BAE-1EBDA1275372', N'1FEB69BC-2134-43A3-A10A-71C60EA9238B', N'maintenance', N'info', N'Cleaning cycle completed', NULL, N'A8394F12-87AD-48E1-985B-121DC04F4EAB', N'{"maintenance_type": "routine", "location": "Library & Research Center Room 103"}', NULL, 0, NULL, NULL, NULL, NULL, N'2025-11-03 16:04:27'),
(N'34F2323F-828D-4638-8FBA-368D426C841A', N'1FEB69BC-2134-43A3-A10A-71C60EA9238B', N'error', N'error', N'Printer door is open', NULL, NULL, N'{"error_type": "DOOR_OPEN", "location": "Library & Research Center Room 103"}', N'DOOR_OPEN', 1, N'2025-09-29 02:04:27', N'253AC6A0-038C-4FE5-B9CF-441A0BA152E2', N'Paper tray refilled', NULL, N'2025-09-28 16:04:27'),
(N'67A9E24C-094A-4DDD-8EAA-BE875DC0D4DA', N'1FEB69BC-2134-43A3-A10A-71C60EA9238B', N'configuration', N'critical', N'Access permissions modified', NULL, N'A8394F12-87AD-48E1-985B-121DC04F4EAB', NULL, NULL, 0, NULL, NULL, NULL, N'198.186.97.174', N'2025-02-15 16:04:27'),
(N'A198C6D4-16DB-4260-B9F4-33007FBAA133', N'1FEB69BC-2134-43A3-A10A-71C60EA9238B', N'maintenance', N'info', N'Paper tray refilled', NULL, N'E23BCC4A-466F-4451-80C1-79AB77D1CDD6', N'{"maintenance_type": "routine", "location": "Library & Research Center Room 103"}', NULL, 0, NULL, NULL, NULL, NULL, N'2025-03-22 16:04:27'),
(N'5A6F6C68-E184-4283-BC57-89CD2F467F7C', N'1FEB69BC-2134-43A3-A10A-71C60EA9238B', N'error', N'critical', N'Toner level is low', NULL, NULL, N'{"error_type": "LOW_TONER", "location": "Library & Research Center Room 103"}', N'LOW_TONER', 0, NULL, NULL, NULL, NULL, N'2025-01-26 16:04:27'),
(N'7965DFB2-D175-4286-A3B2-FAFCE0E02DA7', N'1FEB69BC-2134-43A3-A10A-71C60EA9238B', N'print_job', N'info', N'Print job submitted: 1 page(s)', N'DD600A5F-3396-499A-81D8-82707809597F', N'0BDD044E-CB54-4A3C-9AF1-A2EFCE569DCC', NULL, NULL, 0, NULL, NULL, NULL, N'227.193.110.233', N'2025-07-08 16:04:27'),
(N'4E9A9121-307D-4B0D-A86D-3492B1DECF44', N'1FEB69BC-2134-43A3-A10A-71C60EA9238B', N'admin_action', N'error', N'Printer access logs reviewed', NULL, N'7C738365-5A0A-486F-AD02-85D22A431855', NULL, NULL, 0, NULL, NULL, NULL, N'253.214.35.139', N'2025-12-03 16:04:27'),
(N'0D5A368A-95B9-401B-BC62-75DEBD5FB7E8', N'1FEB69BC-2134-43A3-A10A-71C60EA9238B', N'maintenance', N'info', N'Firmware update installed', NULL, N'18C717AB-83F3-4D15-AA08-6E19B2552B24', N'{"maintenance_type": "routine", "location": "Library & Research Center Room 103"}', NULL, 0, NULL, NULL, NULL, NULL, N'2025-09-06 16:04:27'),
(N'4629BADE-87BE-48E1-91A1-51513A29486E', N'1FEB69BC-2134-43A3-A10A-71C60EA9238B', N'status_change', N'warning', N'Printer status changed to idle', NULL, N'E23BCC4A-466F-4451-80C1-79AB77D1CDD6', NULL, NULL, 0, NULL, NULL, NULL, NULL, N'2025-10-15 16:04:27'),
(N'0814B1F8-DFA3-490A-846C-A825C1AAC4F1', N'1FEB69BC-2134-43A3-A10A-71C60EA9238B', N'error', N'critical', N'Network connection lost', NULL, NULL, N'{"error_type": "NETWORK_ERROR", "location": "Library & Research Center Room 103"}', N'NETWORK_ERROR', 1, N'2025-12-19 17:04:27', N'A87DACDD-DBFE-4CBE-90ED-92BA096A0319', N'Issue resolved by clearing paper jam', NULL, N'2025-12-18 16:04:27'),
(N'F0FEC306-85EB-4A59-AD36-84FC7F4A4CC5', N'1FEB69BC-2134-43A3-A10A-71C60EA9238B', N'maintenance', N'warning', N'Toner cartridge replaced', NULL, N'E23BCC4A-466F-4451-80C1-79AB77D1CDD6', N'{"maintenance_type": "routine", "location": "Library & Research Center Room 103"}', NULL, 0, NULL, NULL, NULL, NULL, N'2025-02-13 16:04:27'),
(N'BFE5A4E0-D2BA-4178-B13A-53559BA6E413', N'1FEB69BC-2134-43A3-A10A-71C60EA9238B', N'print_job', N'info', N'Print job submitted: 12 page(s)', N'0DA6BD6D-37FB-47BC-96C2-65D07C9BA3E6', N'22261F46-CC7E-4CD0-9ECD-1CDE8BAA53A2', NULL, NULL, 0, NULL, NULL, NULL, N'242.178.72.242', N'2025-08-12 16:04:27'),
(N'7522F332-B330-4B15-8AA7-0D71812EAFA5', N'262351C0-EFA6-4533-BB68-0D4EE8754076', N'print_job', N'info', N'Print job queued successfully', NULL, NULL, NULL, NULL, 0, NULL, NULL, NULL, N'247.179.148.37', N'2025-12-17 16:04:27'),
(N'998B62DC-C2CD-4508-B443-F36BC1B1856A', N'262351C0-EFA6-4533-BB68-0D4EE8754076', N'print_job', N'info', N'Print job queued successfully', NULL, NULL, NULL, NULL, 0, NULL, NULL, NULL, N'237.171.48.233', N'2025-01-13 16:04:27'),
(N'FD340BF3-C1B4-4545-8595-55B12E010741', N'262351C0-EFA6-4533-BB68-0D4EE8754076', N'print_job', N'info', N'Print job queued successfully', NULL, NULL, NULL, NULL, 0, NULL, NULL, NULL, N'192.253.44.155', N'2025-05-05 16:04:27'),
(N'6BF73C2C-92E9-4339-AE80-43C12DAE02CA', N'262351C0-EFA6-4533-BB68-0D4EE8754076', N'error', N'error', N'Network connection lost', NULL, NULL, N'{"error_type": "NETWORK_ERROR", "location": "Library & Research Center Room 108"}', N'NETWORK_ERROR', 1, N'2025-05-01 23:04:27', N'A8394F12-87AD-48E1-985B-121DC04F4EAB', N'Toner cartridge replaced', NULL, N'2025-05-01 16:04:27'),
(N'FCA6E166-4C3A-4EBE-9E8C-8E9E8033D2C5', N'262351C0-EFA6-4533-BB68-0D4EE8754076', N'admin_action', N'info', N'Printer added to system', NULL, N'BDDFAEA1-E79B-401B-AE0C-34F60939BDEF', NULL, NULL, 0, NULL, NULL, NULL, NULL, N'2025-05-21 16:04:27'),
(N'794D03D9-B730-40AB-BD07-A36473769644', N'6026A1A2-5B09-48FF-8C9B-4D4972A3E0C9', N'print_job', N'info', N'Print job queued successfully', NULL, NULL, NULL, NULL, 0, NULL, NULL, NULL, N'250.194.206.180', N'2025-10-11 16:04:27'),
(N'E4698191-F315-41E8-BF9A-F5560AA90B63', N'6026A1A2-5B09-48FF-8C9B-4D4972A3E0C9', N'print_job', N'info', N'Print job queued successfully', NULL, NULL, NULL, NULL, 0, NULL, NULL, NULL, N'220.247.168.24', N'2025-07-13 16:04:27'),
(N'B6F94789-2B0D-446E-9827-2AD851A43264', N'6026A1A2-5B09-48FF-8C9B-4D4972A3E0C9', N'error', N'error', N'Printer door is open', NULL, NULL, N'{"error_type": "DOOR_OPEN", "location": "Library & Research Center Room 112"}', N'DOOR_OPEN', 0, NULL, NULL, NULL, NULL, N'2025-09-02 16:04:27'),
(N'8C3E4850-52D3-47AA-9982-54B7342EA7B7', N'6026A1A2-5B09-48FF-8C9B-4D4972A3E0C9', N'error', N'error', N'Printer door is open', NULL, NULL, N'{"error_type": "DOOR_OPEN", "location": "Library & Research Center Room 112"}', N'DOOR_OPEN', 1, N'2025-09-22 22:04:27', N'A87DACDD-DBFE-4CBE-90ED-92BA096A0319', N'Issue resolved after maintenance', NULL, N'2025-09-21 16:04:27'),
(N'AD3F33DC-7BC9-4828-8E97-AC18B2A13B93', N'6026A1A2-5B09-48FF-8C9B-4D4972A3E0C9', N'error', N'error', N'Paper tray is empty', NULL, NULL, N'{"error_type": "OUT_OF_PAPER", "location": "Library & Research Center Room 112"}', N'OUT_OF_PAPER', 1, N'2025-11-24 15:04:27', N'A87DACDD-DBFE-4CBE-90ED-92BA096A0319', N'Paper tray refilled', NULL, N'2025-11-23 16:04:27'),
(N'F9DF961A-A48D-47B9-8E16-95119CB3E6A9', N'6026A1A2-5B09-48FF-8C9B-4D4972A3E0C9', N'print_job', N'info', N'Print job queued successfully', NULL, NULL, NULL, NULL, 0, NULL, NULL, NULL, N'213.241.211.43', N'2025-06-21 16:04:27'),
(N'02499EE8-6D28-47F5-8B40-3C42C384426F', N'6026A1A2-5B09-48FF-8C9B-4D4972A3E0C9', N'print_job', N'info', N'Print job queued successfully', NULL, NULL, NULL, NULL, 0, NULL, NULL, NULL, NULL, N'2025-12-22 16:04:27'),
(N'6FD5E926-B33E-416B-BC2F-A67B479B1E73', N'6026A1A2-5B09-48FF-8C9B-4D4972A3E0C9', N'status_change', N'error', N'Printer enabled for student use', NULL, N'BDDFAEA1-E79B-401B-AE0C-34F60939BDEF', NULL, NULL, 0, NULL, NULL, NULL, NULL, N'2025-01-11 16:04:27'),
(N'1486097A-126A-41FC-ACF3-907298E49CE8', N'6026A1A2-5B09-48FF-8C9B-4D4972A3E0C9', N'print_job', N'info', N'Print job queued successfully', NULL, NULL, NULL, NULL, 0, NULL, NULL, NULL, NULL, N'2025-09-19 16:04:27'),
(N'210528B4-FA43-4A08-859C-D51D9E7D1A1E', N'6026A1A2-5B09-48FF-8C9B-4D4972A3E0C9', N'configuration', N'error', N'Print quality settings adjusted', NULL, N'18C717AB-83F3-4D15-AA08-6E19B2552B24', NULL, NULL, 0, NULL, NULL, NULL, N'242.180.134.111', N'2025-04-23 16:04:27'),
(N'CE7C34BB-3414-4D2E-89C1-F71548F153A8', N'6026A1A2-5B09-48FF-8C9B-4D4972A3E0C9', N'error', N'error', N'Paper jam detected in paper path', NULL, NULL, N'{"error_type": "PAPER_JAM", "location": "Library & Research Center Room 112"}', N'PAPER_JAM', 1, N'2025-05-27 04:04:27', N'E23BCC4A-466F-4451-80C1-79AB77D1CDD6', N'Hardware reset performed', NULL, N'2025-05-25 16:04:27'),
(N'8D8BA6D8-EC85-4EC6-8FD7-C76565D7021F', N'6026A1A2-5B09-48FF-8C9B-4D4972A3E0C9', N'maintenance', N'warning', N'Paper tray refilled', NULL, N'BDDFAEA1-E79B-401B-AE0C-34F60939BDEF', N'{"maintenance_type": "routine", "location": "Library & Research Center Room 112"}', NULL, 0, NULL, NULL, NULL, NULL, N'2025-03-24 16:04:27'),
(N'51FC3C11-421A-4740-BE67-17B1E57805A7', N'6026A1A2-5B09-48FF-8C9B-4D4972A3E0C9', N'print_job', N'info', N'Print job queued successfully', NULL, NULL, NULL, NULL, 0, NULL, NULL, NULL, NULL, N'2025-01-24 16:04:27'),
(N'45E32C91-94EB-4C08-AFEF-03B597E9A9A2', N'BE143360-B5DD-4C69-B3FB-8C5778959075', N'maintenance', N'warning', N'Paper tray refilled', NULL, N'7C738365-5A0A-486F-AD02-85D22A431855', N'{"maintenance_type": "routine", "location": "Library & Research Center Room 201"}', NULL, 0, NULL, NULL, NULL, NULL, N'2025-02-15 16:04:27'),
(N'D5C4C903-E30B-46EF-86F4-216434F336AD', N'BE143360-B5DD-4C69-B3FB-8C5778959075', N'configuration', N'error', N'Default paper size changed', NULL, N'18C717AB-83F3-4D15-AA08-6E19B2552B24', NULL, NULL, 0, NULL, NULL, NULL, N'226.223.248.39', N'2025-09-23 16:04:27'),
(N'CCF373E9-3F89-4287-8926-2EE5E52A1EE1', N'BE143360-B5DD-4C69-B3FB-8C5778959075', N'status_change', N'info', N'Printer status changed to idle', NULL, NULL, NULL, NULL, 0, NULL, NULL, NULL, NULL, N'2025-08-01 16:04:27'),
(N'A0F9D105-CFD3-4A47-9365-7F7E516F6B2E', N'BE143360-B5DD-4C69-B3FB-8C5778959075', N'print_job', N'info', N'Print job queued successfully', NULL, NULL, NULL, NULL, 0, NULL, NULL, NULL, N'230.195.7.3', N'2025-04-05 16:04:27'),
(N'853308E9-39AA-431B-B564-42685F3EF48C', N'BE143360-B5DD-4C69-B3FB-8C5778959075', N'configuration', N'warning', N'Access permissions modified', NULL, N'A8394F12-87AD-48E1-985B-121DC04F4EAB', NULL, NULL, 0, NULL, NULL, NULL, N'240.206.140.133', N'2025-06-27 16:04:27'),
(N'01D2DE65-3BB3-40E7-AB6B-653234660601', N'4170A71D-4D87-4783-B291-9FD3B6DB371C', N'maintenance', N'info', N'Scheduled maintenance performed', NULL, N'DA4259F4-4CCC-450C-B6BE-8B983033EDD9', N'{"maintenance_type": "routine", "location": "Library & Research Center Room 202"}', NULL, 0, NULL, NULL, NULL, NULL, N'2025-05-30 16:04:27'),
(N'14C830BE-80F3-44A4-8EE3-058FF3DF3CAC', N'4170A71D-4D87-4783-B291-9FD3B6DB371C', N'maintenance', N'info', N'Cleaning cycle completed', NULL, N'253AC6A0-038C-4FE5-B9CF-441A0BA152E2', N'{"maintenance_type": "routine", "location": "Library & Research Center Room 202"}', NULL, 0, NULL, NULL, NULL, NULL, N'2025-04-01 16:04:27'),
(N'A316A95E-A5C4-4275-A301-2EB41BCFDAF1', N'4170A71D-4D87-4783-B291-9FD3B6DB371C', N'configuration', N'critical', N'Printer network settings updated', NULL, N'A8394F12-87AD-48E1-985B-121DC04F4EAB', NULL, NULL, 0, NULL, NULL, NULL, N'225.183.180.186', N'2025-04-21 16:04:27'),
(N'0B5A4755-8752-49EB-A317-E74302F15604', N'4170A71D-4D87-4783-B291-9FD3B6DB371C', N'error', N'critical', N'Toner level is low', NULL, NULL, N'{"error_type": "LOW_TONER", "location": "Library & Research Center Room 202"}', N'LOW_TONER', 1, N'2025-02-19 04:04:27', N'7C738365-5A0A-486F-AD02-85D22A431855', N'Toner cartridge replaced', NULL, N'2025-02-18 16:04:27'),
(N'20B3D422-1277-47BF-8D00-8EF0E53FFFF4', N'4170A71D-4D87-4783-B291-9FD3B6DB371C', N'maintenance', N'warning', N'Calibration completed', NULL, N'A87DACDD-DBFE-4CBE-90ED-92BA096A0319', N'{"maintenance_type": "routine", "location": "Library & Research Center Room 202"}', NULL, 0, NULL, NULL, NULL, NULL, N'2025-11-09 16:04:27'),
(N'ED09CA7C-D4B2-4CB3-8EE0-C14113071E6D', N'4170A71D-4D87-4783-B291-9FD3B6DB371C', N'configuration', N'warning', N'Print quality settings adjusted', NULL, N'0A0377EC-F5AC-4DC1-B9B9-94DA7F70DDD0', NULL, NULL, 0, NULL, NULL, NULL, NULL, N'2025-12-25 16:04:27'),
(N'E6766C99-66CE-4BC8-AD76-B04ED9116232', N'4170A71D-4D87-4783-B291-9FD3B6DB371C', N'print_job', N'info', N'Print job queued successfully', NULL, NULL, NULL, NULL, 0, NULL, NULL, NULL, N'202.174.149.237', N'2025-12-17 16:04:27'),
(N'3D2B8412-2288-409C-AC4A-AB01A7C62BD9', N'4170A71D-4D87-4783-B291-9FD3B6DB371C', N'error', N'error', N'Paper jam detected in paper path', NULL, NULL, N'{"error_type": "PAPER_JAM", "location": "Library & Research Center Room 202"}', N'PAPER_JAM', 0, NULL, NULL, NULL, NULL, N'2025-05-26 16:04:27'),
(N'C9868EDD-C57A-4799-941D-FFA4D2351004', N'4170A71D-4D87-4783-B291-9FD3B6DB371C', N'status_change', N'error', N'Printer status changed to maintained', NULL, N'18C717AB-83F3-4D15-AA08-6E19B2552B24', NULL, NULL, 0, NULL, NULL, NULL, NULL, N'2025-10-12 16:04:27'),
(N'F9D1484B-C353-4FA1-BDAF-1745486681FC', N'4170A71D-4D87-4783-B291-9FD3B6DB371C', N'print_job', N'info', N'Print job queued successfully', NULL, NULL, NULL, NULL, 0, NULL, NULL, NULL, N'241.184.209.214', N'2025-06-23 16:04:27'),
(N'901CB51E-F974-44D7-90E4-B13084E61BF2', N'4170A71D-4D87-4783-B291-9FD3B6DB371C', N'status_change', N'info', N'Printer disabled for maintenance', NULL, N'A8394F12-87AD-48E1-985B-121DC04F4EAB', NULL, NULL, 0, NULL, NULL, NULL, NULL, N'2025-02-07 16:04:27'),
(N'37B2EC9D-D7CE-4F03-80FA-2B3F6C77AA37', N'4170A71D-4D87-4783-B291-9FD3B6DB371C', N'status_change', N'info', N'Printer disabled for maintenance', NULL, N'840B6566-9FC7-4E30-AD0F-C47A3C877F46', NULL, NULL, 0, NULL, NULL, NULL, NULL, N'2025-07-31 16:04:27'),
(N'C618C453-E92E-4A64-B6C8-4299C4296694', N'864F373D-86AA-4914-918F-E1AC1C9D261E', N'print_job', N'info', N'Print job queued successfully', NULL, NULL, NULL, NULL, 0, NULL, NULL, NULL, NULL, N'2025-12-02 16:04:27'),
(N'A592CF2B-AC44-464B-A57E-75C1560188A8', N'864F373D-86AA-4914-918F-E1AC1C9D261E', N'print_job', N'info', N'Print job queued successfully', NULL, NULL, NULL, NULL, 0, NULL, NULL, NULL, NULL, N'2025-06-15 16:04:27'),
(N'6BB5191A-56B6-4C4B-90AB-AED47090B732', N'864F373D-86AA-4914-918F-E1AC1C9D261E', N'admin_action', N'error', N'Printer location updated', NULL, N'840B6566-9FC7-4E30-AD0F-C47A3C877F46', NULL, NULL, 0, NULL, NULL, NULL, N'228.173.232.110', N'2025-12-17 16:04:27'),
(N'D43E37A2-A1AE-4AF2-91CF-254C3ADF493E', N'864F373D-86AA-4914-918F-E1AC1C9D261E', N'configuration', N'warning', N'Print quality settings adjusted', NULL, N'A87DACDD-DBFE-4CBE-90ED-92BA096A0319', NULL, NULL, 0, NULL, NULL, NULL, NULL, N'2025-09-07 16:04:27'),
(N'7575AC79-8ED0-4A47-9F07-79D8F99F8801', N'864F373D-86AA-4914-918F-E1AC1C9D261E', N'maintenance', N'warning', N'Paper tray refilled', NULL, N'29CF77E6-258C-4A86-B78D-2A94DE508564', N'{"maintenance_type": "routine", "location": "Library & Research Center Room 205"}', NULL, 0, NULL, NULL, NULL, NULL, N'2025-12-15 16:04:27'),
(N'5CBE6FA4-92A6-4EEB-BB4B-BC5AFE13504F', N'864F373D-86AA-4914-918F-E1AC1C9D261E', N'maintenance', N'info', N'Cleaning cycle completed', NULL, N'A8394F12-87AD-48E1-985B-121DC04F4EAB', N'{"maintenance_type": "routine", "location": "Library & Research Center Room 205"}', NULL, 0, NULL, NULL, NULL, NULL, N'2025-03-13 16:04:27'),
(N'7B1063A5-3D4C-45FE-A5A2-2331688C293D', N'864F373D-86AA-4914-918F-E1AC1C9D261E', N'configuration', N'error', N'Default paper size changed', NULL, N'253AC6A0-038C-4FE5-B9CF-441A0BA152E2', NULL, NULL, 0, NULL, NULL, NULL, N'247.205.198.166', N'2025-10-15 16:04:27'),
(N'3AB8F696-E90D-4785-AAE0-43C896723730', N'864F373D-86AA-4914-918F-E1AC1C9D261E', N'status_change', N'critical', N'Printer disabled for maintenance', NULL, N'0A0377EC-F5AC-4DC1-B9B9-94DA7F70DDD0', NULL, NULL, 0, NULL, NULL, NULL, NULL, N'2025-12-03 16:04:27'),
(N'C558716C-8E74-4EF7-B221-C315CA4BB447', N'864F373D-86AA-4914-918F-E1AC1C9D261E', N'print_job', N'info', N'Print job queued successfully', NULL, NULL, NULL, NULL, 0, NULL, NULL, NULL, N'197.176.28.33', N'2025-11-08 16:04:27'),
(N'64A0A06A-C34B-4C5C-90CE-11778C84E052', N'864F373D-86AA-4914-918F-E1AC1C9D261E', N'admin_action', N'error', N'Printer added to system', NULL, N'A87DACDD-DBFE-4CBE-90ED-92BA096A0319', NULL, NULL, 0, NULL, NULL, NULL, N'232.237.24.11', N'2025-10-31 16:04:27'),
(N'7216E6F2-B18D-4957-8103-DC2992E0B16C', N'864F373D-86AA-4914-918F-E1AC1C9D261E', N'maintenance', N'info', N'Cleaning cycle completed', NULL, N'A87DACDD-DBFE-4CBE-90ED-92BA096A0319', N'{"maintenance_type": "routine", "location": "Library & Research Center Room 205"}', NULL, 0, NULL, NULL, NULL, NULL, N'2025-05-01 16:04:27'),
(N'2B854E8F-472A-44E3-8FCB-9ED83C3847FF', N'864F373D-86AA-4914-918F-E1AC1C9D261E', N'admin_action', N'critical', N'Printer added to system', NULL, N'7C738365-5A0A-486F-AD02-85D22A431855', NULL, NULL, 0, NULL, NULL, NULL, NULL, N'2025-09-22 16:04:27'),
(N'C50B3BDC-E5E5-4FE8-89EF-E93CB78E608A', N'864F373D-86AA-4914-918F-E1AC1C9D261E', N'error', N'critical', N'Toner level is low', NULL, NULL, N'{"error_type": "LOW_TONER", "location": "Library & Research Center Room 205"}', N'LOW_TONER', 1, N'2025-04-20 13:04:27', N'BDDFAEA1-E79B-401B-AE0C-34F60939BDEF', N'Paper tray refilled', NULL, N'2025-04-19 16:04:27'),
(N'E0968FAC-A3EB-4124-97A1-7C9EA6A34D40', N'864F373D-86AA-4914-918F-E1AC1C9D261E', N'status_change', N'info', N'Printer status changed to idle', NULL, N'253AC6A0-038C-4FE5-B9CF-441A0BA152E2', NULL, NULL, 0, NULL, NULL, NULL, NULL, N'2025-02-25 16:04:27'),
(N'A7FA6903-631A-4C0A-9BCB-89B43D79CB9E', N'DF1C5DE4-D252-4CE1-8689-D45A84461554', N'configuration', N'warning', N'Print quality settings adjusted', NULL, N'BDDFAEA1-E79B-401B-AE0C-34F60939BDEF', NULL, NULL, 0, NULL, NULL, NULL, N'251.216.135.69', N'2025-05-10 16:04:27'),
(N'787CC65C-D98D-4402-8947-5DF55BB3F74C', N'DF1C5DE4-D252-4CE1-8689-D45A84461554', N'status_change', N'critical', N'Printer enabled for student use', NULL, N'DA4259F4-4CCC-450C-B6BE-8B983033EDD9', NULL, NULL, 0, NULL, NULL, NULL, NULL, N'2025-01-13 16:04:27'),
(N'9555A123-C6BD-4702-BED4-ED7177FBDEA2', N'DF1C5DE4-D252-4CE1-8689-D45A84461554', N'configuration', N'error', N'Printer network settings updated', NULL, N'DA4259F4-4CCC-450C-B6BE-8B983033EDD9', NULL, NULL, 0, NULL, NULL, NULL, N'198.199.230.82', N'2025-05-13 16:04:27'),
(N'67337BAE-69C1-4A41-817D-0C2CF7F41479', N'DF1C5DE4-D252-4CE1-8689-D45A84461554', N'error', N'error', N'Paper tray is empty', NULL, NULL, N'{"error_type": "OUT_OF_PAPER", "location": "Library & Research Center Room 206"}', N'OUT_OF_PAPER', 0, NULL, NULL, NULL, NULL, N'2025-01-29 16:04:27'),
(N'2024E4FA-5B61-4056-A5CC-4BB6F6702F62', N'DF1C5DE4-D252-4CE1-8689-D45A84461554', N'print_job', N'info', N'Print job queued successfully', NULL, NULL, NULL, NULL, 0, NULL, NULL, NULL, N'216.187.205.87', N'2025-12-20 16:04:27'),
(N'BA13994C-9014-4678-8676-6BB49AB3D5BE', N'DF1C5DE4-D252-4CE1-8689-D45A84461554', N'configuration', N'info', N'Print quality settings adjusted', NULL, N'840B6566-9FC7-4E30-AD0F-C47A3C877F46', NULL, NULL, 0, NULL, NULL, NULL, N'225.202.242.96', N'2025-12-26 16:04:27'),
(N'6378B1CA-38C1-41DF-A114-1C4CBD507812', N'DF1C5DE4-D252-4CE1-8689-D45A84461554', N'configuration', N'info', N'Default paper size changed', NULL, N'BDDFAEA1-E79B-401B-AE0C-34F60939BDEF', NULL, NULL, 0, NULL, NULL, NULL, N'246.174.43.156', N'2025-07-29 16:04:27'),
(N'76C383F4-4FB0-481E-92D4-A5B2A8DA5ACC', N'DF1C5DE4-D252-4CE1-8689-D45A84461554', N'configuration', N'critical', N'Print quality settings adjusted', NULL, N'A8394F12-87AD-48E1-985B-121DC04F4EAB', NULL, NULL, 0, NULL, NULL, NULL, NULL, N'2025-04-01 16:04:27'),
(N'F2B23A6A-A03E-4BF5-A419-287DDF947A10', N'3336B330-EFA2-4E20-B041-1823C6DCC2CB', N'error', N'error', N'Paper tray is empty', NULL, NULL, N'{"error_type": "OUT_OF_PAPER", "location": "Library & Research Center Room 211"}', N'OUT_OF_PAPER', 1, N'2025-06-15 21:04:27', N'E23BCC4A-466F-4451-80C1-79AB77D1CDD6', N'Hardware reset performed', NULL, N'2025-06-15 16:04:27'),
(N'C019CD35-B17B-48CA-833F-3A6987C0B695', N'3336B330-EFA2-4E20-B041-1823C6DCC2CB', N'error', N'critical', N'Printer door is open', NULL, NULL, N'{"error_type": "DOOR_OPEN", "location": "Library & Research Center Room 211"}', N'DOOR_OPEN', 1, N'2025-07-19 10:04:27', N'DA4259F4-4CCC-450C-B6BE-8B983033EDD9', N'Issue resolved by clearing paper jam', NULL, N'2025-07-18 16:04:27'),
(N'BA4B0BBB-4692-44A6-AC0D-CA2B51EB6A22', N'3336B330-EFA2-4E20-B041-1823C6DCC2CB', N'configuration', N'error', N'Printer name updated', NULL, N'253AC6A0-038C-4FE5-B9CF-441A0BA152E2', NULL, NULL, 0, NULL, NULL, NULL, N'233.237.123.154', N'2025-09-11 16:04:27'),
(N'127E8E4C-A806-4E8C-846F-730DAE37E50A', N'3336B330-EFA2-4E20-B041-1823C6DCC2CB', N'status_change', N'info', N'Printer status changed to maintained', NULL, N'7C738365-5A0A-486F-AD02-85D22A431855', NULL, NULL, 0, NULL, NULL, NULL, NULL, N'2025-06-21 16:04:27'),
(N'E1BC0160-2E36-4DEE-A5D7-2FC6A427229C', N'3336B330-EFA2-4E20-B041-1823C6DCC2CB', N'status_change', N'info', N'Printer disabled for maintenance', NULL, N'253AC6A0-038C-4FE5-B9CF-441A0BA152E2', NULL, NULL, 0, NULL, NULL, NULL, NULL, N'2025-04-26 16:04:27'),
(N'01BF8C7F-C330-4838-A6F2-91E51AAEE08A', N'3336B330-EFA2-4E20-B041-1823C6DCC2CB', N'admin_action', N'info', N'Printer access logs reviewed', NULL, N'253AC6A0-038C-4FE5-B9CF-441A0BA152E2', NULL, NULL, 0, NULL, NULL, NULL, NULL, N'2025-05-20 16:04:27'),
(N'542EF6B4-E7CB-416D-8DDA-9F29B70FE5A1', N'3336B330-EFA2-4E20-B041-1823C6DCC2CB', N'configuration', N'error', N'Print quality settings adjusted', NULL, N'BDDFAEA1-E79B-401B-AE0C-34F60939BDEF', NULL, NULL, 0, NULL, NULL, NULL, N'192.213.205.61', N'2025-09-22 16:04:27'),
(N'8A017434-4BE2-4885-B6E9-5A21370351A8', N'3336B330-EFA2-4E20-B041-1823C6DCC2CB', N'admin_action', N'critical', N'Printer access logs reviewed', NULL, N'0A0377EC-F5AC-4DC1-B9B9-94DA7F70DDD0', NULL, NULL, 0, NULL, NULL, NULL, N'233.255.197.150', N'2025-06-06 16:04:27'),
(N'F487950A-D7B9-449D-811D-7AE1835F3109', N'3336B330-EFA2-4E20-B041-1823C6DCC2CB', N'admin_action', N'error', N'Printer access logs reviewed', NULL, N'DA4259F4-4CCC-450C-B6BE-8B983033EDD9', NULL, NULL, 0, NULL, NULL, NULL, N'217.253.107.215', N'2025-07-12 16:04:27'),
(N'F1A0A251-F21F-4D2E-8740-585B227B3CCD', N'3336B330-EFA2-4E20-B041-1823C6DCC2CB', N'print_job', N'info', N'Print job queued successfully', NULL, NULL, NULL, NULL, 0, NULL, NULL, NULL, N'217.238.247.78', N'2025-12-12 16:04:27'),
(N'C804471D-EF63-4913-8BA4-E515A084A7EE', N'3336B330-EFA2-4E20-B041-1823C6DCC2CB', N'configuration', N'info', N'Print quality settings adjusted', NULL, N'E23BCC4A-466F-4451-80C1-79AB77D1CDD6', NULL, NULL, 0, NULL, NULL, NULL, N'231.214.59.95', N'2025-02-24 16:04:27'),
(N'BCCF0E44-F541-4883-8602-FED31602025C', N'3336B330-EFA2-4E20-B041-1823C6DCC2CB', N'status_change', N'critical', N'Printer status changed to idle', NULL, NULL, NULL, NULL, 0, NULL, NULL, NULL, NULL, N'2025-04-23 16:04:27'),
(N'FE4F201B-0B17-4F2F-8B89-38238C0B4BD9', N'3336B330-EFA2-4E20-B041-1823C6DCC2CB', N'error', N'critical', N'Toner level is low', NULL, NULL, N'{"error_type": "LOW_TONER", "location": "Library & Research Center Room 211"}', N'LOW_TONER', 0, NULL, NULL, NULL, NULL, N'2025-04-15 16:04:27'),
(N'8FD134FB-6512-48EF-8006-7597382DB1CC', N'3336B330-EFA2-4E20-B041-1823C6DCC2CB', N'maintenance', N'warning', N'Cleaning cycle completed', NULL, N'DA4259F4-4CCC-450C-B6BE-8B983033EDD9', N'{"maintenance_type": "routine", "location": "Library & Research Center Room 211"}', NULL, 0, NULL, NULL, NULL, NULL, N'2025-05-19 16:04:27'),
(N'8705684F-FCBD-4FC5-BEB3-3874F5BFFBAC', N'582E363B-3974-4491-8104-76470630E3F5', N'print_job', N'info', N'Print job queued successfully', NULL, NULL, NULL, NULL, 0, NULL, NULL, NULL, N'251.192.140.101', N'2025-12-17 16:04:27'),
(N'F5C60C81-5E13-457C-9896-3696456F96DF', N'582E363B-3974-4491-8104-76470630E3F5', N'print_job', N'info', N'Print job queued successfully', NULL, NULL, NULL, NULL, 0, NULL, NULL, NULL, NULL, N'2025-11-22 16:04:27'),
(N'93DE0870-1EC3-4A16-AF46-F09D9480138A', N'582E363B-3974-4491-8104-76470630E3F5', N'maintenance', N'info', N'Paper tray refilled', NULL, N'BDDFAEA1-E79B-401B-AE0C-34F60939BDEF', N'{"maintenance_type": "routine", "location": "Library & Research Center Room 213"}', NULL, 0, NULL, NULL, NULL, NULL, N'2025-07-04 16:04:27'),
(N'826127D6-F682-46D5-B131-E2B1A9A7215C', N'582E363B-3974-4491-8104-76470630E3F5', N'maintenance', N'info', N'Paper tray refilled', NULL, N'7C738365-5A0A-486F-AD02-85D22A431855', N'{"maintenance_type": "routine", "location": "Library & Research Center Room 213"}', NULL, 0, NULL, NULL, NULL, NULL, N'2025-07-28 16:04:27'),
(N'3539FB78-0EFE-4FD9-BC6F-875FDF41DB3F', N'582E363B-3974-4491-8104-76470630E3F5', N'maintenance', N'info', N'Cleaning cycle completed', NULL, N'18C717AB-83F3-4D15-AA08-6E19B2552B24', N'{"maintenance_type": "routine", "location": "Library & Research Center Room 213"}', NULL, 0, NULL, NULL, NULL, NULL, N'2025-12-17 16:04:27'),
(N'27D416F8-32AC-4E59-8AAD-346BF5EF1758', N'582E363B-3974-4491-8104-76470630E3F5', N'print_job', N'info', N'Print job queued successfully', NULL, NULL, NULL, NULL, 0, NULL, NULL, NULL, NULL, N'2025-12-15 16:04:27'),
(N'09C018C5-141A-48BD-8355-24125BCFBAF2', N'C430BDE0-08E9-4D70-B309-267B77995A93', N'error', N'error', N'Paper tray is empty', NULL, NULL, N'{"error_type": "OUT_OF_PAPER", "location": "Library & Research Center Room 301"}', N'OUT_OF_PAPER', 0, NULL, NULL, NULL, NULL, N'2025-04-11 16:04:27'),
(N'77F1CCB8-D9A4-4FBB-86EF-92D89DBB7FD7', N'C430BDE0-08E9-4D70-B309-267B77995A93', N'status_change', N'warning', N'Printer status changed to printing', NULL, N'253AC6A0-038C-4FE5-B9CF-441A0BA152E2', NULL, NULL, 0, NULL, NULL, NULL, NULL, N'2025-03-01 16:04:27'),
(N'3EB546A1-104E-4BDC-8CBE-1CC236BC980C', N'C430BDE0-08E9-4D70-B309-267B77995A93', N'maintenance', N'warning', N'Calibration completed', NULL, N'29CF77E6-258C-4A86-B78D-2A94DE508564', N'{"maintenance_type": "routine", "location": "Library & Research Center Room 301"}', NULL, 0, NULL, NULL, NULL, NULL, N'2025-02-27 16:04:27'),
(N'708DDAF1-84AA-4373-81EC-FE4084D5CF85', N'C430BDE0-08E9-4D70-B309-267B77995A93', N'error', N'error', N'Printer went offline', NULL, NULL, N'{"error_type": "OFFLINE", "location": "Library & Research Center Room 301"}', N'OFFLINE', 1, N'2025-06-22 18:04:27', N'840B6566-9FC7-4E30-AD0F-C47A3C877F46', N'Issue resolved by clearing paper jam', NULL, N'2025-06-22 16:04:27'),
(N'B027C552-198B-4FB1-8651-9ECDDCEBDC31', N'C430BDE0-08E9-4D70-B309-267B77995A93', N'maintenance', N'warning', N'Cleaning cycle completed', NULL, N'840B6566-9FC7-4E30-AD0F-C47A3C877F46', N'{"maintenance_type": "routine", "location": "Library & Research Center Room 301"}', NULL, 0, NULL, NULL, NULL, NULL, N'2025-10-03 16:04:27'),
(N'6C78B5B1-A430-4BA0-B607-37EBAE57FC68', N'C430BDE0-08E9-4D70-B309-267B77995A93', N'status_change', N'info', N'Printer disabled for maintenance', NULL, NULL, NULL, NULL, 0, NULL, NULL, NULL, NULL, N'2025-11-16 16:04:27'),
(N'8897D628-FBA6-4187-9BD1-20CBBE171DCC', N'C430BDE0-08E9-4D70-B309-267B77995A93', N'admin_action', N'critical', N'Printer added to system', NULL, N'253AC6A0-038C-4FE5-B9CF-441A0BA152E2', NULL, NULL, 0, NULL, NULL, NULL, NULL, N'2025-11-02 16:04:27'),
(N'57D70974-C001-4CB0-B080-1B7A07441607', N'C430BDE0-08E9-4D70-B309-267B77995A93', N'admin_action', N'info', N'Printer model information updated', NULL, N'BDDFAEA1-E79B-401B-AE0C-34F60939BDEF', NULL, NULL, 0, NULL, NULL, NULL, N'246.194.64.162', N'2025-10-20 16:04:27'),
(N'AC36D57E-F79F-46FC-B89B-DD9DF0359BFC', N'C430BDE0-08E9-4D70-B309-267B77995A93', N'error', N'error', N'Paper tray is empty', NULL, NULL, N'{"error_type": "OUT_OF_PAPER", "location": "Library & Research Center Room 301"}', N'OUT_OF_PAPER', 1, N'2025-08-09 17:04:27', N'A8394F12-87AD-48E1-985B-121DC04F4EAB', N'Issue resolved after maintenance', NULL, N'2025-08-09 16:04:27'),
(N'462AA544-D016-4542-83A9-500A971C7CC7', N'C430BDE0-08E9-4D70-B309-267B77995A93', N'admin_action', N'critical', N'Printer access logs reviewed', NULL, N'7C738365-5A0A-486F-AD02-85D22A431855', NULL, NULL, 0, NULL, NULL, NULL, N'207.214.54.240', N'2025-11-03 16:04:27'),
(N'1881BE7B-A6CF-4E47-9C5E-21B82F5AF0BF', N'C430BDE0-08E9-4D70-B309-267B77995A93', N'print_job', N'info', N'Print job submitted: 1 page(s)', N'764A9209-AD07-4C43-B57A-A77E15B3388B', N'5961D952-48A0-46F5-94C7-40EDC2BD02C2', NULL, NULL, 0, NULL, NULL, NULL, NULL, N'2025-11-13 16:04:27'),
(N'D2332CD3-72D7-4410-8EC2-28F9E4E7C69C', N'C430BDE0-08E9-4D70-B309-267B77995A93', N'admin_action', N'warning', N'Printer added to system', NULL, N'29CF77E6-258C-4A86-B78D-2A94DE508564', NULL, NULL, 0, NULL, NULL, NULL, N'253.210.203.66', N'2025-12-15 16:04:27'),
(N'DCFB6D92-D507-449E-AE1B-087EEF021505', N'99345931-6D11-459C-9741-7EDC30507362', N'configuration', N'warning', N'Printer name updated', NULL, N'253AC6A0-038C-4FE5-B9CF-441A0BA152E2', NULL, NULL, 0, NULL, NULL, NULL, NULL, N'2025-06-04 16:04:27'),
(N'80E9F3B8-D1ED-4DCF-A5CD-457154DB67F0', N'99345931-6D11-459C-9741-7EDC30507362', N'status_change', N'warning', N'Printer status changed to printing', NULL, N'18C717AB-83F3-4D15-AA08-6E19B2552B24', NULL, NULL, 0, NULL, NULL, NULL, NULL, N'2025-02-01 16:04:27'),
(N'41B01F20-664E-4370-90FC-F518975A725D', N'99345931-6D11-459C-9741-7EDC30507362', N'print_job', N'info', N'Print job queued successfully', NULL, NULL, NULL, NULL, 0, NULL, NULL, NULL, N'213.179.245.218', N'2025-06-25 16:04:27'),
(N'E10F9C25-8608-47A4-A2CA-814FB4AAC7B0', N'99345931-6D11-459C-9741-7EDC30507362', N'configuration', N'warning', N'Print quality settings adjusted', NULL, N'A8394F12-87AD-48E1-985B-121DC04F4EAB', NULL, NULL, 0, NULL, NULL, NULL, NULL, N'2025-10-03 16:04:27'),
(N'35546AC0-67BC-417A-A310-92B6490AA1EA', N'99345931-6D11-459C-9741-7EDC30507362', N'admin_action', N'error', N'Printer access logs reviewed', NULL, N'840B6566-9FC7-4E30-AD0F-C47A3C877F46', NULL, NULL, 0, NULL, NULL, NULL, NULL, N'2025-03-16 16:04:27'),
(N'41B41D47-6B9C-4F03-80E4-B04A73A9EE35', N'99345931-6D11-459C-9741-7EDC30507362', N'status_change', N'warning', N'Printer status changed to printing', NULL, NULL, NULL, NULL, 0, NULL, NULL, NULL, NULL, N'2025-10-29 16:04:27'),
(N'32B5B313-8D0B-45CB-AC38-2035F49C8B74', N'99345931-6D11-459C-9741-7EDC30507362', N'error', N'error', N'Toner level is low', NULL, NULL, N'{"error_type": "LOW_TONER", "location": "Library & Research Center Room 302"}', N'LOW_TONER', 0, NULL, NULL, NULL, NULL, N'2025-12-03 16:04:27'),
(N'E070CDC2-8464-45C4-84E2-CAB56D6D6A9E', N'99345931-6D11-459C-9741-7EDC30507362', N'print_job', N'info', N'Print job queued successfully', NULL, NULL, NULL, NULL, 0, NULL, NULL, NULL, NULL, N'2025-07-12 16:04:27'),
(N'D6F610B1-B9F8-434F-94AD-5C2FC7AA0620', N'99345931-6D11-459C-9741-7EDC30507362', N'configuration', N'warning', N'Printer name updated', NULL, N'E23BCC4A-466F-4451-80C1-79AB77D1CDD6', NULL, NULL, 0, NULL, NULL, NULL, N'205.215.67.199', N'2025-02-09 16:04:27'),
(N'1FE5F0A9-32FE-4E90-A3ED-EA4FFEA81899', N'99345931-6D11-459C-9741-7EDC30507362', N'print_job', N'info', N'Print job queued successfully', NULL, NULL, NULL, NULL, 0, NULL, NULL, NULL, N'253.252.183.27', N'2025-08-10 16:04:27'),
(N'05A70F8A-03F8-4330-B969-758BA7FFC2B5', N'99345931-6D11-459C-9741-7EDC30507362', N'admin_action', N'critical', N'Printer model information updated', NULL, N'BDDFAEA1-E79B-401B-AE0C-34F60939BDEF', NULL, NULL, 0, NULL, NULL, NULL, N'247.168.192.75', N'2025-04-13 16:04:27'),
(N'E1FBFDD1-50F1-4A63-B764-44AEE2533BA5', N'99345931-6D11-459C-9741-7EDC30507362', N'configuration', N'info', N'Access permissions modified', NULL, N'A8394F12-87AD-48E1-985B-121DC04F4EAB', NULL, NULL, 0, NULL, NULL, NULL, N'205.253.20.227', N'2025-05-17 16:04:27'),
(N'20B3549F-C469-46BF-8850-B607132E6A9A', N'99345931-6D11-459C-9741-7EDC30507362', N'maintenance', N'info', N'Paper tray refilled', NULL, N'A87DACDD-DBFE-4CBE-90ED-92BA096A0319', N'{"maintenance_type": "routine", "location": "Library & Research Center Room 302"}', NULL, 0, NULL, NULL, NULL, NULL, N'2025-11-10 16:04:27'),
(N'ABB01708-81A4-4A6D-8DC4-7C4C3D07DC93', N'5C803E37-EB44-4702-9B03-0C2D869F387F', N'error', N'error', N'Hardware malfunction detected', NULL, NULL, N'{"error_type": "HARDWARE_ERROR", "location": "Library & Research Center Room 303"}', N'HARDWARE_ERROR', 1, N'2025-12-06 23:04:27', N'29CF77E6-258C-4A86-B78D-2A94DE508564', N'Hardware reset performed', NULL, N'2025-12-05 16:04:27'),
(N'B8C7ED64-DA36-43C2-B42F-3D3069B4C6E6', N'5C803E37-EB44-4702-9B03-0C2D869F387F', N'maintenance', N'info', N'Cleaning cycle completed', NULL, N'0A0377EC-F5AC-4DC1-B9B9-94DA7F70DDD0', N'{"maintenance_type": "routine", "location": "Library & Research Center Room 303"}', NULL, 0, NULL, NULL, NULL, NULL, N'2025-01-02 16:04:27'),
(N'C7CCE9E3-1816-44CD-A2A8-BC22126E238D', N'5C803E37-EB44-4702-9B03-0C2D869F387F', N'print_job', N'info', N'Print job queued successfully', NULL, NULL, NULL, NULL, 0, NULL, NULL, NULL, N'250.224.161.226', N'2025-04-01 16:04:27'),
(N'4ADF7BE5-9FA6-47AE-8D8C-9B3DFA291C80', N'5C803E37-EB44-4702-9B03-0C2D869F387F', N'status_change', N'info', N'Printer status changed to idle', NULL, N'7C738365-5A0A-486F-AD02-85D22A431855', NULL, NULL, 0, NULL, NULL, NULL, NULL, N'2025-07-27 16:04:27'),
(N'060E399B-C7BB-45A7-9A61-BCA3642554D2', N'5C803E37-EB44-4702-9B03-0C2D869F387F', N'error', N'error', N'Network connection lost', NULL, NULL, N'{"error_type": "NETWORK_ERROR", "location": "Library & Research Center Room 303"}', N'NETWORK_ERROR', 1, N'2025-11-18 12:04:27', N'E23BCC4A-466F-4451-80C1-79AB77D1CDD6', N'Hardware reset performed', NULL, N'2025-11-16 16:04:27'),
(N'65DE9F4A-4977-4796-BF8B-49AA25EE162B', N'5C803E37-EB44-4702-9B03-0C2D869F387F', N'maintenance', N'info', N'Cleaning cycle completed', NULL, N'BDDFAEA1-E79B-401B-AE0C-34F60939BDEF', N'{"maintenance_type": "routine", "location": "Library & Research Center Room 303"}', NULL, 0, NULL, NULL, NULL, NULL, N'2025-07-29 16:04:27'),
(N'4602F0BB-CC7C-4278-B339-86E89B956B17', N'5C803E37-EB44-4702-9B03-0C2D869F387F', N'admin_action', N'critical', N'Printer location updated', NULL, N'BDDFAEA1-E79B-401B-AE0C-34F60939BDEF', NULL, NULL, 0, NULL, NULL, NULL, N'240.212.26.146', N'2025-06-05 16:04:27'),
(N'A8C64F69-F71D-45DF-8A43-A6D46B2CF9D6', N'5C803E37-EB44-4702-9B03-0C2D869F387F', N'error', N'critical', N'Paper jam detected in paper path', NULL, NULL, N'{"error_type": "PAPER_JAM", "location": "Library & Research Center Room 303"}', N'PAPER_JAM', 1, N'2025-07-31 23:04:27', N'0A0377EC-F5AC-4DC1-B9B9-94DA7F70DDD0', N'Paper tray refilled', NULL, N'2025-07-31 16:04:27'),
(N'517BA26A-CB26-4B1B-9217-57A111C42A85', N'5C803E37-EB44-4702-9B03-0C2D869F387F', N'admin_action', N'info', N'Printer access logs reviewed', NULL, N'DA4259F4-4CCC-450C-B6BE-8B983033EDD9', NULL, NULL, 0, NULL, NULL, NULL, NULL, N'2025-10-19 16:04:27'),
(N'BFCB12AC-AF22-4587-8445-0980F9E6C893', N'5C803E37-EB44-4702-9B03-0C2D869F387F', N'print_job', N'info', N'Print job queued successfully', NULL, NULL, NULL, NULL, 0, NULL, NULL, NULL, NULL, N'2025-12-26 16:04:27'),
(N'8F6DB823-901F-4086-B083-50E7EC3960AD', N'5C803E37-EB44-4702-9B03-0C2D869F387F', N'configuration', N'critical', N'Print quality settings adjusted', NULL, N'18C717AB-83F3-4D15-AA08-6E19B2552B24', NULL, NULL, 0, NULL, NULL, NULL, N'204.251.45.102', N'2025-01-22 16:04:27'),
(N'450C8EBA-25BF-4917-961D-D8D227205DFC', N'5C803E37-EB44-4702-9B03-0C2D869F387F', N'admin_action', N'warning', N'Printer model information updated', NULL, N'253AC6A0-038C-4FE5-B9CF-441A0BA152E2', NULL, NULL, 0, NULL, NULL, NULL, NULL, N'2025-02-28 16:04:27'),
(N'8815F820-6FB2-4C1B-8D99-D2BE9B607718', N'5C803E37-EB44-4702-9B03-0C2D869F387F', N'configuration', N'critical', N'Printer name updated', NULL, N'29CF77E6-258C-4A86-B78D-2A94DE508564', NULL, NULL, 0, NULL, NULL, NULL, NULL, N'2025-09-22 16:04:27'),
(N'F521477C-9E09-443F-9AE0-14A27CAA446A', N'A36A84B5-B540-4A5A-8BCC-799DD2BAE2FE', N'maintenance', N'warning', N'Scheduled maintenance performed', NULL, N'253AC6A0-038C-4FE5-B9CF-441A0BA152E2', N'{"maintenance_type": "routine", "location": "Library & Research Center Room 309"}', NULL, 0, NULL, NULL, NULL, NULL, N'2025-07-07 16:04:27'),
(N'288D2332-69BF-4ED0-A9AC-44CAEFD8E007', N'A36A84B5-B540-4A5A-8BCC-799DD2BAE2FE', N'configuration', N'error', N'Printer name updated', NULL, N'0A0377EC-F5AC-4DC1-B9B9-94DA7F70DDD0', NULL, NULL, 0, NULL, NULL, NULL, N'206.242.249.154', N'2025-04-13 16:04:27'),
(N'A77AA90D-42F4-4DFB-A673-25B6756C9E30', N'A36A84B5-B540-4A5A-8BCC-799DD2BAE2FE', N'configuration', N'error', N'Default paper size changed', NULL, N'18C717AB-83F3-4D15-AA08-6E19B2552B24', NULL, NULL, 0, NULL, NULL, NULL, N'222.254.21.142', N'2025-07-23 16:04:27'),
(N'E28DB868-8F8A-4EEC-A373-1B72E6BB0A8F', N'A36A84B5-B540-4A5A-8BCC-799DD2BAE2FE', N'configuration', N'critical', N'Print quality settings adjusted', NULL, N'E23BCC4A-466F-4451-80C1-79AB77D1CDD6', NULL, NULL, 0, NULL, NULL, NULL, NULL, N'2025-10-04 16:04:27'),
(N'0BC22513-5C83-414F-B7C6-D97E0AA16B20', N'A36A84B5-B540-4A5A-8BCC-799DD2BAE2FE', N'status_change', N'warning', N'Printer disabled for maintenance', NULL, NULL, NULL, NULL, 0, NULL, NULL, NULL, NULL, N'2025-02-08 16:04:27'),
(N'170D8217-13BE-4495-BCAE-BF1C9141F3A4', N'A36A84B5-B540-4A5A-8BCC-799DD2BAE2FE', N'maintenance', N'info', N'Firmware update installed', NULL, N'A87DACDD-DBFE-4CBE-90ED-92BA096A0319', N'{"maintenance_type": "routine", "location": "Library & Research Center Room 309"}', NULL, 0, NULL, NULL, NULL, NULL, N'2025-05-01 16:04:27'),
(N'66AA052B-4A9D-48ED-B790-68CE9A391ED5', N'A36A84B5-B540-4A5A-8BCC-799DD2BAE2FE', N'configuration', N'critical', N'Print quality settings adjusted', NULL, N'18C717AB-83F3-4D15-AA08-6E19B2552B24', NULL, NULL, 0, NULL, NULL, NULL, NULL, N'2025-03-24 16:04:27'),
(N'E67A7DB1-49F8-4011-A42B-5C26ECD6814C', N'A36A84B5-B540-4A5A-8BCC-799DD2BAE2FE', N'status_change', N'critical', N'Printer disabled for maintenance', NULL, NULL, NULL, NULL, 0, NULL, NULL, NULL, NULL, N'2025-07-16 16:04:27'),
(N'3928261C-2AF3-4F51-A8A6-87E451A18C9D', N'B5F5ADF2-C0EC-4F5F-88F9-6460349AB0B7', N'maintenance', N'info', N'Paper tray refilled', NULL, N'BDDFAEA1-E79B-401B-AE0C-34F60939BDEF', N'{"maintenance_type": "routine", "location": "Library & Research Center Room 311"}', NULL, 0, NULL, NULL, NULL, NULL, N'2025-11-14 16:04:27'),
(N'525083EB-9F47-4CD3-A63A-E87087EEEE5F', N'B5F5ADF2-C0EC-4F5F-88F9-6460349AB0B7', N'maintenance', N'warning', N'Scheduled maintenance performed', NULL, N'A87DACDD-DBFE-4CBE-90ED-92BA096A0319', N'{"maintenance_type": "routine", "location": "Library & Research Center Room 311"}', NULL, 0, NULL, NULL, NULL, NULL, N'2025-05-17 16:04:27'),
(N'6136BB30-1366-456F-BA32-AA3E44ACD4C8', N'B5F5ADF2-C0EC-4F5F-88F9-6460349AB0B7', N'error', N'error', N'Paper jam detected in paper path', NULL, NULL, N'{"error_type": "PAPER_JAM", "location": "Library & Research Center Room 311"}', N'PAPER_JAM', 1, N'2025-01-19 22:04:27', N'840B6566-9FC7-4E30-AD0F-C47A3C877F46', N'Issue resolved by clearing paper jam', NULL, N'2025-01-19 16:04:27'),
(N'69E2572A-9B1A-4B04-8087-9902D754E154', N'B5F5ADF2-C0EC-4F5F-88F9-6460349AB0B7', N'configuration', N'error', N'Default paper size changed', NULL, N'0A0377EC-F5AC-4DC1-B9B9-94DA7F70DDD0', NULL, NULL, 0, NULL, NULL, NULL, N'211.251.139.119', N'2025-02-01 16:04:27'),
(N'11E084A2-5874-4222-9A83-AC02B23A3B41', N'B5F5ADF2-C0EC-4F5F-88F9-6460349AB0B7', N'error', N'error', N'Toner level is low', NULL, NULL, N'{"error_type": "LOW_TONER", "location": "Library & Research Center Room 311"}', N'LOW_TONER', 1, N'2025-09-05 13:04:27', N'E23BCC4A-466F-4451-80C1-79AB77D1CDD6', N'Network connection restored', NULL, N'2025-09-04 16:04:27'),
(N'7FA27A06-D0DF-41E2-B254-D282F7C46F0B', N'B5F5ADF2-C0EC-4F5F-88F9-6460349AB0B7', N'maintenance', N'warning', N'Firmware update installed', NULL, N'253AC6A0-038C-4FE5-B9CF-441A0BA152E2', N'{"maintenance_type": "routine", "location": "Library & Research Center Room 311"}', NULL, 0, NULL, NULL, NULL, NULL, N'2025-09-27 16:04:27'),
(N'0BE3E049-3960-4612-807C-EB0C199ED147', N'B5F5ADF2-C0EC-4F5F-88F9-6460349AB0B7', N'print_job', N'info', N'Print job queued successfully', NULL, NULL, NULL, NULL, 0, NULL, NULL, NULL, N'251.197.221.248', N'2025-02-25 16:04:27'),
(N'BDBACFA2-0206-4DE2-994D-C2EBB44D293C', N'B5F5ADF2-C0EC-4F5F-88F9-6460349AB0B7', N'admin_action', N'warning', N'Printer access logs reviewed', NULL, N'840B6566-9FC7-4E30-AD0F-C47A3C877F46', NULL, NULL, 0, NULL, NULL, NULL, N'202.203.7.227', N'2025-05-20 16:04:27'),
(N'D61BDF39-B29E-47E8-8987-6B078982B291', N'B5F5ADF2-C0EC-4F5F-88F9-6460349AB0B7', N'status_change', N'info', N'Printer status changed to printing', NULL, NULL, NULL, NULL, 0, NULL, NULL, NULL, NULL, N'2025-08-02 16:04:27'),
(N'9762AE33-5757-4B28-AAA3-CFAD02B97559', N'B5F5ADF2-C0EC-4F5F-88F9-6460349AB0B7', N'configuration', N'warning', N'Printer name updated', NULL, N'7C738365-5A0A-486F-AD02-85D22A431855', NULL, NULL, 0, NULL, NULL, NULL, N'252.197.6.188', N'2025-06-11 16:04:27'),
(N'DBA90D5F-17AA-473D-92A1-90B3F34EA9EE', N'B5F5ADF2-C0EC-4F5F-88F9-6460349AB0B7', N'maintenance', N'warning', N'Calibration completed', NULL, N'0A0377EC-F5AC-4DC1-B9B9-94DA7F70DDD0', N'{"maintenance_type": "routine", "location": "Library & Research Center Room 311"}', NULL, 0, NULL, NULL, NULL, NULL, N'2025-04-18 16:04:27'),
(N'56027EF4-D087-4C3F-AA30-7794519E5EFA', N'B5F5ADF2-C0EC-4F5F-88F9-6460349AB0B7', N'print_job', N'info', N'Print job queued successfully', NULL, NULL, NULL, NULL, 0, NULL, NULL, NULL, NULL, N'2025-01-03 16:04:27'),
(N'A1737233-D35C-41B6-AEB7-2C17D57368A9', N'B5F5ADF2-C0EC-4F5F-88F9-6460349AB0B7', N'error', N'error', N'Toner level is low', NULL, NULL, N'{"error_type": "LOW_TONER", "location": "Library & Research Center Room 311"}', N'LOW_TONER', 0, NULL, NULL, NULL, NULL, N'2025-04-16 16:04:27'),
(N'F80D3A68-EDE0-4848-AB1A-8A0124810A8C', N'1D1BEEE6-0CCF-4727-ADAF-C5D51A796FE3', N'configuration', N'info', N'Printer name updated', NULL, N'18C717AB-83F3-4D15-AA08-6E19B2552B24', NULL, NULL, 0, NULL, NULL, NULL, N'218.219.140.218', N'2025-04-19 16:04:27'),
(N'CECF3ABE-2FED-4015-ABC6-A171F8013F34', N'1D1BEEE6-0CCF-4727-ADAF-C5D51A796FE3', N'admin_action', N'warning', N'Printer removed from system', NULL, N'BDDFAEA1-E79B-401B-AE0C-34F60939BDEF', NULL, NULL, 0, NULL, NULL, NULL, NULL, N'2025-11-09 16:04:27'),
(N'C5A61848-C4B8-48D4-82F0-FEDB0DA80CA1', N'1D1BEEE6-0CCF-4727-ADAF-C5D51A796FE3', N'maintenance', N'warning', N'Scheduled maintenance performed', NULL, N'DA4259F4-4CCC-450C-B6BE-8B983033EDD9', N'{"maintenance_type": "routine", "location": "Library & Research Center Room 313"}', NULL, 0, NULL, NULL, NULL, NULL, N'2025-12-26 16:04:27'),
(N'FBCCF0B1-DCAD-49C5-BDFF-5A6E07EB6B64', N'1D1BEEE6-0CCF-4727-ADAF-C5D51A796FE3', N'configuration', N'info', N'Print quality settings adjusted', NULL, N'E23BCC4A-466F-4451-80C1-79AB77D1CDD6', NULL, NULL, 0, NULL, NULL, NULL, NULL, N'2025-05-18 16:04:27'),
(N'A104A7C8-B785-401B-999F-87FCDCC531D7', N'1D1BEEE6-0CCF-4727-ADAF-C5D51A796FE3', N'error', N'critical', N'Printer door is open', NULL, NULL, N'{"error_type": "DOOR_OPEN", "location": "Library & Research Center Room 313"}', N'DOOR_OPEN', 0, NULL, NULL, NULL, NULL, N'2025-07-20 16:04:27'),
(N'2A145C6C-3282-4848-8D9C-D96B7906A189', N'1D1BEEE6-0CCF-4727-ADAF-C5D51A796FE3', N'error', N'critical', N'Hardware malfunction detected', NULL, NULL, N'{"error_type": "HARDWARE_ERROR", "location": "Library & Research Center Room 313"}', N'HARDWARE_ERROR', 0, NULL, NULL, NULL, NULL, N'2025-07-27 16:04:27'),
(N'0E5E6777-BEF3-44A3-9B9E-7E27E28CDA64', N'59FA4496-B626-4427-B38A-750F0ACF3194', N'admin_action', N'warning', N'Printer access logs reviewed', NULL, N'DA4259F4-4CCC-450C-B6BE-8B983033EDD9', NULL, NULL, 0, NULL, NULL, NULL, NULL, N'2024-12-29 16:04:27'),
(N'6C22E45C-DEBD-4FFE-8879-EB74178488ED', N'59FA4496-B626-4427-B38A-750F0ACF3194', N'print_job', N'info', N'Print job queued successfully', NULL, NULL, NULL, NULL, 0, NULL, NULL, NULL, NULL, N'2025-01-19 16:04:27'),
(N'C87A38F0-20A7-47C5-9E5E-03E83947CF8D', N'59FA4496-B626-4427-B38A-750F0ACF3194', N'error', N'critical', N'Toner level is low', NULL, NULL, N'{"error_type": "LOW_TONER", "location": "Library & Research Center Room 401"}', N'LOW_TONER', 1, N'2025-05-31 05:04:27', N'A87DACDD-DBFE-4CBE-90ED-92BA096A0319', N'Issue resolved after maintenance', NULL, N'2025-05-29 16:04:27'),
(N'A61BF54A-86CF-46CF-A34B-6B2146B94206', N'59FA4496-B626-4427-B38A-750F0ACF3194', N'maintenance', N'warning', N'Cleaning cycle completed', NULL, N'A8394F12-87AD-48E1-985B-121DC04F4EAB', N'{"maintenance_type": "routine", "location": "Library & Research Center Room 401"}', NULL, 0, NULL, NULL, NULL, NULL, N'2025-06-24 16:04:27'),
(N'20ADD1C1-0029-47E3-BE2A-79664557A7CD', N'59FA4496-B626-4427-B38A-750F0ACF3194', N'error', N'critical', N'Printer went offline', NULL, NULL, N'{"error_type": "OFFLINE", "location": "Library & Research Center Room 401"}', N'OFFLINE', 1, N'2025-02-13 22:04:27', N'0A0377EC-F5AC-4DC1-B9B9-94DA7F70DDD0', N'Toner cartridge replaced', NULL, N'2025-02-12 16:04:27'),
(N'1E9AE4B9-76FE-4DE6-B38D-68DC30F310DE', N'911CA270-9933-4877-A7FA-BA094959706A', N'print_job', N'info', N'Print job queued successfully', NULL, NULL, NULL, NULL, 0, NULL, NULL, NULL, N'222.236.171.35', N'2025-11-24 16:04:27'),
(N'33CAD410-23B0-45FD-B71F-1708C3183253', N'911CA270-9933-4877-A7FA-BA094959706A', N'status_change', N'error', N'Printer disabled for maintenance', NULL, N'7C738365-5A0A-486F-AD02-85D22A431855', NULL, NULL, 0, NULL, NULL, NULL, NULL, N'2025-06-23 16:04:27'),
(N'6023866A-7ACC-48EE-B000-F77EEB0908F0', N'911CA270-9933-4877-A7FA-BA094959706A', N'maintenance', N'warning', N'Paper tray refilled', NULL, N'A8394F12-87AD-48E1-985B-121DC04F4EAB', N'{"maintenance_type": "routine", "location": "Library & Research Center Room 402"}', NULL, 0, NULL, NULL, NULL, NULL, N'2025-06-15 16:04:27'),
(N'8A3DD765-168A-4F94-97A8-6138A9511F69', N'911CA270-9933-4877-A7FA-BA094959706A', N'print_job', N'info', N'Print job queued successfully', NULL, NULL, NULL, NULL, 0, NULL, NULL, NULL, N'209.220.84.226', N'2025-09-14 16:04:27'),
(N'69863338-3BC3-49C0-A385-72CFFBF028C7', N'911CA270-9933-4877-A7FA-BA094959706A', N'maintenance', N'warning', N'Scheduled maintenance performed', NULL, N'7C738365-5A0A-486F-AD02-85D22A431855', N'{"maintenance_type": "routine", "location": "Library & Research Center Room 402"}', NULL, 0, NULL, NULL, NULL, NULL, N'2025-03-21 16:04:27'),
(N'6214E7C4-20FA-425E-A402-03186C25C365', N'911CA270-9933-4877-A7FA-BA094959706A', N'admin_action', N'error', N'Printer added to system', NULL, N'A87DACDD-DBFE-4CBE-90ED-92BA096A0319', NULL, NULL, 0, NULL, NULL, NULL, N'218.217.157.75', N'2025-02-11 16:04:27'),
(N'1D99868F-67E3-41A3-A5EB-38FB1AA199D4', N'911CA270-9933-4877-A7FA-BA094959706A', N'error', N'error', N'Hardware malfunction detected', NULL, NULL, N'{"error_type": "HARDWARE_ERROR", "location": "Library & Research Center Room 402"}', N'HARDWARE_ERROR', 0, NULL, NULL, NULL, NULL, N'2025-03-27 16:04:27'),
(N'A027FBD0-C60B-4663-A04F-7164E888927D', N'911CA270-9933-4877-A7FA-BA094959706A', N'status_change', N'info', N'Printer status changed to idle', NULL, N'253AC6A0-038C-4FE5-B9CF-441A0BA152E2', NULL, NULL, 0, NULL, NULL, NULL, NULL, N'2025-03-30 16:04:27'),
(N'472F4837-E8DD-4FFD-A4D9-3DC98CD079DF', N'911CA270-9933-4877-A7FA-BA094959706A', N'admin_action', N'error', N'Printer removed from system', NULL, N'A87DACDD-DBFE-4CBE-90ED-92BA096A0319', NULL, NULL, 0, NULL, NULL, NULL, N'225.205.254.62', N'2025-06-06 16:04:27'),
(N'D68FEF68-E223-4FE2-83B1-82CC3B466CBE', N'911CA270-9933-4877-A7FA-BA094959706A', N'maintenance', N'info', N'Cleaning cycle completed', NULL, N'18C717AB-83F3-4D15-AA08-6E19B2552B24', N'{"maintenance_type": "routine", "location": "Library & Research Center Room 402"}', NULL, 0, NULL, NULL, NULL, NULL, N'2025-12-18 16:04:27'),
(N'90FF67A9-5C47-4F80-A87C-C8D45A5BE07F', N'42B1311C-94FF-481B-905D-06CB5CBBC99B', N'print_job', N'info', N'Print job submitted: 29 page(s)', N'884A7CAB-62F7-4D46-A8B6-27E30E943FFD', N'5961D952-48A0-46F5-94C7-40EDC2BD02C2', NULL, NULL, 0, NULL, NULL, NULL, N'219.200.225.203', N'2025-01-17 16:04:27'),
(N'0F5EBD8F-C569-49D0-9630-8A797AEC1039', N'42B1311C-94FF-481B-905D-06CB5CBBC99B', N'admin_action', N'critical', N'Printer model information updated', NULL, N'18C717AB-83F3-4D15-AA08-6E19B2552B24', NULL, NULL, 0, NULL, NULL, NULL, N'205.185.2.113', N'2025-10-19 16:04:27'),
(N'722A9A78-5E15-41F0-AC71-1D51EA4E1B77', N'42B1311C-94FF-481B-905D-06CB5CBBC99B', N'maintenance', N'warning', N'Scheduled maintenance performed', NULL, N'BDDFAEA1-E79B-401B-AE0C-34F60939BDEF', N'{"maintenance_type": "routine", "location": "Library & Research Center Room 403"}', NULL, 0, NULL, NULL, NULL, NULL, N'2025-07-07 16:04:27'),
(N'68F80375-F834-448C-A0D0-5D5E58C3F8EB', N'42B1311C-94FF-481B-905D-06CB5CBBC99B', N'print_job', N'info', N'Print job submitted: 6 page(s)', N'DED2A736-29D7-4ACB-8BDB-5D70E17845F9', N'5961D952-48A0-46F5-94C7-40EDC2BD02C2', NULL, NULL, 0, NULL, NULL, NULL, NULL, N'2025-07-06 16:04:27'),
(N'862E2E34-2D89-45E6-A3B9-FFD9D2D86CB1', N'42B1311C-94FF-481B-905D-06CB5CBBC99B', N'admin_action', N'error', N'Printer removed from system', NULL, N'A8394F12-87AD-48E1-985B-121DC04F4EAB', NULL, NULL, 0, NULL, NULL, NULL, N'215.196.203.77', N'2025-02-04 16:04:27'),
(N'7228321E-489D-47FA-AE8A-E8CFD7D9DBB1', N'E4D136DC-7BBB-43A8-BB22-EF7E8DA2DEF3', N'configuration', N'critical', N'Print quality settings adjusted', NULL, N'0A0377EC-F5AC-4DC1-B9B9-94DA7F70DDD0', NULL, NULL, 0, NULL, NULL, NULL, N'221.251.7.117', N'2025-09-05 16:04:27'),
(N'4058ED0F-7F6B-4CC5-B3F1-859A28CE0EB8', N'E4D136DC-7BBB-43A8-BB22-EF7E8DA2DEF3', N'print_job', N'info', N'Print job submitted: 11 page(s)', N'5835A31F-6293-47CF-8E3F-51D15595104C', N'694027FC-8213-4365-BE48-E6BEF174483D', NULL, NULL, 0, NULL, NULL, NULL, N'221.195.220.123', N'2025-08-30 16:04:27'),
(N'495E0CAA-0492-4AD8-8772-CCBD18ABD589', N'E4D136DC-7BBB-43A8-BB22-EF7E8DA2DEF3', N'maintenance', N'warning', N'Cleaning cycle completed', NULL, N'BDDFAEA1-E79B-401B-AE0C-34F60939BDEF', N'{"maintenance_type": "routine", "location": "Library & Research Center Room 408"}', NULL, 0, NULL, NULL, NULL, NULL, N'2025-11-25 16:04:27'),
(N'8C015A0C-6367-4416-A509-DD2C75CE58F9', N'E4D136DC-7BBB-43A8-BB22-EF7E8DA2DEF3', N'print_job', N'info', N'Print job submitted: 11 page(s)', N'5835A31F-6293-47CF-8E3F-51D15595104C', N'694027FC-8213-4365-BE48-E6BEF174483D', NULL, NULL, 0, NULL, NULL, NULL, N'253.219.78.168', N'2025-05-02 16:04:27'),
(N'85E82DDE-3C07-48B3-B0E9-853E6B47CF75', N'E4D136DC-7BBB-43A8-BB22-EF7E8DA2DEF3', N'print_job', N'info', N'Print job queued successfully', NULL, NULL, NULL, NULL, 0, NULL, NULL, NULL, N'200.237.194.242', N'2025-01-01 16:04:27'),
(N'8DC9D6F0-18AE-410E-8DA8-348E96DD1AAE', N'E4D136DC-7BBB-43A8-BB22-EF7E8DA2DEF3', N'maintenance', N'info', N'Calibration completed', NULL, N'18C717AB-83F3-4D15-AA08-6E19B2552B24', N'{"maintenance_type": "routine", "location": "Library & Research Center Room 408"}', NULL, 0, NULL, NULL, NULL, NULL, N'2025-05-29 16:04:27'),
(N'836B7EB5-239C-4BB7-B632-2357AAE5E237', N'E4D136DC-7BBB-43A8-BB22-EF7E8DA2DEF3', N'maintenance', N'warning', N'Firmware update installed', NULL, N'840B6566-9FC7-4E30-AD0F-C47A3C877F46', N'{"maintenance_type": "routine", "location": "Library & Research Center Room 408"}', NULL, 0, NULL, NULL, NULL, NULL, N'2025-11-21 16:04:27'),
(N'1EF9C475-C467-4C9F-8CED-4F198C0E1CE2', N'E4D136DC-7BBB-43A8-BB22-EF7E8DA2DEF3', N'configuration', N'info', N'Access permissions modified', NULL, N'E23BCC4A-466F-4451-80C1-79AB77D1CDD6', NULL, NULL, 0, NULL, NULL, NULL, N'228.196.34.6', N'2025-02-16 16:04:27'),
(N'E215FA23-B2BF-43EA-8467-629CB336C44E', N'E4D136DC-7BBB-43A8-BB22-EF7E8DA2DEF3', N'maintenance', N'warning', N'Paper tray refilled', NULL, N'29CF77E6-258C-4A86-B78D-2A94DE508564', N'{"maintenance_type": "routine", "location": "Library & Research Center Room 408"}', NULL, 0, NULL, NULL, NULL, NULL, N'2025-12-12 16:04:27'),
(N'B5831131-95EF-4BBB-A915-39529EF9E07C', N'E4D136DC-7BBB-43A8-BB22-EF7E8DA2DEF3', N'configuration', N'critical', N'Access permissions modified', NULL, N'7C738365-5A0A-486F-AD02-85D22A431855', NULL, NULL, 0, NULL, NULL, NULL, NULL, N'2025-12-05 16:04:27'),
(N'38412564-36CA-4A4D-BB23-3AC1EB06D690', N'E4D136DC-7BBB-43A8-BB22-EF7E8DA2DEF3', N'configuration', N'info', N'Default paper size changed', NULL, N'7C738365-5A0A-486F-AD02-85D22A431855', NULL, NULL, 0, NULL, NULL, NULL, NULL, N'2025-09-26 16:04:27'),
(N'ACA05107-562C-4EB2-9878-50FE219AD28C', N'E4D136DC-7BBB-43A8-BB22-EF7E8DA2DEF3', N'print_job', N'info', N'Print job submitted: 11 page(s)', N'5835A31F-6293-47CF-8E3F-51D15595104C', N'694027FC-8213-4365-BE48-E6BEF174483D', NULL, NULL, 0, NULL, NULL, NULL, N'200.212.203.253', N'2025-11-27 16:04:27'),
(N'1D2E5AC3-0E77-426B-B881-F2894B8AC872', N'E4D136DC-7BBB-43A8-BB22-EF7E8DA2DEF3', N'configuration', N'info', N'Default paper size changed', NULL, N'A8394F12-87AD-48E1-985B-121DC04F4EAB', NULL, NULL, 0, NULL, NULL, NULL, N'252.203.111.228', N'2025-04-17 16:04:27'),
(N'C5B5A11A-6354-43FC-AC2F-2EF2CFDF9D9F', N'E4D136DC-7BBB-43A8-BB22-EF7E8DA2DEF3', N'error', N'error', N'Toner cartridge is empty', NULL, NULL, N'{"error_type": "OUT_OF_TONER", "location": "Library & Research Center Room 408"}', N'OUT_OF_TONER', 1, N'2025-10-10 17:04:27', N'0A0377EC-F5AC-4DC1-B9B9-94DA7F70DDD0', N'Issue resolved after maintenance', NULL, N'2025-10-09 16:04:27'),
(N'6BC24638-5C7C-4F1D-9BDE-739120DCE9E7', N'3ADD9069-6D60-45C1-BAC3-92DBA05647BA', N'maintenance', N'warning', N'Cleaning cycle completed', NULL, N'18C717AB-83F3-4D15-AA08-6E19B2552B24', N'{"maintenance_type": "routine", "location": "Library & Research Center Room 410"}', NULL, 0, NULL, NULL, NULL, NULL, N'2025-06-06 16:04:27'),
(N'489CF2DD-8FFF-4A4B-9150-9F8A06509012', N'3ADD9069-6D60-45C1-BAC3-92DBA05647BA', N'maintenance', N'info', N'Calibration completed', NULL, N'BDDFAEA1-E79B-401B-AE0C-34F60939BDEF', N'{"maintenance_type": "routine", "location": "Library & Research Center Room 410"}', NULL, 0, NULL, NULL, NULL, NULL, N'2025-07-08 16:04:27'),
(N'88EBCC47-7E6A-41BB-900B-3F150951067D', N'3ADD9069-6D60-45C1-BAC3-92DBA05647BA', N'configuration', N'warning', N'Access permissions modified', NULL, N'A87DACDD-DBFE-4CBE-90ED-92BA096A0319', NULL, NULL, 0, NULL, NULL, NULL, N'214.216.235.22', N'2025-07-18 16:04:27'),
(N'AF930E4C-DC10-4BE6-8B56-909820F2F238', N'3ADD9069-6D60-45C1-BAC3-92DBA05647BA', N'admin_action', N'critical', N'Printer added to system', NULL, N'18C717AB-83F3-4D15-AA08-6E19B2552B24', NULL, NULL, 0, NULL, NULL, NULL, N'229.245.110.234', N'2025-11-23 16:04:27'),
(N'4C896157-C6A2-4996-BC4B-EDCBCDC63141', N'3ADD9069-6D60-45C1-BAC3-92DBA05647BA', N'maintenance', N'info', N'Calibration completed', NULL, N'A8394F12-87AD-48E1-985B-121DC04F4EAB', N'{"maintenance_type": "routine", "location": "Library & Research Center Room 410"}', NULL, 0, NULL, NULL, NULL, NULL, N'2025-08-13 16:04:27'),
(N'562EC4BE-5239-4431-9335-BBF599CF6FC0', N'3ADD9069-6D60-45C1-BAC3-92DBA05647BA', N'error', N'error', N'Toner level is low', NULL, NULL, N'{"error_type": "LOW_TONER", "location": "Library & Research Center Room 410"}', N'LOW_TONER', 1, N'2025-01-09 04:04:27', N'29CF77E6-258C-4A86-B78D-2A94DE508564', N'Issue resolved by clearing paper jam', NULL, N'2025-01-07 16:04:27'),
(N'8FAA0AB1-D789-43DF-8A81-67455AB8A7CE', N'3ADD9069-6D60-45C1-BAC3-92DBA05647BA', N'admin_action', N'error', N'Printer removed from system', NULL, N'A87DACDD-DBFE-4CBE-90ED-92BA096A0319', NULL, NULL, 0, NULL, NULL, NULL, NULL, N'2025-06-03 16:04:27'),
(N'9FED1AAA-7184-4110-9A09-E946A4022DF2', N'3ADD9069-6D60-45C1-BAC3-92DBA05647BA', N'maintenance', N'warning', N'Paper tray refilled', NULL, N'253AC6A0-038C-4FE5-B9CF-441A0BA152E2', N'{"maintenance_type": "routine", "location": "Library & Research Center Room 410"}', NULL, 0, NULL, NULL, NULL, NULL, N'2025-01-03 16:04:27'),
(N'C8DC662D-F02F-4436-901F-AEBFAE57AD66', N'F9090D10-897F-4F56-A9C9-D9076A360C1B', N'maintenance', N'info', N'Cleaning cycle completed', NULL, N'253AC6A0-038C-4FE5-B9CF-441A0BA152E2', N'{"maintenance_type": "routine", "location": "Library & Research Center Room 411"}', NULL, 0, NULL, NULL, NULL, NULL, N'2025-12-25 16:04:27'),
(N'0EBA6CB4-7A23-4F3E-92D8-05569DB5A93B', N'F9090D10-897F-4F56-A9C9-D9076A360C1B', N'admin_action', N'warning', N'Printer removed from system', NULL, N'29CF77E6-258C-4A86-B78D-2A94DE508564', NULL, NULL, 0, NULL, NULL, NULL, N'212.170.78.58', N'2025-11-24 16:04:27'),
(N'76A3D8B0-2B8D-467C-A3E9-33F99C8F2632', N'F9090D10-897F-4F56-A9C9-D9076A360C1B', N'configuration', N'error', N'Printer network settings updated', NULL, N'840B6566-9FC7-4E30-AD0F-C47A3C877F46', NULL, NULL, 0, NULL, NULL, NULL, N'232.218.51.140', N'2025-02-20 16:04:27'),
(N'56D86A11-831D-4FCC-934E-7575A22567FF', N'F9090D10-897F-4F56-A9C9-D9076A360C1B', N'print_job', N'info', N'Print job submitted: 36 page(s)', N'6B9112AF-F3ED-450D-996F-B664A259254B', N'22261F46-CC7E-4CD0-9ECD-1CDE8BAA53A2', NULL, NULL, 0, NULL, NULL, NULL, N'214.243.181.237', N'2025-01-21 16:04:27'),
(N'920B52F2-2D8C-4F9D-A6EC-4A07B129C78D', N'F9090D10-897F-4F56-A9C9-D9076A360C1B', N'print_job', N'info', N'Print job submitted: 36 page(s)', N'6B9112AF-F3ED-450D-996F-B664A259254B', N'22261F46-CC7E-4CD0-9ECD-1CDE8BAA53A2', NULL, NULL, 0, NULL, NULL, NULL, N'203.179.42.252', N'2025-08-25 16:04:27'),
(N'C81510B5-7F46-4B78-891B-C31E60E84510', N'F9090D10-897F-4F56-A9C9-D9076A360C1B', N'error', N'critical', N'Paper jam detected in paper path', NULL, NULL, N'{"error_type": "PAPER_JAM", "location": "Library & Research Center Room 411"}', N'PAPER_JAM', 1, N'2024-12-27 18:04:27', N'A8394F12-87AD-48E1-985B-121DC04F4EAB', N'Issue resolved after maintenance', NULL, N'2024-12-27 16:04:27'),
(N'7B5E19C3-5B63-4BD5-9D03-916A9673E9FC', N'F9090D10-897F-4F56-A9C9-D9076A360C1B', N'configuration', N'critical', N'Print quality settings adjusted', NULL, N'E23BCC4A-466F-4451-80C1-79AB77D1CDD6', NULL, NULL, 0, NULL, NULL, NULL, N'251.174.229.224', N'2025-02-22 16:04:27'),
(N'10C99138-7E0A-4732-A400-2A91AA9CCA3A', N'F9090D10-897F-4F56-A9C9-D9076A360C1B', N'configuration', N'warning', N'Access permissions modified', NULL, N'7C738365-5A0A-486F-AD02-85D22A431855', NULL, NULL, 0, NULL, NULL, NULL, N'212.211.35.28', N'2025-11-05 16:04:27'),
(N'FE37C7BD-A9FD-4E6E-AE42-B9C9096DA639', N'F9090D10-897F-4F56-A9C9-D9076A360C1B', N'error', N'error', N'Paper jam detected in paper path', NULL, NULL, N'{"error_type": "PAPER_JAM", "location": "Library & Research Center Room 411"}', N'PAPER_JAM', 1, N'2025-04-18 06:04:27', N'A8394F12-87AD-48E1-985B-121DC04F4EAB', N'Network connection restored', NULL, N'2025-04-16 16:04:27'),
(N'D888E1F1-5A68-4A31-B4F7-F593323000D1', N'89F97553-E2F3-40AE-AD55-D990869F18CE', N'configuration', N'critical', N'Printer name updated', NULL, N'0A0377EC-F5AC-4DC1-B9B9-94DA7F70DDD0', NULL, NULL, 0, NULL, NULL, NULL, N'245.212.80.20', N'2025-07-25 16:04:27'),
(N'D933C300-D1FC-455A-98BD-AF80FFD4443D', N'89F97553-E2F3-40AE-AD55-D990869F18CE', N'maintenance', N'warning', N'Scheduled maintenance performed', NULL, N'BDDFAEA1-E79B-401B-AE0C-34F60939BDEF', N'{"maintenance_type": "routine", "location": "Library & Research Center Room 501"}', NULL, 0, NULL, NULL, NULL, NULL, N'2025-06-06 16:04:27'),
(N'338197D2-0BAA-4855-A012-B6FD5DC0CF28', N'89F97553-E2F3-40AE-AD55-D990869F18CE', N'maintenance', N'info', N'Firmware update installed', NULL, N'BDDFAEA1-E79B-401B-AE0C-34F60939BDEF', N'{"maintenance_type": "routine", "location": "Library & Research Center Room 501"}', NULL, 0, NULL, NULL, NULL, NULL, N'2025-06-22 16:04:27'),
(N'DC956D78-E2E0-4FCB-B1AF-D9D22B2019B9', N'89F97553-E2F3-40AE-AD55-D990869F18CE', N'status_change', N'critical', N'Printer disabled for maintenance', NULL, N'A8394F12-87AD-48E1-985B-121DC04F4EAB', NULL, NULL, 0, NULL, NULL, NULL, NULL, N'2025-02-05 16:04:27'),
(N'EACBFCC8-F6A4-4FFC-BDF9-2B256E5286CA', N'89F97553-E2F3-40AE-AD55-D990869F18CE', N'configuration', N'info', N'Printer name updated', NULL, N'BDDFAEA1-E79B-401B-AE0C-34F60939BDEF', NULL, NULL, 0, NULL, NULL, NULL, NULL, N'2025-09-12 16:04:27'),
(N'4B83E128-AAAD-4E0B-84DA-3FFD39EB5724', N'89F97553-E2F3-40AE-AD55-D990869F18CE', N'print_job', N'info', N'Print job queued successfully', NULL, NULL, NULL, NULL, 0, NULL, NULL, NULL, N'227.184.83.3', N'2025-12-19 16:04:27'),
(N'2AD4591A-24BE-4B32-A700-59741C062F8C', N'89F97553-E2F3-40AE-AD55-D990869F18CE', N'configuration', N'info', N'Print quality settings adjusted', NULL, N'E23BCC4A-466F-4451-80C1-79AB77D1CDD6', NULL, NULL, 0, NULL, NULL, NULL, N'192.184.90.148', N'2025-06-25 16:04:27'),
(N'C03E8FCB-094E-415F-997C-9937CC6A9EE2', N'89F97553-E2F3-40AE-AD55-D990869F18CE', N'print_job', N'info', N'Print job queued successfully', NULL, NULL, NULL, NULL, 0, NULL, NULL, NULL, NULL, N'2025-11-10 16:04:27'),
(N'18E3C9F5-0392-4146-988A-43685A2A9AC3', N'89F97553-E2F3-40AE-AD55-D990869F18CE', N'maintenance', N'info', N'Paper tray refilled', NULL, N'E23BCC4A-466F-4451-80C1-79AB77D1CDD6', N'{"maintenance_type": "routine", "location": "Library & Research Center Room 501"}', NULL, 0, NULL, NULL, NULL, NULL, N'2025-04-03 16:04:27'),
(N'D33AEBC1-8A0A-4138-AADF-3439487E3201', N'89F97553-E2F3-40AE-AD55-D990869F18CE', N'status_change', N'critical', N'Printer status changed to printing', NULL, N'18C717AB-83F3-4D15-AA08-6E19B2552B24', NULL, NULL, 0, NULL, NULL, NULL, NULL, N'2025-07-30 16:04:27'),
(N'8A3700C1-5FBB-4399-A6B4-C9D6804C9918', N'89F97553-E2F3-40AE-AD55-D990869F18CE', N'error', N'error', N'Hardware malfunction detected', NULL, NULL, N'{"error_type": "HARDWARE_ERROR", "location": "Library & Research Center Room 501"}', N'HARDWARE_ERROR', 1, N'2025-03-22 06:04:27', N'DA4259F4-4CCC-450C-B6BE-8B983033EDD9', N'Hardware reset performed', NULL, N'2025-03-21 16:04:27'),
(N'701EC942-3C63-4D30-835C-E0B16A50DE9D', N'6E602C89-16C6-4393-9336-ADFAAC33D8DC', N'status_change', N'error', N'Printer status changed to printing', NULL, N'A87DACDD-DBFE-4CBE-90ED-92BA096A0319', NULL, NULL, 0, NULL, NULL, NULL, NULL, N'2025-08-07 16:04:27'),
(N'3C88644A-80B7-4A7F-B4EB-44B24CC6BC44', N'6E602C89-16C6-4393-9336-ADFAAC33D8DC', N'maintenance', N'warning', N'Cleaning cycle completed', NULL, N'29CF77E6-258C-4A86-B78D-2A94DE508564', N'{"maintenance_type": "routine", "location": "Library & Research Center Room 503"}', NULL, 0, NULL, NULL, NULL, NULL, N'2025-03-21 16:04:27'),
(N'EADDB521-E025-44A5-AD98-375AA9587A10', N'6E602C89-16C6-4393-9336-ADFAAC33D8DC', N'error', N'critical', N'Printer door is open', NULL, NULL, N'{"error_type": "DOOR_OPEN", "location": "Library & Research Center Room 503"}', N'DOOR_OPEN', 0, NULL, NULL, NULL, NULL, N'2025-08-02 16:04:27'),
(N'17AA54EB-DB73-449E-A486-D1CBA6817630', N'6E602C89-16C6-4393-9336-ADFAAC33D8DC', N'maintenance', N'info', N'Paper tray refilled', NULL, N'DA4259F4-4CCC-450C-B6BE-8B983033EDD9', N'{"maintenance_type": "routine", "location": "Library & Research Center Room 503"}', NULL, 0, NULL, NULL, NULL, NULL, N'2025-05-03 16:04:27'),
(N'D1E0706A-7623-4335-9F19-8AEC816028CF', N'6E602C89-16C6-4393-9336-ADFAAC33D8DC', N'print_job', N'info', N'Print job queued successfully', NULL, NULL, NULL, NULL, 0, NULL, NULL, NULL, N'234.223.251.224', N'2025-09-09 16:04:27'),
(N'EBA93196-83B2-48FD-9C61-B0DA69EC2C98', N'6E602C89-16C6-4393-9336-ADFAAC33D8DC', N'status_change', N'info', N'Printer disabled for maintenance', NULL, N'E23BCC4A-466F-4451-80C1-79AB77D1CDD6', NULL, NULL, 0, NULL, NULL, NULL, NULL, N'2025-09-18 16:04:27'),
(N'BA26C800-DF45-4758-8B7C-B2B11F44AA86', N'6E602C89-16C6-4393-9336-ADFAAC33D8DC', N'print_job', N'info', N'Print job queued successfully', NULL, NULL, NULL, NULL, 0, NULL, NULL, NULL, N'236.189.199.191', N'2025-02-22 16:04:27'),
(N'03166F4A-B339-4974-9555-A4C895B1B411', N'6E602C89-16C6-4393-9336-ADFAAC33D8DC', N'status_change', N'info', N'Printer enabled for student use', NULL, NULL, NULL, NULL, 0, NULL, NULL, NULL, NULL, N'2025-08-10 16:04:27'),
(N'5C426609-BB07-4798-B603-006D3EFAE630', N'6E602C89-16C6-4393-9336-ADFAAC33D8DC', N'error', N'critical', N'Network connection lost', NULL, NULL, N'{"error_type": "NETWORK_ERROR", "location": "Library & Research Center Room 503"}', N'NETWORK_ERROR', 1, N'2025-03-08 14:04:27', N'E23BCC4A-466F-4451-80C1-79AB77D1CDD6', N'Toner cartridge replaced', NULL, N'2025-03-06 16:04:27'),
(N'17A75413-3631-47EF-90FD-ABA5448CBA3F', N'6E602C89-16C6-4393-9336-ADFAAC33D8DC', N'admin_action', N'error', N'Printer added to system', NULL, N'DA4259F4-4CCC-450C-B6BE-8B983033EDD9', NULL, NULL, 0, NULL, NULL, NULL, N'237.240.231.136', N'2025-12-08 16:04:27'),
(N'8D5A5EE7-677F-4351-8E07-12802EB38C89', N'6E602C89-16C6-4393-9336-ADFAAC33D8DC', N'admin_action', N'warning', N'Printer model information updated', NULL, N'840B6566-9FC7-4E30-AD0F-C47A3C877F46', NULL, NULL, 0, NULL, NULL, NULL, NULL, N'2025-06-04 16:04:27'),
(N'6DF821CE-19F2-4D98-88DD-5E5554A62AF7', N'6E602C89-16C6-4393-9336-ADFAAC33D8DC', N'configuration', N'error', N'Printer network settings updated', NULL, N'7C738365-5A0A-486F-AD02-85D22A431855', NULL, NULL, 0, NULL, NULL, NULL, N'205.192.109.43', N'2025-05-30 16:04:27'),
(N'6209A079-27C4-4786-A2D0-77FFEF27FDF7', N'6E602C89-16C6-4393-9336-ADFAAC33D8DC', N'error', N'critical', N'Printer went offline', NULL, NULL, N'{"error_type": "OFFLINE", "location": "Library & Research Center Room 503"}', N'OFFLINE', 1, N'2025-12-12 02:04:27', N'7C738365-5A0A-486F-AD02-85D22A431855', N'Paper tray refilled', NULL, N'2025-12-11 16:04:27'),
(N'A3374252-CA7A-4000-A5A0-48157266F4F3', N'1B2F8E3E-55CF-4D8D-A0F6-1B9D51F7DA76', N'status_change', N'error', N'Printer enabled for student use', NULL, N'29CF77E6-258C-4A86-B78D-2A94DE508564', NULL, NULL, 0, NULL, NULL, NULL, NULL, N'2025-03-06 16:04:27'),
(N'1F8BF809-D4B1-4679-9892-819851DCC7BF', N'1B2F8E3E-55CF-4D8D-A0F6-1B9D51F7DA76', N'print_job', N'info', N'Print job queued successfully', NULL, NULL, NULL, NULL, 0, NULL, NULL, NULL, N'255.244.194.250', N'2025-07-24 16:04:27'),
(N'4C89DC58-A60A-4BE6-A9BD-804EE5DD5DD6', N'1B2F8E3E-55CF-4D8D-A0F6-1B9D51F7DA76', N'admin_action', N'error', N'Printer model information updated', NULL, N'A87DACDD-DBFE-4CBE-90ED-92BA096A0319', NULL, NULL, 0, NULL, NULL, NULL, NULL, N'2025-01-16 16:04:27'),
(N'E83C8FD1-D2E3-4909-8C81-C61D8A6BB999', N'1B2F8E3E-55CF-4D8D-A0F6-1B9D51F7DA76', N'maintenance', N'info', N'Firmware update installed', NULL, N'7C738365-5A0A-486F-AD02-85D22A431855', N'{"maintenance_type": "routine", "location": "Library & Research Center Room 508"}', NULL, 0, NULL, NULL, NULL, NULL, N'2025-08-20 16:04:27'),
(N'3D8401B2-C13A-4E69-87EB-FFAD0B2CC194', N'1B2F8E3E-55CF-4D8D-A0F6-1B9D51F7DA76', N'maintenance', N'info', N'Paper tray refilled', NULL, N'0A0377EC-F5AC-4DC1-B9B9-94DA7F70DDD0', N'{"maintenance_type": "routine", "location": "Library & Research Center Room 508"}', NULL, 0, NULL, NULL, NULL, NULL, N'2025-09-16 16:04:27'),
(N'74BE0243-03AF-41A8-BF9E-4A235AD79C9C', N'1B2F8E3E-55CF-4D8D-A0F6-1B9D51F7DA76', N'maintenance', N'warning', N'Calibration completed', NULL, N'BDDFAEA1-E79B-401B-AE0C-34F60939BDEF', N'{"maintenance_type": "routine", "location": "Library & Research Center Room 508"}', NULL, 0, NULL, NULL, NULL, NULL, N'2025-05-21 16:04:27'),
(N'1D008EC2-2795-47F2-B1A0-854CC707810F', N'1B2F8E3E-55CF-4D8D-A0F6-1B9D51F7DA76', N'status_change', N'warning', N'Printer enabled for student use', NULL, N'253AC6A0-038C-4FE5-B9CF-441A0BA152E2', NULL, NULL, 0, NULL, NULL, NULL, NULL, N'2025-01-26 16:04:27'),
(N'B80AEE0E-5F30-4C31-B792-72C7EF006C0E', N'1B2F8E3E-55CF-4D8D-A0F6-1B9D51F7DA76', N'maintenance', N'info', N'Scheduled maintenance performed', NULL, N'29CF77E6-258C-4A86-B78D-2A94DE508564', N'{"maintenance_type": "routine", "location": "Library & Research Center Room 508"}', NULL, 0, NULL, NULL, NULL, NULL, N'2025-06-20 16:04:27'),
(N'C8B9E02A-40AC-4107-9508-FB528B868031', N'1B2F8E3E-55CF-4D8D-A0F6-1B9D51F7DA76', N'status_change', N'warning', N'Printer status changed to printing', NULL, NULL, NULL, NULL, 0, NULL, NULL, NULL, NULL, N'2025-02-06 16:04:27'),
(N'E2D1CA53-78B2-4EE2-9782-2D68C4C35CA7', N'1B2F8E3E-55CF-4D8D-A0F6-1B9D51F7DA76', N'error', N'error', N'Hardware malfunction detected', NULL, NULL, N'{"error_type": "HARDWARE_ERROR", "location": "Library & Research Center Room 508"}', N'HARDWARE_ERROR', 1, N'2025-11-21 16:04:27', N'29CF77E6-258C-4A86-B78D-2A94DE508564', N'Issue resolved by clearing paper jam', NULL, N'2025-11-19 16:04:27'),
(N'A5EFDEA6-FA3D-4F39-BFE7-DA2BF5E13490', N'1B2F8E3E-55CF-4D8D-A0F6-1B9D51F7DA76', N'configuration', N'error', N'Print quality settings adjusted', NULL, N'E23BCC4A-466F-4451-80C1-79AB77D1CDD6', NULL, NULL, 0, NULL, NULL, NULL, N'228.186.236.209', N'2025-09-16 16:04:27'),
(N'5C580CA2-AFEC-4FA5-8242-E907F306280F', N'1B2F8E3E-55CF-4D8D-A0F6-1B9D51F7DA76', N'error', N'error', N'Paper tray is empty', NULL, NULL, N'{"error_type": "OUT_OF_PAPER", "location": "Library & Research Center Room 508"}', N'OUT_OF_PAPER', 0, NULL, NULL, NULL, NULL, N'2025-02-17 16:04:27'),
(N'EE5F7D76-6303-4C0E-822B-9EB8B56A08FC', N'1B2F8E3E-55CF-4D8D-A0F6-1B9D51F7DA76', N'print_job', N'info', N'Print job queued successfully', NULL, NULL, NULL, NULL, 0, NULL, NULL, NULL, NULL, N'2025-07-22 16:04:27'),
(N'07EF833F-E80E-4BE3-89B2-B7AF5E4967E9', N'1B2F8E3E-55CF-4D8D-A0F6-1B9D51F7DA76', N'status_change', N'info', N'Printer enabled for student use', NULL, NULL, NULL, NULL, 0, NULL, NULL, NULL, NULL, N'2025-05-24 16:04:27'),
(N'C7CF1F9E-2FEE-478F-9083-AEE55C4E7719', N'1B2F8E3E-55CF-4D8D-A0F6-1B9D51F7DA76', N'print_job', N'info', N'Print job queued successfully', NULL, NULL, NULL, NULL, 0, NULL, NULL, NULL, N'247.216.247.198', N'2025-07-04 16:04:27'),
(N'44945BCB-928B-4614-919A-AE3382D23F13', N'3DFB3D1F-E95B-4253-AEE6-4C2FCEC5BAE6', N'status_change', N'warning', N'Printer disabled for maintenance', NULL, N'E23BCC4A-466F-4451-80C1-79AB77D1CDD6', NULL, NULL, 0, NULL, NULL, NULL, NULL, N'2025-06-23 16:04:27'),
(N'BA61A2C5-4D7D-47C7-AD98-64F454703D7A', N'3DFB3D1F-E95B-4253-AEE6-4C2FCEC5BAE6', N'status_change', N'critical', N'Printer enabled for student use', NULL, NULL, NULL, NULL, 0, NULL, NULL, NULL, NULL, N'2025-07-17 16:04:27'),
(N'A4FB6EDE-56ED-4297-B279-2EFE50DE6290', N'3DFB3D1F-E95B-4253-AEE6-4C2FCEC5BAE6', N'print_job', N'info', N'Print job queued successfully', NULL, NULL, NULL, NULL, 0, NULL, NULL, NULL, N'242.254.193.88', N'2025-02-18 16:04:27'),
(N'DB44C690-672B-40D6-8C36-C0D1B25AB6DD', N'3DFB3D1F-E95B-4253-AEE6-4C2FCEC5BAE6', N'admin_action', N'critical', N'Printer removed from system', NULL, N'253AC6A0-038C-4FE5-B9CF-441A0BA152E2', NULL, NULL, 0, NULL, NULL, NULL, N'209.232.89.19', N'2025-05-28 16:04:27'),
(N'7110AB62-E06B-40E9-A2B0-73C9AEC3AD88', N'3DFB3D1F-E95B-4253-AEE6-4C2FCEC5BAE6', N'status_change', N'info', N'Printer status changed to maintained', NULL, NULL, NULL, NULL, 0, NULL, NULL, NULL, NULL, N'2025-01-02 16:04:27'),
(N'622BA7D7-6FEB-48E5-9A88-9ED3E92E2228', N'3DFB3D1F-E95B-4253-AEE6-4C2FCEC5BAE6', N'print_job', N'info', N'Print job queued successfully', NULL, NULL, NULL, NULL, 0, NULL, NULL, NULL, N'232.208.68.41', N'2025-08-08 16:04:27'),
(N'041C99D4-CE74-4825-ADDF-2FB9EB2747DB', N'3DFB3D1F-E95B-4253-AEE6-4C2FCEC5BAE6', N'configuration', N'error', N'Printer network settings updated', NULL, N'7C738365-5A0A-486F-AD02-85D22A431855', NULL, NULL, 0, NULL, NULL, NULL, N'248.216.73.159', N'2025-01-24 16:04:27'),
(N'EE9C3655-E289-44EF-9EC8-D4F39B22172F', N'3DFB3D1F-E95B-4253-AEE6-4C2FCEC5BAE6', N'admin_action', N'error', N'Printer model information updated', NULL, N'A87DACDD-DBFE-4CBE-90ED-92BA096A0319', NULL, NULL, 0, NULL, NULL, NULL, N'229.212.120.49', N'2025-12-16 16:04:27'),
(N'2C4434B9-BE0A-44BF-8CF2-AE36F47176EA', N'3DFB3D1F-E95B-4253-AEE6-4C2FCEC5BAE6', N'error', N'critical', N'Printer door is open', NULL, NULL, N'{"error_type": "DOOR_OPEN", "location": "Library & Research Center Room 511"}', N'DOOR_OPEN', 1, N'2025-06-08 06:04:27', N'BDDFAEA1-E79B-401B-AE0C-34F60939BDEF', N'Hardware reset performed', NULL, N'2025-06-06 16:04:27'),
(N'37FF55D4-2D69-464F-9363-61C948F3E92D', N'3DFB3D1F-E95B-4253-AEE6-4C2FCEC5BAE6', N'maintenance', N'warning', N'Calibration completed', NULL, N'7C738365-5A0A-486F-AD02-85D22A431855', N'{"maintenance_type": "routine", "location": "Library & Research Center Room 511"}', NULL, 0, NULL, NULL, NULL, NULL, N'2025-09-18 16:04:27'),
(N'6150EAB1-BB16-42E3-946D-D619BC273AE6', N'3DFB3D1F-E95B-4253-AEE6-4C2FCEC5BAE6', N'print_job', N'info', N'Print job queued successfully', NULL, NULL, NULL, NULL, 0, NULL, NULL, NULL, NULL, N'2025-03-15 16:04:27');


-- ============================================

-- SYSTEM AUDIT LOGS DATA

-- ============================================

INSERT INTO system_audit_log (audit_id, user_id, action_type, table_name, record_id, previous_audit_id, changed_field, ip_address, user_agent, action_timestamp) VALUES
(N'1A06FAFD-7D4F-42E2-A3D6-A3CAF60ADF6C', N'427B2D1B-631A-4771-B311-125B46D0F39F', N'INSERT', N'student', N'CEE342C8-A870-42B1-BDE9-4758383D02DC', NULL, NULL, N'202.230.150.214', N'Mozilla/5.0 (X11; Linux x86_64) AppleWebKit/537.36', N'2025-04-08 16:04:27'),
(N'9B8DB0EA-37D6-4B23-A79B-2A43063EDBAF', N'4D04AB34-E2B9-4395-AD58-717E68C49745', N'UPDATE', N'staff', N'F1203273-1A83-4BB9-B90D-6CF823B68AC8', NULL, N'{"status": "updated"}', N'198.253.161.3', N'Mozilla/5.0 (Macintosh; Intel Mac OS X 10_15_7) AppleWebKit/537.36', N'2025-07-27 16:04:27'),
(N'2D5D856F-A03C-482A-A048-962BC726B2E8', N'74BD4758-4944-44DB-993D-BDBA558A0EEF', N'UPDATE', N'user', N'A0D94492-1E3E-4A8C-9449-AF94757734B9', NULL, N'{"status": "updated"}', N'200.245.66.21', N'Mozilla/5.0 (X11; Linux x86_64) AppleWebKit/537.36', N'2025-07-29 16:04:27'),
(N'0B46AE34-DE35-447C-8B2E-535951C948F6', N'5961D952-48A0-46F5-94C7-40EDC2BD02C2', N'DELETE', N'staff', N'83645768-A88B-4A2A-AC52-A7606A96D89C', NULL, NULL, N'250.255.101.55', N'Mozilla/5.0 (Macintosh; Intel Mac OS X 10_15_7) AppleWebKit/537.36', N'2025-11-25 16:04:27'),
(N'DF7E9D32-E2E3-432B-8DBB-218E73AE5A6B', N'9A1B8304-F8BD-46A9-98D6-610532B7D223', N'UPDATE', N'staff', N'FBCF956E-8FF5-4267-AEF8-913AF35FA33A', NULL, N'{"status": "updated"}', N'217.240.145.237', N'Mozilla/5.0 (Macintosh; Intel Mac OS X 10_15_7) AppleWebKit/537.36', N'2025-03-15 16:04:27'),
(N'80B225F5-6DC5-4170-AB40-7142EE503BFE', N'8EACA602-F11F-4F3F-AC0B-7555924DC5C0', N'SELECT', N'student', N'2C2DAE8D-1092-4371-B58A-FF2127ADF34B', NULL, NULL, N'214.214.116.176', N'Mozilla/5.0 (X11; Linux x86_64) AppleWebKit/537.36', N'2025-04-23 16:04:27'),
(N'E9673996-3D48-4E50-85A8-3DB55D52CC75', N'B612B279-965D-4A7D-9B5F-00B6640DD220', N'DELETE', N'staff', N'0BB76909-4255-4368-A1C3-865AE4707733', NULL, NULL, N'198.250.217.125', N'Mozilla/5.0 (Macintosh; Intel Mac OS X 10_15_7) AppleWebKit/537.36', N'2025-05-07 16:04:27'),
(N'FB88B22F-CCCB-43D7-AACB-54C57049684A', N'4A0EEA51-4A27-4064-A103-4B89E7FFCE6F', N'DELETE', N'system_configuration', N'3129C6F9-CD8B-490B-ADD1-68F5C60E5D52', NULL, NULL, N'212.202.146.180', N'Mozilla/5.0 (Macintosh; Intel Mac OS X 10_15_7) AppleWebKit/537.36', N'2025-04-02 16:04:27'),
(N'41B18542-5DEB-43FB-9145-D93511539EAC', N'0BDD044E-CB54-4A3C-9AF1-A2EFCE569DCC', N'SELECT', N'staff', N'0278D357-C60C-406B-A766-F1ECD94A2FF7', NULL, NULL, N'199.237.41.96', N'Mozilla/5.0 (Windows NT 10.0; Win64; x64) AppleWebKit/537.36', N'2025-07-26 16:04:27'),
(N'6FB7FAAC-43D3-4439-871A-1B9038F7A19A', N'6F2728BB-C88D-40E2-BAB0-FE54AD7DD97F', N'INSERT', N'print_job', N'7D22FBD8-53DC-4FB2-98EA-9F79E3BE503A', NULL, NULL, N'241.211.40.120', N'Mozilla/5.0 (Windows NT 10.0; Win64; x64) AppleWebKit/537.36', N'2025-10-05 16:04:27'),
(N'FEDE6441-EA5F-4CDB-942E-B2C7A6F7BF0A', N'5471A457-799E-45F5-A584-0A9AB14A4B9A', N'UPDATE', N'staff', N'83ED23CB-883C-4803-A700-82FA0234E62B', NULL, N'{"status": "updated"}', N'199.255.175.164', N'Mozilla/5.0 (Windows NT 10.0; Win64; x64) AppleWebKit/537.36', N'2025-02-24 16:04:27'),
(N'E780CF29-CEE0-40B5-A26D-942211490B40', N'B0689F50-4E63-4559-BD50-CFC7B567A022', N'DELETE', N'print_job', N'14040A1F-A7D2-4068-B2EE-AEF4161C8AE5', NULL, NULL, N'201.238.4.167', N'Mozilla/5.0 (Macintosh; Intel Mac OS X 10_15_7) AppleWebKit/537.36', N'2025-08-26 16:04:27'),
(N'23C4620A-40E7-4207-852A-A6DEB152D365', N'1C1969D1-34D2-41C6-8B5D-46D8553B7130', N'UPDATE', N'system_configuration', N'CBEFCEA3-9333-4E5C-B16A-A97DEE25224E', NULL, N'{"status": "updated"}', N'252.210.22.227', N'Mozilla/5.0 (X11; Linux x86_64) AppleWebKit/537.36', N'2025-06-08 16:04:27'),
(N'8D1F56A3-12D4-481D-84ED-618EC308874A', N'009704E0-7C9D-48E7-B3CE-82BC680F4260', N'INSERT', N'print_job', N'947B2E13-8A25-407E-A060-EF0D2510A49C', NULL, NULL, N'235.211.113.173', N'Mozilla/5.0 (Macintosh; Intel Mac OS X 10_15_7) AppleWebKit/537.36', N'2025-01-26 16:04:27'),
(N'E49FEBA4-E1B4-4A3F-8B8C-F6135E24878C', N'5961D952-48A0-46F5-94C7-40EDC2BD02C2', N'INSERT', N'student', N'E6AF6758-AE0A-4C62-AE7B-EE41C3C7A9B3', NULL, NULL, N'239.253.175.23', N'Mozilla/5.0 (Windows NT 10.0; Win64; x64) AppleWebKit/537.36', N'2025-09-30 16:04:27'),
(N'F42FE2D4-229F-4213-89C3-A1373AC9955A', N'641724A7-ADC2-43E1-B951-E3965949520D', N'SELECT', N'print_job', N'731CD5F6-D502-49BB-A07B-2205974783F7', NULL, NULL, N'194.187.51.48', N'Mozilla/5.0 (X11; Linux x86_64) AppleWebKit/537.36', N'2025-05-28 16:04:27'),
(N'333B947A-2C77-4E37-8FA8-9DB7DBDFE478', N'0BDD044E-CB54-4A3C-9AF1-A2EFCE569DCC', N'UPDATE', N'staff', N'002ADC45-5292-4DC6-9543-F2CA26711330', NULL, N'{"status": "updated"}', N'200.200.114.9', N'Mozilla/5.0 (X11; Linux x86_64) AppleWebKit/537.36', N'2025-02-10 16:04:27'),
(N'0A95CB07-2DE9-46DE-B8FA-916FE7207EE7', N'8A8B82C0-4190-42AD-BDAE-E4BCEF8653E5', N'INSERT', N'student', N'07A26617-2598-4FF1-80A5-4EEDD9510F83', NULL, NULL, N'218.215.176.233', N'Mozilla/5.0 (Windows NT 10.0; Win64; x64) AppleWebKit/537.36', N'2025-01-01 16:04:27'),
(N'5A4CD7CF-C579-4C6D-826B-85AB1B1D934D', N'617BE97D-2A5A-4477-A738-D19F47B6D598', N'DELETE', N'student', N'3C9D7E4E-EEAC-4B25-B5DD-78150D32757B', NULL, NULL, N'236.216.108.208', N'Mozilla/5.0 (X11; Linux x86_64) AppleWebKit/537.36', N'2025-06-18 16:04:27'),
(N'0025C0C2-1C5A-44BE-9C58-F6DFCCC85C4E', N'E01F9537-78ED-4286-902C-FC570E17621F', N'DELETE', N'staff', N'4B5AFB43-7464-4C88-813D-317065A2CFC6', NULL, NULL, N'200.196.98.69', N'Mozilla/5.0 (Macintosh; Intel Mac OS X 10_15_7) AppleWebKit/537.36', N'2025-06-06 16:04:27'),
(N'116A6024-9DEA-4EC4-B15C-53152F2DACB5', N'8A8B82C0-4190-42AD-BDAE-E4BCEF8653E5', N'DELETE', N'staff', N'121A9AE2-E025-4DD4-8B2F-1A01619B5C55', NULL, NULL, N'239.219.192.72', N'Mozilla/5.0 (Windows NT 10.0; Win64; x64) AppleWebKit/537.36', N'2024-12-28 16:04:27'),
(N'BC6CEF97-0449-4110-8AA0-49A08AF2A6EA', N'14DBDF83-2717-4A87-92E9-E34551496916', N'SELECT', N'student', N'7534BC99-6913-469D-9215-F96594EA492B', NULL, NULL, N'253.233.63.142', N'Mozilla/5.0 (X11; Linux x86_64) AppleWebKit/537.36', N'2025-05-30 16:04:27'),
(N'298A7107-FBDA-4A56-9671-CF8571A70D28', N'DFBB99D6-AA69-41F2-958D-B4D8428DC0EB', N'UPDATE', N'user', N'51E8B555-3979-491D-A72B-1ACD911C67DE', NULL, N'{"status": "updated"}', N'205.240.40.140', N'Mozilla/5.0 (Windows NT 10.0; Win64; x64) AppleWebKit/537.36', N'2025-03-09 16:04:27'),
(N'0981D9BA-8732-49C3-B190-11B745551F22', N'EA58FE44-247B-405E-9900-0C336296A53F', N'INSERT', N'student', N'E6740638-6A8E-4B78-96F6-166BD83BFEA4', NULL, NULL, N'199.234.122.77', N'Mozilla/5.0 (Windows NT 10.0; Win64; x64) AppleWebKit/537.36', N'2025-05-24 16:04:27'),
(N'E1EA7BA3-9214-435E-BEF2-E296A5E34889', N'10A3C250-3D43-4BF0-B06A-AF8DF7CE2C80', N'INSERT', N'user', N'59E1EFCC-3E7B-4E7A-AA7F-F1E7AE0622A4', NULL, NULL, N'214.177.115.182', N'Mozilla/5.0 (Windows NT 10.0; Win64; x64) AppleWebKit/537.36', N'2025-12-21 16:04:27'),
(N'AB03DD71-AEF9-47E1-81F9-1A7B2F893F87', N'86425D44-C804-4D52-8282-AD1DC71093F7', N'UPDATE', N'print_job', N'46273633-A027-4267-841A-81BE6AA1FEDF', NULL, N'{"status": "updated"}', N'196.226.231.75', N'Mozilla/5.0 (Macintosh; Intel Mac OS X 10_15_7) AppleWebKit/537.36', N'2025-12-21 16:04:27'),
(N'B1E83174-3DBE-4DD2-9689-47F2C1DD9629', N'80347045-0410-4857-8AB3-3688B4AC7863', N'SELECT', N'system_configuration', N'4BC50928-382B-417C-A9BA-A012ADB1210C', NULL, NULL, N'194.215.233.171', N'Mozilla/5.0 (X11; Linux x86_64) AppleWebKit/537.36', N'2025-10-30 16:04:27'),
(N'589769CE-78A7-4A1F-ABD5-171D251BB5D4', N'4D04AB34-E2B9-4395-AD58-717E68C49745', N'INSERT', N'system_configuration', N'DC9DD3BF-DF27-4044-8E14-CD66CF966328', NULL, NULL, N'216.169.217.96', N'Mozilla/5.0 (Windows NT 10.0; Win64; x64) AppleWebKit/537.36', N'2025-06-09 16:04:27'),
(N'867B606D-51A4-4197-AF6E-C973F36389D3', N'840B6566-9FC7-4E30-AD0F-C47A3C877F46', N'INSERT', N'staff', N'507E51DD-79B1-4C2C-BBC1-65836AAD0981', NULL, NULL, N'240.255.219.77', N'Mozilla/5.0 (X11; Linux x86_64) AppleWebKit/537.36', N'2025-04-25 16:04:27'),
(N'1ED77910-CFCE-4AC1-92C7-0E3444D3F8A8', N'DFBB99D6-AA69-41F2-958D-B4D8428DC0EB', N'DELETE', N'staff', N'073887B0-39BD-41A8-A68E-79F70A617F0A', NULL, NULL, N'196.216.3.11', N'Mozilla/5.0 (X11; Linux x86_64) AppleWebKit/537.36', N'2025-10-04 16:04:27'),
(N'B89F646A-64DF-49FD-9C11-3C934119D4F9', N'009704E0-7C9D-48E7-B3CE-82BC680F4260', N'SELECT', N'print_job', N'B4537C99-BAC5-44F8-8795-114E1E2E7144', NULL, NULL, N'253.180.130.6', N'Mozilla/5.0 (Windows NT 10.0; Win64; x64) AppleWebKit/537.36', N'2025-06-27 16:04:27'),
(N'BE336D8C-8306-4175-B42B-8FCF97561DC6', N'F46F2EA2-CB0C-43BB-A0E6-64AE74DF6F34', N'SELECT', N'system_configuration', N'826DA33F-9F65-44C0-ACCE-FFFE0FCFB57A', NULL, NULL, N'218.199.22.231', N'Mozilla/5.0 (Macintosh; Intel Mac OS X 10_15_7) AppleWebKit/537.36', N'2025-07-25 16:04:27'),
(N'4C275303-FB9E-44D1-8807-795AA511F5F0', N'4D04AB34-E2B9-4395-AD58-717E68C49745', N'SELECT', N'print_job', N'89D46740-6AB8-4B3E-ADEA-AE045389E116', NULL, NULL, N'205.206.10.213', N'Mozilla/5.0 (Windows NT 10.0; Win64; x64) AppleWebKit/537.36', N'2025-10-21 16:04:27'),
(N'43065408-B37A-4BEA-BF49-0DD603D0C874', N'F46F2EA2-CB0C-43BB-A0E6-64AE74DF6F34', N'UPDATE', N'staff', N'F02660C3-9D34-4D0E-9527-2CC363A2F8B1', NULL, N'{"status": "updated"}', N'241.225.1.214', N'Mozilla/5.0 (X11; Linux x86_64) AppleWebKit/537.36', N'2025-10-29 16:04:27'),
(N'721D0AC1-E0D7-4D22-A300-6558090291AB', N'A87DACDD-DBFE-4CBE-90ED-92BA096A0319', N'INSERT', N'user', N'5E2E1A42-5D02-4CA7-A5D9-EF7AC40AF8B2', NULL, NULL, N'248.196.156.28', N'Mozilla/5.0 (Macintosh; Intel Mac OS X 10_15_7) AppleWebKit/537.36', N'2025-06-06 16:04:27'),
(N'501A30C1-8250-440A-A680-D6AA3DE862E4', N'DDDCA755-3EBA-4BA7-81C1-AABFCB58AF70', N'UPDATE', N'print_job', N'385A8502-0A19-409B-B46E-D4C1F7F7C875', NULL, N'{"status": "updated"}', N'222.218.65.100', N'Mozilla/5.0 (Windows NT 10.0; Win64; x64) AppleWebKit/537.36', N'2025-05-11 16:04:27'),
(N'10829F46-CAEB-47B0-A325-D346E89E125F', N'86425D44-C804-4D52-8282-AD1DC71093F7', N'SELECT', N'print_job', N'D1230997-BEE0-41FD-885F-8B0748331C0D', NULL, NULL, N'238.218.100.57', N'Mozilla/5.0 (Macintosh; Intel Mac OS X 10_15_7) AppleWebKit/537.36', N'2025-02-11 16:04:27'),
(N'C305B420-6D43-4080-8313-5F0CABBEC54F', N'F46F2EA2-CB0C-43BB-A0E6-64AE74DF6F34', N'UPDATE', N'student', N'9DD0B520-1DFD-4016-AC48-661CF722202A', NULL, N'{"status": "updated"}', N'253.236.87.15', N'Mozilla/5.0 (Macintosh; Intel Mac OS X 10_15_7) AppleWebKit/537.36', N'2025-05-12 16:04:27'),
(N'B2F0ABCC-4447-4F1A-A9D3-ECA0C5B89694', N'7822534D-94AE-4CBA-AA77-A11465843A35', N'UPDATE', N'student', N'CF3397F8-34A8-40A0-9414-E712B6EB780A', NULL, N'{"status": "updated"}', N'227.244.193.100', N'Mozilla/5.0 (X11; Linux x86_64) AppleWebKit/537.36', N'2025-03-21 16:04:27'),
(N'2E6CD29A-9DD6-426D-816F-9171A2859FB2', N'74BD4758-4944-44DB-993D-BDBA558A0EEF', N'INSERT', N'system_configuration', N'A79CC4BF-6688-4751-8957-BA7EE0B59EEF', NULL, NULL, N'214.212.221.157', N'Mozilla/5.0 (Macintosh; Intel Mac OS X 10_15_7) AppleWebKit/537.36', N'2025-07-15 16:04:27'),
(N'2CB51563-C0B2-4F6B-9EFE-0815DF68653A', N'A7991284-B499-4F1A-8132-CF07FADDA01E', N'DELETE', N'student', N'A97C0C94-C01D-4255-B36F-4D59693FCB63', NULL, NULL, N'235.230.113.207', N'Mozilla/5.0 (Windows NT 10.0; Win64; x64) AppleWebKit/537.36', N'2025-09-07 16:04:27'),
(N'BEE4364E-008E-4E60-9A80-D644DD93569B', N'571F7E25-679A-4F7F-847B-65B854899561', N'DELETE', N'staff', N'9D2F2F42-BC0D-4DAC-BFAE-55E4D5337935', NULL, NULL, N'218.226.225.166', N'Mozilla/5.0 (Windows NT 10.0; Win64; x64) AppleWebKit/537.36', N'2025-09-14 16:04:27'),
(N'B1BEBC7D-E658-4DAA-8E34-5EE68CDF3FFC', N'A3CA59C1-180A-428A-9CB4-18B4298AF71A', N'SELECT', N'staff', N'183E66AE-A1CB-44CA-8BA7-5F18772C0E51', NULL, NULL, N'239.190.207.177', N'Mozilla/5.0 (X11; Linux x86_64) AppleWebKit/537.36', N'2025-05-01 16:04:27'),
(N'135ED95F-8326-42AC-B58A-4035167A8A45', N'FE9241F9-DB5F-4B7F-B6BA-DE4987C911C6', N'SELECT', N'print_job', N'008C1677-BB27-4B66-A12F-6D6EFB7AC3F0', NULL, NULL, N'248.189.120.185', N'Mozilla/5.0 (Macintosh; Intel Mac OS X 10_15_7) AppleWebKit/537.36', N'2025-08-11 16:04:27'),
(N'882AA7BE-9DB6-45DF-AA87-1DE01B94B1D9', N'C1707BAF-F87F-4CEB-B656-EEE0D63FB524', N'SELECT', N'user', N'D9616694-FFFC-47EB-894D-6D9646F4951F', NULL, NULL, N'240.210.45.173', N'Mozilla/5.0 (X11; Linux x86_64) AppleWebKit/537.36', N'2025-05-11 16:04:27'),
(N'7E6E917C-27E0-46E8-BD96-6F3000827699', N'A87DACDD-DBFE-4CBE-90ED-92BA096A0319', N'UPDATE', N'staff', N'FEB8C448-0FA8-444D-91FC-3B8AE1B5B991', NULL, N'{"status": "updated"}', N'194.245.62.190', N'Mozilla/5.0 (X11; Linux x86_64) AppleWebKit/537.36', N'2025-06-04 16:04:27'),
(N'F3BFF935-B62F-451E-8E2C-DC301CC6CB02', N'EA58FE44-247B-405E-9900-0C336296A53F', N'SELECT', N'print_job', N'15014E18-537B-4F25-8D05-71734F7B815F', NULL, NULL, N'194.175.89.54', N'Mozilla/5.0 (Macintosh; Intel Mac OS X 10_15_7) AppleWebKit/537.36', N'2025-07-07 16:04:27'),
(N'E8EF458A-CFDF-401B-8158-A250D0304E2B', N'4D04AB34-E2B9-4395-AD58-717E68C49745', N'INSERT', N'system_configuration', N'010E60CA-036D-4FB3-91F3-8F449D88A07A', NULL, NULL, N'223.237.48.145', N'Mozilla/5.0 (Macintosh; Intel Mac OS X 10_15_7) AppleWebKit/537.36', N'2025-06-17 16:04:27'),
(N'8840A316-7F42-47E2-97A3-16FF56530968', N'82BA62AB-5DFE-4DF7-ADDF-586A173444E0', N'UPDATE', N'user', N'5B99F982-E504-42A7-BE72-C69214D9F7F5', NULL, N'{"status": "updated"}', N'200.205.155.76', N'Mozilla/5.0 (Macintosh; Intel Mac OS X 10_15_7) AppleWebKit/537.36', N'2025-03-25 16:04:27'),
(N'6D66936B-37DE-45BD-86D2-54C4773B7293', N'31D2D649-4E09-43FD-9466-889A68D8A711', N'UPDATE', N'staff', N'ED0F180E-C40D-4258-9624-54A4FAD311C9', NULL, N'{"status": "updated"}', N'239.172.66.125', N'Mozilla/5.0 (Macintosh; Intel Mac OS X 10_15_7) AppleWebKit/537.36', N'2025-10-23 16:04:27'),
(N'98B09156-B0D3-4297-BAC9-54596A9D34D0', N'0BDD044E-CB54-4A3C-9AF1-A2EFCE569DCC', N'INSERT', N'user', N'9D404BC2-9A6E-40E9-9D2E-98D67EDD7F2E', NULL, NULL, N'247.173.50.248', N'Mozilla/5.0 (Macintosh; Intel Mac OS X 10_15_7) AppleWebKit/537.36', N'2025-05-03 16:04:27'),
(N'292F809C-4E0C-4841-8F0A-68D35DB3C112', N'694027FC-8213-4365-BE48-E6BEF174483D', N'DELETE', N'student', N'9336BA00-1D59-447F-8A28-7BA9CC914E3C', NULL, NULL, N'205.230.190.20', N'Mozilla/5.0 (X11; Linux x86_64) AppleWebKit/537.36', N'2025-01-06 16:04:27'),
(N'BA698CD5-E81F-47A5-88A4-CB9DE622ABC5', N'0D3E62E8-B8DC-4723-8801-D54BFE39772D', N'INSERT', N'system_configuration', N'B693D585-3026-4A02-8449-9B6F98AE4F2C', NULL, NULL, N'197.174.238.117', N'Mozilla/5.0 (Windows NT 10.0; Win64; x64) AppleWebKit/537.36', N'2025-03-20 16:04:27'),
(N'DBFFFF19-FBC4-45D0-BD57-BE7746E9E178', N'E40DA9EA-5268-4A2C-A1D4-B5BDC37EE86A', N'UPDATE', N'user', N'FAB78A12-5C76-45BF-A666-5214A178E149', NULL, N'{"status": "updated"}', N'201.200.35.53', N'Mozilla/5.0 (Windows NT 10.0; Win64; x64) AppleWebKit/537.36', N'2025-12-18 16:04:27'),
(N'8FEF90BF-D8FC-4F2A-B246-86A4BB9E505F', N'94E550B5-E351-4C55-9928-16DA10151D67', N'UPDATE', N'student', N'15DA091E-E6C5-4BAC-9D74-5ACE04917596', NULL, N'{"status": "updated"}', N'247.178.39.219', N'Mozilla/5.0 (X11; Linux x86_64) AppleWebKit/537.36', N'2025-02-13 16:04:27'),
(N'2B934429-9804-4412-8748-CD4FFBC3568B', N'6D8BB00D-C895-4F95-879E-4ABE36E7C4A2', N'INSERT', N'user', N'742DB7CC-DD7F-472D-8070-F3D76BA4D397', NULL, NULL, N'211.207.192.237', N'Mozilla/5.0 (Windows NT 10.0; Win64; x64) AppleWebKit/537.36', N'2025-07-27 16:04:27'),
(N'813CB315-30C1-4C93-A5D7-84D736F85E3F', N'12732482-1A4C-4E9F-A0C6-09B65B7268E8', N'UPDATE', N'staff', N'517CAD5B-91CA-4BA0-97C1-FAA64D55DC82', NULL, N'{"status": "updated"}', N'250.250.214.208', N'Mozilla/5.0 (X11; Linux x86_64) AppleWebKit/537.36', N'2025-08-06 16:04:27'),
(N'BD5D6A1C-4B93-48A9-859C-2BBF98C6684B', N'BDDFAEA1-E79B-401B-AE0C-34F60939BDEF', N'SELECT', N'print_job', N'B93A5592-32CD-401A-ABE1-543B004CCE71', NULL, NULL, N'219.225.131.27', N'Mozilla/5.0 (Windows NT 10.0; Win64; x64) AppleWebKit/537.36', N'2025-07-20 16:04:27'),
(N'FAA07EF2-8397-43CF-9DFC-20287C536454', N'7F7B0661-EE04-47EA-99B7-AA7FEC43AD1E', N'DELETE', N'print_job', N'0284B89F-D893-49C3-8512-D4EB376353D5', NULL, NULL, N'250.219.80.42', N'Mozilla/5.0 (X11; Linux x86_64) AppleWebKit/537.36', N'2025-04-02 16:04:27'),
(N'52AD8BA1-65C2-4B43-BCBB-800559B13C12', N'D95BE64B-13B1-4FA8-93B4-9E590A7C33DE', N'DELETE', N'system_configuration', N'AF36FA45-70D1-4AB1-A7DC-A2A93F37EEF3', NULL, NULL, N'214.221.112.251', N'Mozilla/5.0 (Macintosh; Intel Mac OS X 10_15_7) AppleWebKit/537.36', N'2025-01-22 16:04:27'),
(N'C96058D8-B60F-4EC9-A41F-4D8CE09978AD', N'F59E973A-F086-49D1-A11E-139D9A617C64', N'UPDATE', N'system_configuration', N'F531F60C-BF2B-4245-8D61-BD10AC600B40', NULL, N'{"status": "updated"}', N'207.202.162.64', N'Mozilla/5.0 (X11; Linux x86_64) AppleWebKit/537.36', N'2025-02-06 16:04:27'),
(N'01B247D2-29F0-41F6-824F-78C9835D5367', N'28A24306-65C3-4488-9AB9-D79C3F6DE766', N'INSERT', N'print_job', N'DA6EFD41-DDAD-4AAF-A9C4-92395503C015', NULL, NULL, N'204.252.146.22', N'Mozilla/5.0 (Windows NT 10.0; Win64; x64) AppleWebKit/537.36', N'2025-05-24 16:04:27'),
(N'E5ECF24C-BFBB-4346-B8FC-06D96C47A019', N'4D04AB34-E2B9-4395-AD58-717E68C49745', N'SELECT', N'system_configuration', N'5F626032-78EF-4AEA-A70D-21131546D87E', NULL, NULL, N'240.211.146.141', N'Mozilla/5.0 (Windows NT 10.0; Win64; x64) AppleWebKit/537.36', N'2025-09-06 16:04:27'),
(N'80B5E394-C4F7-45F2-A362-DFDAC0330A11', N'B6A04916-DE9E-4705-A185-AF90719B6C8B', N'SELECT', N'student', N'0EC20CE0-DB94-456D-9FCC-89C4E937FA7E', NULL, NULL, N'216.174.122.140', N'Mozilla/5.0 (X11; Linux x86_64) AppleWebKit/537.36', N'2025-07-14 16:04:27'),
(N'2E18466E-CD94-4FC8-8FCE-6DCF5980E8C2', N'74BD4758-4944-44DB-993D-BDBA558A0EEF', N'INSERT', N'user', N'DB0DCB37-C421-465C-8B77-7E310C543DCC', NULL, NULL, N'203.235.62.8', N'Mozilla/5.0 (X11; Linux x86_64) AppleWebKit/537.36', N'2025-01-13 16:04:27'),
(N'00BFF865-18DF-43F8-B55C-A67B146DA414', N'A87DACDD-DBFE-4CBE-90ED-92BA096A0319', N'INSERT', N'user', N'1AAD35CF-7C04-4FCA-8A7F-8EFCC9EFB812', NULL, NULL, N'239.237.66.78', N'Mozilla/5.0 (Windows NT 10.0; Win64; x64) AppleWebKit/537.36', N'2025-09-24 16:04:27'),
(N'07E46A60-2C6A-4D38-83CB-9A68DA4290EC', N'542A50ED-0F9E-47C2-9216-07C0D29FFF50', N'SELECT', N'system_configuration', N'5729779D-872D-4352-A2D6-843A1BD240F0', NULL, NULL, N'198.227.90.59', N'Mozilla/5.0 (X11; Linux x86_64) AppleWebKit/537.36', N'2024-12-31 16:04:27'),
(N'418AF8A5-87CF-415B-A290-C70C79658970', N'CD46E053-C9E8-4E92-B267-09D50A2F233B', N'DELETE', N'print_job', N'76EBE53F-ACA2-4EBE-B124-1A8392E5C2D1', NULL, NULL, N'200.249.93.51', N'Mozilla/5.0 (X11; Linux x86_64) AppleWebKit/537.36', N'2025-03-07 16:04:27'),
(N'FDC874DB-1EBA-44D1-91D2-500DECCF0B3A', N'84E55A19-7959-4C81-A5C7-035EDB045AA7', N'SELECT', N'staff', N'1F7FB10C-4F8F-45B3-BBD0-03FF585C7533', NULL, NULL, N'249.205.223.89', N'Mozilla/5.0 (Macintosh; Intel Mac OS X 10_15_7) AppleWebKit/537.36', N'2025-02-04 16:04:27'),
(N'1571EDBE-5AC6-4DC7-84E8-F310837BB644', N'E40DA9EA-5268-4A2C-A1D4-B5BDC37EE86A', N'DELETE', N'user', N'6F1A3001-A2D0-49D1-A340-B41C40311568', NULL, NULL, N'225.179.93.135', N'Mozilla/5.0 (Macintosh; Intel Mac OS X 10_15_7) AppleWebKit/537.36', N'2025-01-01 16:04:27'),
(N'ECF460A8-218C-47F3-9FC9-C81A4E44CB45', N'CF9D301F-D85C-45A8-AFF5-AA94157E0265', N'UPDATE', N'system_configuration', N'45F1AED7-B1D2-40A3-84C9-0DB219172C8F', NULL, N'{"status": "updated"}', N'254.230.183.176', N'Mozilla/5.0 (Windows NT 10.0; Win64; x64) AppleWebKit/537.36', N'2025-10-20 16:04:27'),
(N'AE4D3FF1-3106-403F-9639-A82D9602712F', N'7822534D-94AE-4CBA-AA77-A11465843A35', N'SELECT', N'print_job', N'6A74CFDA-CA8D-42D3-9D17-62C71EE89ECB', NULL, NULL, N'223.168.192.177', N'Mozilla/5.0 (Macintosh; Intel Mac OS X 10_15_7) AppleWebKit/537.36', N'2025-09-11 16:04:27'),
(N'A76BA46F-BC09-4E11-B9F4-9FC745AF28D6', N'46B4C675-CA42-4565-93C6-A6E9C27F77DB', N'SELECT', N'staff', N'EB682E20-1E6D-4751-83ED-06ACB2A1198B', NULL, NULL, N'251.213.171.173', N'Mozilla/5.0 (X11; Linux x86_64) AppleWebKit/537.36', N'2025-12-07 16:04:27'),
(N'BB9131AC-EE89-4D9B-B4B8-3FB51E960676', N'36344017-AE75-4938-8C75-169452588424', N'UPDATE', N'system_configuration', N'AE084480-9EA4-4A14-A152-400926637A4F', NULL, N'{"status": "updated"}', N'203.253.252.45', N'Mozilla/5.0 (Windows NT 10.0; Win64; x64) AppleWebKit/537.36', N'2025-09-13 16:04:27'),
(N'F04B575E-D723-4C39-9FF0-F6DE9C63EAE0', N'FE9241F9-DB5F-4B7F-B6BA-DE4987C911C6', N'INSERT', N'user', N'1441C462-F40E-4383-AA9B-E4DCF376708C', NULL, NULL, N'225.215.189.30', N'Mozilla/5.0 (Windows NT 10.0; Win64; x64) AppleWebKit/537.36', N'2025-04-03 16:04:27'),
(N'667881BF-F32D-480E-949E-218E2A4B9543', N'0BDD044E-CB54-4A3C-9AF1-A2EFCE569DCC', N'INSERT', N'print_job', N'B521346E-D965-4B53-A3DC-BDA87157337F', NULL, NULL, N'218.192.86.249', N'Mozilla/5.0 (Windows NT 10.0; Win64; x64) AppleWebKit/537.36', N'2025-03-26 16:04:27'),
(N'36CFD397-174A-4228-8498-63D988042CD9', N'7643C449-AB14-4D11-80A4-050680AD76BE', N'SELECT', N'staff', N'CD36ED01-D944-4ABC-A995-BD79A6CADA91', NULL, NULL, N'216.186.250.202', N'Mozilla/5.0 (Windows NT 10.0; Win64; x64) AppleWebKit/537.36', N'2025-12-08 16:04:27'),
(N'A4F7DEBB-B26F-45A6-8BDA-FD739A19D6AD', N'A341A0D8-57FE-4CF1-A57C-62CD2094DC26', N'SELECT', N'user', N'5A27AE02-B882-432C-8D4C-B7BE7E628E80', NULL, NULL, N'242.173.246.14', N'Mozilla/5.0 (X11; Linux x86_64) AppleWebKit/537.36', N'2025-12-26 16:04:27'),
(N'99A53447-1FFB-4B8D-AA30-C37C7C22F9B3', N'C1707BAF-F87F-4CEB-B656-EEE0D63FB524', N'INSERT', N'system_configuration', N'323E2DEF-4064-4380-BE2C-FCEED701B1F1', NULL, NULL, N'255.181.251.198', N'Mozilla/5.0 (Windows NT 10.0; Win64; x64) AppleWebKit/537.36', N'2025-11-26 16:04:27'),
(N'F100DAF3-7FAD-4A7D-A05A-30422C1CF58E', N'7E8DC29D-EBE9-435B-A8BD-30328B21CD66', N'UPDATE', N'print_job', N'EABC18BF-F6B8-4AF6-B45F-F96B2357B2B4', NULL, N'{"status": "updated"}', N'213.181.172.33', N'Mozilla/5.0 (Macintosh; Intel Mac OS X 10_15_7) AppleWebKit/537.36', N'2025-08-25 16:04:27'),
(N'0B76FDE8-78BE-42EB-A844-55C8AC837B2E', N'A8394F12-87AD-48E1-985B-121DC04F4EAB', N'SELECT', N'student', N'D4C7A759-6CF6-430D-9147-CAE1FA0C5900', NULL, NULL, N'235.198.24.211', N'Mozilla/5.0 (X11; Linux x86_64) AppleWebKit/537.36', N'2025-07-09 16:04:27'),
(N'D8D7DA1C-4B4E-4EAC-9C44-4254962F4C75', N'A341A0D8-57FE-4CF1-A57C-62CD2094DC26', N'UPDATE', N'print_job', N'1E5A35BF-29EA-44CF-933B-A5864DD5269C', NULL, N'{"status": "updated"}', N'255.239.233.138', N'Mozilla/5.0 (Windows NT 10.0; Win64; x64) AppleWebKit/537.36', N'2025-03-13 16:04:27'),
(N'D1AFF536-BD4F-43EE-890C-60AA0922A598', N'5B28E772-EF28-4A6D-B5E7-9950F81E33C7', N'INSERT', N'print_job', N'9811F88E-7276-4A5A-8789-DAB613AC33F7', NULL, NULL, N'249.250.181.84', N'Mozilla/5.0 (Windows NT 10.0; Win64; x64) AppleWebKit/537.36', N'2025-03-09 16:04:27'),
(N'3A226F79-9F24-4A1E-8432-BC28AE31C485', N'7822534D-94AE-4CBA-AA77-A11465843A35', N'SELECT', N'staff', N'3D45B4E4-2B38-4DC6-8C0B-A151F947C9F8', NULL, NULL, N'222.227.146.205', N'Mozilla/5.0 (X11; Linux x86_64) AppleWebKit/537.36', N'2025-06-17 16:04:27'),
(N'39087703-A3B3-457F-B004-1817F1F0E554', N'0A0377EC-F5AC-4DC1-B9B9-94DA7F70DDD0', N'DELETE', N'user', N'60242AFF-47AC-43BF-9B25-E72F0ED4F35D', NULL, NULL, N'222.207.108.23', N'Mozilla/5.0 (Windows NT 10.0; Win64; x64) AppleWebKit/537.36', N'2025-09-20 16:04:27'),
(N'C5953602-3A3A-4C6B-BFDB-F64E6C19A2DA', N'18C717AB-83F3-4D15-AA08-6E19B2552B24', N'DELETE', N'staff', N'48C1BBDE-B8E0-4E2A-AF26-DDF465CCE97E', NULL, NULL, N'224.225.211.115', N'Mozilla/5.0 (Windows NT 10.0; Win64; x64) AppleWebKit/537.36', N'2025-12-01 16:04:27'),
(N'2E0F2BAF-EB9F-42AA-9BF1-EECEC148F9DF', N'82BA62AB-5DFE-4DF7-ADDF-586A173444E0', N'INSERT', N'system_configuration', N'6576B46E-5AD3-480A-A58E-CC8638990918', NULL, NULL, N'233.202.193.244', N'Mozilla/5.0 (Macintosh; Intel Mac OS X 10_15_7) AppleWebKit/537.36', N'2025-02-16 16:04:27'),
(N'1699B558-F638-4F7B-A23D-17E911C9963D', N'36344017-AE75-4938-8C75-169452588424', N'DELETE', N'user', N'873CA20E-6416-425D-9340-F5A73376CF54', NULL, NULL, N'203.189.210.109', N'Mozilla/5.0 (X11; Linux x86_64) AppleWebKit/537.36', N'2025-09-28 16:04:27'),
(N'7980FB12-751B-4571-B9FB-EAD47D3E0C6C', N'C1707BAF-F87F-4CEB-B656-EEE0D63FB524', N'INSERT', N'user', N'200E7C95-8C7B-447A-933D-68E607F603B7', NULL, NULL, N'231.179.184.58', N'Mozilla/5.0 (Macintosh; Intel Mac OS X 10_15_7) AppleWebKit/537.36', N'2025-02-06 16:04:27'),
(N'751276BD-6597-4D09-8170-9F60E17270FE', N'2E033DAE-3E8D-48B8-9F38-AD2EED30EC61', N'SELECT', N'student', N'D977F3BC-964B-40FF-943C-CF25DC58C9C8', NULL, NULL, N'218.169.18.185', N'Mozilla/5.0 (X11; Linux x86_64) AppleWebKit/537.36', N'2025-10-18 16:04:27'),
(N'3A2F174B-3F10-4EAC-AD32-D11AA587F6DC', N'BDB12CD8-6740-4198-A5F2-389A52B8F6B0', N'DELETE', N'staff', N'99CE996D-0C89-4B76-9B48-DF08BE3789E7', NULL, NULL, N'223.180.84.73', N'Mozilla/5.0 (Macintosh; Intel Mac OS X 10_15_7) AppleWebKit/537.36', N'2024-12-27 16:04:27'),
(N'4E51BC33-F31F-40E2-A6E6-F1FCCF5D02AB', N'36344017-AE75-4938-8C75-169452588424', N'UPDATE', N'print_job', N'65CF36C4-8FE7-46D5-84B2-41906D7E7695', NULL, N'{"status": "updated"}', N'210.208.207.43', N'Mozilla/5.0 (X11; Linux x86_64) AppleWebKit/537.36', N'2025-08-18 16:04:27'),
(N'9CA4551B-824B-4133-8B7E-04669833C3AD', N'5B28E772-EF28-4A6D-B5E7-9950F81E33C7', N'DELETE', N'print_job', N'58CC19D9-7C12-420A-8CD4-A1E6E31B6E59', NULL, NULL, N'219.250.91.213', N'Mozilla/5.0 (X11; Linux x86_64) AppleWebKit/537.36', N'2025-07-13 16:04:27'),
(N'46CC591F-00BC-4313-80D3-FF716CC07165', N'22261F46-CC7E-4CD0-9ECD-1CDE8BAA53A2', N'SELECT', N'staff', N'E5F0AA5B-9764-456D-8C86-88261DFAB5B0', NULL, NULL, N'228.213.114.59', N'Mozilla/5.0 (Macintosh; Intel Mac OS X 10_15_7) AppleWebKit/537.36', N'2025-02-23 16:04:27'),
(N'7CF391FB-02A7-4F88-B6C2-EA3B958D2152', N'BC3BF08F-547C-4367-84F0-A14347C4102C', N'DELETE', N'staff', N'D81959C0-5338-47CF-AEFA-317B8BD8B17F', NULL, NULL, N'227.191.87.178', N'Mozilla/5.0 (Macintosh; Intel Mac OS X 10_15_7) AppleWebKit/537.36', N'2025-06-13 16:04:27'),
(N'C9E0A54E-46B5-41D3-BF71-721FA2D1C8D0', N'31D2D649-4E09-43FD-9466-889A68D8A711', N'UPDATE', N'print_job', N'CE5436BA-06B8-40E6-BBE1-7E7190628E77', NULL, N'{"status": "updated"}', N'193.179.107.120', N'Mozilla/5.0 (Macintosh; Intel Mac OS X 10_15_7) AppleWebKit/537.36', N'2025-11-09 16:04:27'),
(N'EB0E6140-4705-462B-803E-B569680C90B0', N'617BE97D-2A5A-4477-A738-D19F47B6D598', N'SELECT', N'system_configuration', N'6778EEE4-0D04-4D84-966F-CD3B5766C17C', NULL, NULL, N'203.215.172.233', N'Mozilla/5.0 (X11; Linux x86_64) AppleWebKit/537.36', N'2025-02-17 16:04:27'),
(N'E7166F87-E66D-4886-BF2F-3413C49AEEE1', N'94E8878D-BC0C-4BF3-B16A-CC93CC888B2F', N'UPDATE', N'staff', N'61ED3D14-5F72-44FB-B068-8B9830DDC8A1', NULL, N'{"status": "updated"}', N'200.192.42.160', N'Mozilla/5.0 (X11; Linux x86_64) AppleWebKit/537.36', N'2025-09-25 16:04:27'),
(N'BD661F10-DDEE-4962-ADD0-D0AE0F27F800', N'46CC4A7B-6317-4111-8E4B-34EE404264FD', N'DELETE', N'student', N'D2C0274D-B993-4C1C-8456-4DFA8F206C31', NULL, NULL, N'206.202.91.106', N'Mozilla/5.0 (X11; Linux x86_64) AppleWebKit/537.36', N'2025-07-28 16:04:27'),
(N'12FD73B0-8106-4681-95C1-F7531BDDC36A', N'C5BA98C9-DA7B-4BD9-9149-AEEE1CF272F9', N'DELETE', N'system_configuration', N'E02CC8D9-C110-4DD5-8B8B-31BAD8003DD1', NULL, NULL, N'244.248.222.94', N'Mozilla/5.0 (Macintosh; Intel Mac OS X 10_15_7) AppleWebKit/537.36', N'2025-02-14 16:04:27'),
(N'4456E935-78F1-44E2-A3CA-217BF8D38B42', N'542A50ED-0F9E-47C2-9216-07C0D29FFF50', N'INSERT', N'staff', N'4F60122E-1C68-4EE2-A29C-BAA63EB6B43B', NULL, NULL, N'245.211.185.24', N'Mozilla/5.0 (X11; Linux x86_64) AppleWebKit/537.36', N'2025-02-17 16:04:27'),
(N'5138CE00-0B64-4019-B2DC-F7F8D927F5B6', N'9ACAE340-69E5-465A-93D3-69E0D781820A', N'DELETE', N'staff', N'51D36647-7029-4EB7-88BA-CBF43A093E4C', NULL, NULL, N'231.233.73.96', N'Mozilla/5.0 (Windows NT 10.0; Win64; x64) AppleWebKit/537.36', N'2025-05-02 16:04:27'),
(N'9969EA7F-C98D-43B9-BC00-6F657BCFF2A4', N'F46F2EA2-CB0C-43BB-A0E6-64AE74DF6F34', N'DELETE', N'user', N'56FAE167-91C1-4265-9CD2-62EC163F6C62', NULL, NULL, N'207.178.208.86', N'Mozilla/5.0 (Windows NT 10.0; Win64; x64) AppleWebKit/537.36', N'2025-09-15 16:04:27'),
(N'011DAEB5-D813-4622-8270-3E04742E30CE', N'13A20AB2-05DB-44A8-AE8F-061849A096F1', N'INSERT', N'student', N'D3402D10-17B4-4B52-A2EE-A9831F1F9788', NULL, NULL, N'208.203.92.79', N'Mozilla/5.0 (Macintosh; Intel Mac OS X 10_15_7) AppleWebKit/537.36', N'2025-07-05 16:04:27'),
(N'F3A4A940-8930-49D3-B6AE-7D151A1B84DD', N'13A20AB2-05DB-44A8-AE8F-061849A096F1', N'INSERT', N'system_configuration', N'AC8E3D3F-3771-4FCF-A059-C9D2292D91C2', NULL, NULL, N'215.193.222.230', N'Mozilla/5.0 (Macintosh; Intel Mac OS X 10_15_7) AppleWebKit/537.36', N'2025-04-23 16:04:27'),
(N'E8290BC0-48AF-405F-B302-539D53C48DDC', N'DDDCA755-3EBA-4BA7-81C1-AABFCB58AF70', N'SELECT', N'user', N'6B21A53F-A7FE-46D2-B085-9F82FAE06796', NULL, NULL, N'233.175.120.48', N'Mozilla/5.0 (Windows NT 10.0; Win64; x64) AppleWebKit/537.36', N'2025-05-17 16:04:27'),
(N'B738CE14-CE1B-4C92-8435-1B9499441E37', N'DFBB99D6-AA69-41F2-958D-B4D8428DC0EB', N'UPDATE', N'system_configuration', N'889C1C8F-CB19-4A68-A4EA-A8F2B06FFCE2', NULL, N'{"status": "updated"}', N'209.199.90.145', N'Mozilla/5.0 (Windows NT 10.0; Win64; x64) AppleWebKit/537.36', N'2025-08-07 16:04:27'),
(N'942C1203-FC1E-48B8-997C-BB82E75E26FA', N'C5BA98C9-DA7B-4BD9-9149-AEEE1CF272F9', N'INSERT', N'print_job', N'0CCAC72B-4FC0-4B91-8588-A0F3400E061C', NULL, NULL, N'206.253.74.21', N'Mozilla/5.0 (Windows NT 10.0; Win64; x64) AppleWebKit/537.36', N'2025-03-18 16:04:27'),
(N'75FDE5C6-8378-4029-BCA8-228D07DA2834', N'0D75B841-E1E0-4529-A6DC-5791B4900BB9', N'DELETE', N'system_configuration', N'2A22EF3D-36A9-4F66-BD62-CED5DA16A755', NULL, NULL, N'239.248.23.210', N'Mozilla/5.0 (Macintosh; Intel Mac OS X 10_15_7) AppleWebKit/537.36', N'2025-08-13 16:04:27'),
(N'2E1C3DE0-1083-48C8-9578-C468FEC96F26', N'1C1969D1-34D2-41C6-8B5D-46D8553B7130', N'UPDATE', N'print_job', N'657AE51C-41ED-4388-B473-77CA8544F9B5', NULL, N'{"status": "updated"}', N'226.219.244.112', N'Mozilla/5.0 (Macintosh; Intel Mac OS X 10_15_7) AppleWebKit/537.36', N'2025-07-17 16:04:27'),
(N'D7A2A4F1-2E7C-4F9A-BA02-1146F2A2B8A5', N'7F9763C0-89B6-436C-9A7F-7C9F82A74081', N'SELECT', N'system_configuration', N'F0C7FEF9-B9B7-4CFA-93AA-0931869F091E', NULL, NULL, N'198.172.143.20', N'Mozilla/5.0 (Macintosh; Intel Mac OS X 10_15_7) AppleWebKit/537.36', N'2025-02-23 16:04:27'),
(N'A051CA75-0F74-4A2B-AF79-A0B7B37DD123', N'0A0377EC-F5AC-4DC1-B9B9-94DA7F70DDD0', N'DELETE', N'student', N'F42310A7-6CF5-4965-8063-EA6B950A3224', NULL, NULL, N'230.176.45.250', N'Mozilla/5.0 (Macintosh; Intel Mac OS X 10_15_7) AppleWebKit/537.36', N'2025-03-19 16:04:27'),
(N'9269060E-8908-456E-9214-86D3F313D504', N'82BA62AB-5DFE-4DF7-ADDF-586A173444E0', N'UPDATE', N'print_job', N'529D1BC3-E95C-4F8B-BD0B-E64F74323C04', NULL, N'{"status": "updated"}', N'213.193.203.80', N'Mozilla/5.0 (Windows NT 10.0; Win64; x64) AppleWebKit/537.36', N'2025-09-05 16:04:27'),
(N'6453743E-D8F8-4442-A9B2-85416B54B17F', N'A87DACDD-DBFE-4CBE-90ED-92BA096A0319', N'SELECT', N'student', N'D2B1F5E7-65EB-4EC1-A6C5-B6F97CE074F8', NULL, NULL, N'210.230.211.252', N'Mozilla/5.0 (X11; Linux x86_64) AppleWebKit/537.36', N'2024-12-30 16:04:27'),
(N'F5FBBDDB-D0C3-41EE-8AD1-D3DD41757581', N'94E8878D-BC0C-4BF3-B16A-CC93CC888B2F', N'SELECT', N'student', N'C4C81AD8-1ED7-4482-8D8D-DA89A95F7FFE', NULL, NULL, N'193.230.29.187', N'Mozilla/5.0 (Macintosh; Intel Mac OS X 10_15_7) AppleWebKit/537.36', N'2025-12-12 16:04:27'),
(N'8BF06B49-B7C6-4154-AD1B-E37595D01744', N'58ACD54C-A625-49EE-AD71-7DCF3FF14E98', N'UPDATE', N'student', N'E70DA2C7-BD33-4AB1-A3F6-1F4003FEF061', NULL, N'{"status": "updated"}', N'248.246.212.73', N'Mozilla/5.0 (Macintosh; Intel Mac OS X 10_15_7) AppleWebKit/537.36', N'2025-12-15 16:04:27'),
(N'FA6F3F02-7BF9-4C6D-89DA-582A24D715A3', N'9614180A-0320-4E14-B8B6-E2B5A931782A', N'UPDATE', N'student', N'3F0F2B61-ECE4-4C85-BAE3-A8FDF1CA815D', NULL, N'{"status": "updated"}', N'203.172.87.213', N'Mozilla/5.0 (X11; Linux x86_64) AppleWebKit/537.36', N'2025-08-18 16:04:27'),
(N'88020A8F-1375-43C4-93FD-D9BBD4B90BD1', N'2FACAAFB-7371-4FAE-9F58-4C0B3B1AD9D0', N'DELETE', N'system_configuration', N'F7CA27E7-A7C3-4D89-9EF6-BE982B2BEFFF', NULL, NULL, N'226.190.231.189', N'Mozilla/5.0 (X11; Linux x86_64) AppleWebKit/537.36', N'2025-08-07 16:04:27'),
(N'72034B64-0938-434D-8A58-D3564F8581F4', N'36BE0EAB-9BD6-473D-8BA0-536A42BC465E', N'SELECT', N'system_configuration', N'CF378F18-B367-4038-9CB9-C75E487324D4', NULL, NULL, N'230.251.204.154', N'Mozilla/5.0 (Macintosh; Intel Mac OS X 10_15_7) AppleWebKit/537.36', N'2025-11-25 16:04:27'),
(N'F0FE85AB-5F00-4C66-A97A-A74251314240', N'BDDFAEA1-E79B-401B-AE0C-34F60939BDEF', N'UPDATE', N'user', N'2AB04438-3CF6-4538-926F-A13C1F0BF451', NULL, N'{"status": "updated"}', N'192.234.107.236', N'Mozilla/5.0 (Macintosh; Intel Mac OS X 10_15_7) AppleWebKit/537.36', N'2025-02-06 16:04:27'),
(N'70FC65AC-5D33-4B92-8EEC-43A6BBA1D5E9', N'18C717AB-83F3-4D15-AA08-6E19B2552B24', N'INSERT', N'staff', N'DB3A6F16-1F0B-4722-8E07-8D49AF3452CD', NULL, NULL, N'196.210.14.13', N'Mozilla/5.0 (X11; Linux x86_64) AppleWebKit/537.36', N'2025-08-04 16:04:27'),
(N'CBFD9AB5-15BB-4463-AA2B-1262FD19A225', N'62DC0669-E900-4AB7-8EB9-30AF519543CE', N'SELECT', N'system_configuration', N'5F42558C-AE5E-4A80-B307-5547BFC60F7A', NULL, NULL, N'241.206.22.100', N'Mozilla/5.0 (X11; Linux x86_64) AppleWebKit/537.36', N'2025-01-03 16:04:27'),
(N'04CBDA21-32FA-4E4A-993B-03B98488AAAB', N'022C2233-8975-4DAE-9C01-15D06D2D4473', N'UPDATE', N'staff', N'B7567490-C17E-40B5-A1A0-DAB00771A3AF', NULL, N'{"status": "updated"}', N'251.241.175.219', N'Mozilla/5.0 (Macintosh; Intel Mac OS X 10_15_7) AppleWebKit/537.36', N'2025-03-19 16:04:27'),
(N'873CFE58-9575-411C-A6AA-233BC1FCCFA5', N'8A8B82C0-4190-42AD-BDAE-E4BCEF8653E5', N'SELECT', N'user', N'5A08D410-47BA-4EC8-BBF4-904E530AE90F', NULL, NULL, N'208.223.48.127', N'Mozilla/5.0 (Macintosh; Intel Mac OS X 10_15_7) AppleWebKit/537.36', N'2025-09-02 16:04:27'),
(N'A7E7A605-FA3E-43A7-89F1-655457B4BAFE', N'0D3E62E8-B8DC-4723-8801-D54BFE39772D', N'DELETE', N'student', N'D9E2AEE9-A4F5-40B0-9005-B34DD5947EA8', NULL, NULL, N'240.250.226.96', N'Mozilla/5.0 (Windows NT 10.0; Win64; x64) AppleWebKit/537.36', N'2025-04-20 16:04:27'),
(N'8295C775-E969-47F4-AFB9-4AE4CBCC7D7A', N'1882BF3F-F76F-4D48-8319-DF05A22FFE07', N'UPDATE', N'staff', N'0F2DB8A0-06C9-4CFD-B2E5-2373E398F8E1', NULL, N'{"status": "updated"}', N'199.176.116.9', N'Mozilla/5.0 (Macintosh; Intel Mac OS X 10_15_7) AppleWebKit/537.36', N'2025-08-02 16:04:27'),
(N'AECADDD9-4649-49E3-866B-BBB331DA79B9', N'A3CA59C1-180A-428A-9CB4-18B4298AF71A', N'INSERT', N'staff', N'66546194-AD57-49CB-B3BC-8D0D2C8E5810', NULL, NULL, N'198.251.182.120', N'Mozilla/5.0 (X11; Linux x86_64) AppleWebKit/537.36', N'2025-08-07 16:04:27'),
(N'F628B7B7-9EA6-403D-AF46-25C6B01BB64D', N'85C56CA9-3921-4FDF-8E4D-13DC504FB953', N'INSERT', N'system_configuration', N'ED8CCAC4-53A6-4E6B-A437-24FE792D2E02', NULL, NULL, N'237.236.164.7', N'Mozilla/5.0 (X11; Linux x86_64) AppleWebKit/537.36', N'2025-03-21 16:04:27'),
(N'549434F5-79FF-4B0B-9F5D-CB2D9B247D5F', N'B612B279-965D-4A7D-9B5F-00B6640DD220', N'UPDATE', N'staff', N'BCCD5D09-5D0E-4CD2-AEA6-59E39A405B60', NULL, N'{"status": "updated"}', N'197.255.171.100', N'Mozilla/5.0 (Macintosh; Intel Mac OS X 10_15_7) AppleWebKit/537.36', N'2025-08-23 16:04:27'),
(N'BB9CCA2C-5991-470C-9A79-4BC1A8E036FE', N'C1707BAF-F87F-4CEB-B656-EEE0D63FB524', N'UPDATE', N'system_configuration', N'B69CEF63-275B-42ED-8B1A-E5BF278C97F8', NULL, N'{"status": "updated"}', N'224.230.199.62', N'Mozilla/5.0 (Windows NT 10.0; Win64; x64) AppleWebKit/537.36', N'2025-07-20 16:04:27'),
(N'FD15C465-BF6B-4ADC-8B38-8EBF429CAA93', N'F46F2EA2-CB0C-43BB-A0E6-64AE74DF6F34', N'INSERT', N'print_job', N'D26EB9B4-7993-4EFB-B868-82ECFEF8680F', NULL, NULL, N'210.199.115.222', N'Mozilla/5.0 (Windows NT 10.0; Win64; x64) AppleWebKit/537.36', N'2025-08-07 16:04:27'),
(N'3A131240-FE61-4D45-897E-5E9264CB2FDF', N'C5BA98C9-DA7B-4BD9-9149-AEEE1CF272F9', N'INSERT', N'system_configuration', N'05169BC0-CB91-462C-945A-7ADFF757D954', NULL, NULL, N'200.207.207.89', N'Mozilla/5.0 (Windows NT 10.0; Win64; x64) AppleWebKit/537.36', N'2025-03-17 16:04:27'),
(N'0868162C-5E21-486B-8BE9-D07F21499B96', N'85C56CA9-3921-4FDF-8E4D-13DC504FB953', N'UPDATE', N'system_configuration', N'4E6FC723-87F1-4F7C-AA6F-CCCB7ED90004', NULL, N'{"status": "updated"}', N'210.233.123.213', N'Mozilla/5.0 (Macintosh; Intel Mac OS X 10_15_7) AppleWebKit/537.36', N'2025-08-27 16:04:27'),
(N'196B4EA2-5F40-40AD-B4DF-6A2099027228', N'E23BCC4A-466F-4451-80C1-79AB77D1CDD6', N'DELETE', N'staff', N'CEC1E8FE-1950-476D-A7C0-9196C460556A', NULL, NULL, N'205.219.237.100', N'Mozilla/5.0 (Windows NT 10.0; Win64; x64) AppleWebKit/537.36', N'2025-10-30 16:04:27'),
(N'BA1C82F4-CC04-4B0B-8DBD-0A5FEB569B4B', N'E2A979AB-773C-4DBD-BAD5-65943EDC5F50', N'SELECT', N'staff', N'06F5A086-D994-47F2-A1EB-92A4D3DC44D7', NULL, NULL, N'213.169.166.62', N'Mozilla/5.0 (X11; Linux x86_64) AppleWebKit/537.36', N'2025-01-27 16:04:27'),
(N'923A0BFC-66DA-4129-8F64-F4814B50693E', N'E7734040-EA11-4499-B971-8D5B916161C8', N'INSERT', N'print_job', N'1463E286-9D27-4616-931A-E491C8194F13', NULL, NULL, N'223.253.216.70', N'Mozilla/5.0 (Windows NT 10.0; Win64; x64) AppleWebKit/537.36', N'2025-11-12 16:04:27'),
(N'C607C67A-2620-4E14-B8D2-538A55154A7B', N'5451F6A1-2B46-4359-9DBA-62C17704B917', N'DELETE', N'print_job', N'CB9734E3-358E-42E5-9BF9-B4C08F1D09A6', NULL, NULL, N'194.197.87.47', N'Mozilla/5.0 (Macintosh; Intel Mac OS X 10_15_7) AppleWebKit/537.36', N'2025-01-31 16:04:27'),
(N'111FB1BF-6CFD-4CD5-9D4A-9F023C263223', N'EC9AE4E2-E127-438C-9914-DBBD58F81F24', N'UPDATE', N'system_configuration', N'5F101AFA-E8FB-4B5B-843C-6A99265C8EEC', NULL, N'{"status": "updated"}', N'221.194.69.220', N'Mozilla/5.0 (Macintosh; Intel Mac OS X 10_15_7) AppleWebKit/537.36', N'2025-09-19 16:04:27'),
(N'5F38A6F3-6C82-47DA-A671-F6402E6A5E17', N'F46F2EA2-CB0C-43BB-A0E6-64AE74DF6F34', N'DELETE', N'print_job', N'1B6D63DB-88C8-4F9D-981E-98C2F509E103', NULL, NULL, N'254.226.224.15', N'Mozilla/5.0 (Windows NT 10.0; Win64; x64) AppleWebKit/537.36', N'2025-07-29 16:04:27'),
(N'564095E1-F334-4C8B-B38F-AAF18E1CACFC', N'C5BA98C9-DA7B-4BD9-9149-AEEE1CF272F9', N'SELECT', N'user', N'27152BAD-E533-4CF5-9A1A-C28A03B2D498', NULL, NULL, N'245.180.141.221', N'Mozilla/5.0 (X11; Linux x86_64) AppleWebKit/537.36', N'2025-08-19 16:04:27'),
(N'D45C8F67-EDBC-47FB-95B9-7C1C90A907E5', N'6D8BB00D-C895-4F95-879E-4ABE36E7C4A2', N'INSERT', N'student', N'12DDDFE3-8AB9-4F4A-AFFA-0F8B2510540D', NULL, NULL, N'203.202.43.162', N'Mozilla/5.0 (X11; Linux x86_64) AppleWebKit/537.36', N'2025-07-06 16:04:27'),
(N'1C1C15E8-4BDB-4C08-97AD-6D8773C50100', N'542A50ED-0F9E-47C2-9216-07C0D29FFF50', N'DELETE', N'staff', N'575DBE73-4350-42B4-B5F1-F37737E17FA0', NULL, NULL, N'212.170.68.41', N'Mozilla/5.0 (X11; Linux x86_64) AppleWebKit/537.36', N'2025-03-03 16:04:27'),
(N'24156A8B-0265-4159-8E34-7B9005613B58', N'253AC6A0-038C-4FE5-B9CF-441A0BA152E2', N'DELETE', N'print_job', N'8804F3EF-7198-4D03-B5ED-392E2E8B7901', NULL, NULL, N'212.247.175.50', N'Mozilla/5.0 (Macintosh; Intel Mac OS X 10_15_7) AppleWebKit/537.36', N'2025-12-06 16:04:27'),
(N'E0DB668F-614B-40BE-8B57-F0C59EA47F9D', N'694027FC-8213-4365-BE48-E6BEF174483D', N'DELETE', N'system_configuration', N'15C99D72-4CA0-482A-B011-C7098D30EDF0', NULL, NULL, N'233.185.82.100', N'Mozilla/5.0 (X11; Linux x86_64) AppleWebKit/537.36', N'2025-09-29 16:04:27'),
(N'CC1A071D-174A-4284-81BC-978CFD424DAF', N'10A3C250-3D43-4BF0-B06A-AF8DF7CE2C80', N'UPDATE', N'system_configuration', N'6E635A13-6F77-459E-B60C-6DE65D9F67A9', NULL, N'{"status": "updated"}', N'215.246.47.83', N'Mozilla/5.0 (Windows NT 10.0; Win64; x64) AppleWebKit/537.36', N'2025-12-18 16:04:27'),
(N'273FC917-4C2E-4D5F-BF75-C4926DC17092', N'9ACAE340-69E5-465A-93D3-69E0D781820A', N'INSERT', N'user', N'1B73BAE2-3015-4793-A904-6B85FD7C67BC', NULL, NULL, N'210.225.17.90', N'Mozilla/5.0 (X11; Linux x86_64) AppleWebKit/537.36', N'2025-02-02 16:04:27'),
(N'35B172C0-D568-40A5-BB07-49DF8C822108', N'E40DA9EA-5268-4A2C-A1D4-B5BDC37EE86A', N'SELECT', N'print_job', N'BFD21C59-628C-4C36-AD5A-8E6C472BBA9F', NULL, NULL, N'211.215.66.48', N'Mozilla/5.0 (Macintosh; Intel Mac OS X 10_15_7) AppleWebKit/537.36', N'2025-05-23 16:04:27'),
(N'D319B38F-5A73-4C6C-8257-E7B0225EAF72', N'82BA62AB-5DFE-4DF7-ADDF-586A173444E0', N'DELETE', N'system_configuration', N'DE2FC37C-B923-4EDF-B9C9-F8488E5563A8', NULL, NULL, N'192.196.133.119', N'Mozilla/5.0 (Macintosh; Intel Mac OS X 10_15_7) AppleWebKit/537.36', N'2025-10-05 16:04:27'),
(N'47962D2A-5D30-410A-81C3-65533FDF7C2E', N'1C1969D1-34D2-41C6-8B5D-46D8553B7130', N'UPDATE', N'system_configuration', N'1DB9084F-82D0-4389-A897-32F15A2B39D5', NULL, N'{"status": "updated"}', N'245.216.142.57', N'Mozilla/5.0 (X11; Linux x86_64) AppleWebKit/537.36', N'2024-12-30 16:04:27'),
(N'743A3C4C-883F-44C1-9972-952443AA2B0A', N'D5A476BC-1880-49F4-A0DE-82E780E3EBC9', N'UPDATE', N'staff', N'3AEC3D57-C6E6-4372-B941-A4E1EF45B751', NULL, N'{"status": "updated"}', N'222.218.32.8', N'Mozilla/5.0 (Macintosh; Intel Mac OS X 10_15_7) AppleWebKit/537.36', N'2025-10-28 16:04:27'),
(N'3DF3704A-AB02-4753-A52E-CC366843A286', N'1C1969D1-34D2-41C6-8B5D-46D8553B7130', N'INSERT', N'student', N'DC60E767-3831-4F89-9183-388D686729BB', NULL, NULL, N'231.228.85.110', N'Mozilla/5.0 (Windows NT 10.0; Win64; x64) AppleWebKit/537.36', N'2025-07-20 16:04:27'),
(N'DABE256C-FF42-4F26-8014-903C605FF7EE', N'E23BCC4A-466F-4451-80C1-79AB77D1CDD6', N'SELECT', N'user', N'8FBA2166-3BBE-4A0B-8E5B-1A154BA459C7', NULL, NULL, N'198.241.221.171', N'Mozilla/5.0 (X11; Linux x86_64) AppleWebKit/537.36', N'2025-05-28 16:04:27'),
(N'CC1A8AAD-D047-4535-B1CE-CDAEC54DA939', N'86425D44-C804-4D52-8282-AD1DC71093F7', N'UPDATE', N'student', N'9C4CAFB5-E93D-4F79-A62F-6D7C732745DE', NULL, N'{"status": "updated"}', N'193.171.253.228', N'Mozilla/5.0 (X11; Linux x86_64) AppleWebKit/537.36', N'2025-01-25 16:04:27'),
(N'7CDB2058-8249-4AFE-B2DA-C649F5797FD3', N'62DC0669-E900-4AB7-8EB9-30AF519543CE', N'SELECT', N'user', N'F533A399-6B2F-4F8F-8796-E7703DF27DD0', NULL, NULL, N'227.168.207.119', N'Mozilla/5.0 (X11; Linux x86_64) AppleWebKit/537.36', N'2025-05-10 16:04:27'),
(N'F989384A-52A9-46F9-9945-263634BD0ED1', N'94E550B5-E351-4C55-9928-16DA10151D67', N'INSERT', N'student', N'159ED585-EC25-4473-859A-275117F9250B', NULL, NULL, N'237.211.71.134', N'Mozilla/5.0 (Macintosh; Intel Mac OS X 10_15_7) AppleWebKit/537.36', N'2025-03-09 16:04:27'),
(N'FB3572E0-EE07-42F3-8CC1-C6568EF14E1F', N'E7734040-EA11-4499-B971-8D5B916161C8', N'INSERT', N'user', N'5BE56E08-F0A6-402B-B80C-D161A9D58180', NULL, NULL, N'246.197.234.201', N'Mozilla/5.0 (Windows NT 10.0; Win64; x64) AppleWebKit/537.36', N'2025-08-13 16:04:27'),
(N'0EBAA6DA-BEFF-48FE-995B-9396C9FC3C13', N'5471A457-799E-45F5-A584-0A9AB14A4B9A', N'SELECT', N'print_job', N'E0D95670-5B39-44CF-B090-45A4C7BFC5B9', NULL, NULL, N'233.252.120.114', N'Mozilla/5.0 (Windows NT 10.0; Win64; x64) AppleWebKit/537.36', N'2025-06-27 16:04:27'),
(N'540CD353-8E90-495F-87D4-135A7B0BEC6B', N'1882BF3F-F76F-4D48-8319-DF05A22FFE07', N'DELETE', N'student', N'85B93B3A-AB37-424C-96B5-8AD7670D79C4', NULL, NULL, N'239.219.179.61', N'Mozilla/5.0 (X11; Linux x86_64) AppleWebKit/537.36', N'2025-12-01 16:04:27'),
(N'CE9942DF-D249-436A-855D-235AF6BD4C2C', N'BC3BF08F-547C-4367-84F0-A14347C4102C', N'SELECT', N'print_job', N'514C91E0-8518-468D-A643-BECDEDE53F81', NULL, NULL, N'192.196.118.193', N'Mozilla/5.0 (Macintosh; Intel Mac OS X 10_15_7) AppleWebKit/537.36', N'2025-08-09 16:04:27'),
(N'8B48759A-07B7-407C-BBBF-679E2AB99231', N'62DC0669-E900-4AB7-8EB9-30AF519543CE', N'SELECT', N'student', N'A108AB8E-CEC5-491B-A84D-B126B890BA08', NULL, NULL, N'197.189.183.14', N'Mozilla/5.0 (Macintosh; Intel Mac OS X 10_15_7) AppleWebKit/537.36', N'2025-01-13 16:04:27'),
(N'AD33714D-6042-43F7-9922-69D5438DB5B1', N'7C738365-5A0A-486F-AD02-85D22A431855', N'INSERT', N'print_job', N'81ADFBB8-C061-4629-BF41-666F8A8B06E0', NULL, NULL, N'236.230.146.184', N'Mozilla/5.0 (Windows NT 10.0; Win64; x64) AppleWebKit/537.36', N'2025-05-03 16:04:27'),
(N'CB36DFB9-FFD8-4A7A-BDFB-F852D9AE95E0', N'80347045-0410-4857-8AB3-3688B4AC7863', N'DELETE', N'staff', N'F1785833-0ABA-41B2-B482-6AF09CB1ECEF', NULL, NULL, N'196.203.246.131', N'Mozilla/5.0 (Macintosh; Intel Mac OS X 10_15_7) AppleWebKit/537.36', N'2025-08-02 16:04:27'),
(N'5930A1A9-FEF8-4C25-96F7-AF9C5797F4B6', N'31D2D649-4E09-43FD-9466-889A68D8A711', N'DELETE', N'user', N'5545E513-11FC-4C5C-B30B-A2B815F622BA', NULL, NULL, N'218.168.83.139', N'Mozilla/5.0 (X11; Linux x86_64) AppleWebKit/537.36', N'2025-11-15 16:04:27'),
(N'B977D893-1C3A-47DD-9EAD-3AB484FE86CB', N'0C18EE20-B812-4001-B47D-D5AAEA636743', N'DELETE', N'user', N'59894420-36FF-4A9D-9E44-978692C94B2F', NULL, NULL, N'254.176.138.81', N'Mozilla/5.0 (X11; Linux x86_64) AppleWebKit/537.36', N'2025-03-14 16:04:27'),
(N'D2CE4397-8F7F-4D12-8785-2F6256C1235A', N'1C1969D1-34D2-41C6-8B5D-46D8553B7130', N'DELETE', N'print_job', N'247E922F-15E7-4C9C-94EE-DD6F5545D4FE', NULL, NULL, N'233.176.213.248', N'Mozilla/5.0 (Macintosh; Intel Mac OS X 10_15_7) AppleWebKit/537.36', N'2025-11-16 16:04:27'),
(N'71C1F0DB-1BAB-4743-990D-F03F37F2059E', N'DE7A82E2-3348-42BD-85A8-3BACC599E571', N'DELETE', N'user', N'579B085F-D228-44B5-A57D-4E4A2E8AC52A', NULL, NULL, N'195.246.96.68', N'Mozilla/5.0 (X11; Linux x86_64) AppleWebKit/537.36', N'2025-11-02 16:04:27'),
(N'D20EC491-EB96-43F8-8C9B-95357D25C8FC', N'7F9A1D1F-7619-4155-8049-ECE8770E04B1', N'DELETE', N'student', N'B342DE98-819E-4B28-9274-B4E2B9D3E298', NULL, NULL, N'251.222.164.79', N'Mozilla/5.0 (Macintosh; Intel Mac OS X 10_15_7) AppleWebKit/537.36', N'2025-02-21 16:04:27'),
(N'83473206-7F71-40D3-8F1B-A3081FBDB6C4', N'B612B279-965D-4A7D-9B5F-00B6640DD220', N'INSERT', N'print_job', N'A03AE6EA-B831-4F52-A06E-7DAAD153110B', NULL, NULL, N'202.223.213.111', N'Mozilla/5.0 (X11; Linux x86_64) AppleWebKit/537.36', N'2025-09-04 16:04:27'),
(N'74F4FFA6-D61C-43F3-9FAD-62FAE4DE1CC1', N'7822534D-94AE-4CBA-AA77-A11465843A35', N'DELETE', N'student', N'F4676E80-EC0C-4C41-BCF7-AE1E02B9330E', NULL, NULL, N'210.200.173.161', N'Mozilla/5.0 (Macintosh; Intel Mac OS X 10_15_7) AppleWebKit/537.36', N'2025-05-17 16:04:27'),
(N'6E0EAA42-7FB6-4AF5-98B6-587393CF687F', N'745E6461-C292-46A6-80D3-1D8526022FB6', N'SELECT', N'system_configuration', N'F3673A83-EB8E-4E4D-B277-7F1851234A2E', NULL, NULL, N'222.222.6.250', N'Mozilla/5.0 (Macintosh; Intel Mac OS X 10_15_7) AppleWebKit/537.36', N'2025-05-09 16:04:27'),
(N'AD85E59D-8F0A-41EF-9352-53BC57496604', N'840B6566-9FC7-4E30-AD0F-C47A3C877F46', N'INSERT', N'print_job', N'DA1B38E3-4168-41D5-BB7D-6A9F7C9B032A', NULL, NULL, N'209.187.48.206', N'Mozilla/5.0 (Macintosh; Intel Mac OS X 10_15_7) AppleWebKit/537.36', N'2025-09-11 16:04:27'),
(N'AFE7BE36-C15A-4269-BBDA-62D3B43FD58C', N'D95BE64B-13B1-4FA8-93B4-9E590A7C33DE', N'DELETE', N'user', N'22E22BD2-E2C7-4B58-AAF4-1B086BE76382', NULL, NULL, N'250.246.24.157', N'Mozilla/5.0 (Windows NT 10.0; Win64; x64) AppleWebKit/537.36', N'2025-03-31 16:04:27'),
(N'A85F0FE2-9326-49EE-B415-67AB872156FF', N'BC3BF08F-547C-4367-84F0-A14347C4102C', N'UPDATE', N'student', N'8CE9AB51-7881-4CFA-B412-0155264140C7', NULL, N'{"status": "updated"}', N'193.244.93.100', N'Mozilla/5.0 (X11; Linux x86_64) AppleWebKit/537.36', N'2025-09-20 16:04:27'),
(N'2671AC62-C154-4F25-9735-F5AE5B98F74A', N'A8394F12-87AD-48E1-985B-121DC04F4EAB', N'UPDATE', N'print_job', N'E86EA57D-38CA-4EBB-8D4F-A7A92FDF59AA', NULL, N'{"status": "updated"}', N'245.168.32.71', N'Mozilla/5.0 (X11; Linux x86_64) AppleWebKit/537.36', N'2025-10-27 16:04:27'),
(N'43816B8B-D707-4B12-A62D-4E3300607E84', N'E23BCC4A-466F-4451-80C1-79AB77D1CDD6', N'SELECT', N'system_configuration', N'93BFA705-78E3-4639-9020-D806CE0E9989', NULL, NULL, N'227.195.212.145', N'Mozilla/5.0 (X11; Linux x86_64) AppleWebKit/537.36', N'2025-08-21 16:04:27'),
(N'8B6B5F80-25A1-4382-8596-E94FFD908617', N'62DC0669-E900-4AB7-8EB9-30AF519543CE', N'SELECT', N'system_configuration', N'A8545AEA-7330-4276-B023-DA152B0593E8', NULL, NULL, N'215.189.130.28', N'Mozilla/5.0 (Macintosh; Intel Mac OS X 10_15_7) AppleWebKit/537.36', N'2025-01-05 16:04:27'),
(N'97817A6D-DA28-4C56-ADE0-36E53A206F82', N'530193B5-4708-4993-A914-F453A01A3D39', N'SELECT', N'print_job', N'F8AA5C32-7633-42A4-A52F-737DDCE8715B', NULL, NULL, N'234.200.128.168', N'Mozilla/5.0 (Windows NT 10.0; Win64; x64) AppleWebKit/537.36', N'2025-02-02 16:04:27'),
(N'8D5DE7A3-F694-4A3B-ADE9-338E4323DE41', N'D95BE64B-13B1-4FA8-93B4-9E590A7C33DE', N'UPDATE', N'staff', N'70191252-A489-4959-8ED8-2330D52EF294', NULL, N'{"status": "updated"}', N'244.254.138.233', N'Mozilla/5.0 (Macintosh; Intel Mac OS X 10_15_7) AppleWebKit/537.36', N'2025-05-13 16:04:27'),
(N'EF6698E5-CBF5-42E5-AE97-B28EEBD44EF4', N'EA58FE44-247B-405E-9900-0C336296A53F', N'DELETE', N'system_configuration', N'0B3D3FA8-8C8C-4A05-8993-2AC38A2E4A1A', NULL, NULL, N'235.199.238.60', N'Mozilla/5.0 (Windows NT 10.0; Win64; x64) AppleWebKit/537.36', N'2025-04-03 16:04:27'),
(N'C231BD04-AF6B-48F9-BAAB-103A4F6F9666', N'6F2728BB-C88D-40E2-BAB0-FE54AD7DD97F', N'SELECT', N'student', N'D90E9E9C-3E5B-471F-93C0-7456E3B134D4', NULL, NULL, N'240.219.213.34', N'Mozilla/5.0 (X11; Linux x86_64) AppleWebKit/537.36', N'2025-09-04 16:04:27'),
(N'8363BE4C-9F3E-4DEE-B7AD-6CBF82664031', N'4A0EEA51-4A27-4064-A103-4B89E7FFCE6F', N'UPDATE', N'user', N'A9DA80DA-4026-4175-8C8D-1A0D3CB22701', NULL, N'{"status": "updated"}', N'252.237.112.9', N'Mozilla/5.0 (Macintosh; Intel Mac OS X 10_15_7) AppleWebKit/537.36', N'2025-10-25 16:04:27'),
(N'776281EB-24C4-4BFE-BF11-AB99FA4178AF', N'745E6461-C292-46A6-80D3-1D8526022FB6', N'DELETE', N'system_configuration', N'C62A212C-3E2D-42A7-82BB-474A0815B314', NULL, NULL, N'219.220.186.223', N'Mozilla/5.0 (Windows NT 10.0; Win64; x64) AppleWebKit/537.36', N'2025-03-20 16:04:27'),
(N'61BAFB1F-1B19-44E7-9AC6-27F15257D58B', N'BBB2CA33-7D39-480D-80D6-4D69BB31A80C', N'SELECT', N'student', N'5EBBE817-F22D-4D1E-A12F-25BD8E8E1B65', NULL, NULL, N'207.232.232.64', N'Mozilla/5.0 (X11; Linux x86_64) AppleWebKit/537.36', N'2025-03-04 16:04:27'),
(N'A00EECCD-1BAB-49FA-9008-102C90590852', N'009704E0-7C9D-48E7-B3CE-82BC680F4260', N'DELETE', N'student', N'8D0D64E5-96AC-41FF-A259-3756AD29A041', NULL, NULL, N'221.192.42.83', N'Mozilla/5.0 (Windows NT 10.0; Win64; x64) AppleWebKit/537.36', N'2025-08-03 16:04:27'),
(N'F54E6C12-EAB4-47B9-B032-43C622217270', N'BB9E9339-7C45-48F2-95C2-7E0CB6B7F9FF', N'DELETE', N'staff', N'813F60FE-238E-44FD-B2EE-3EA8BAC99FAD', NULL, NULL, N'217.225.159.66', N'Mozilla/5.0 (Windows NT 10.0; Win64; x64) AppleWebKit/537.36', N'2025-07-05 16:04:27'),
(N'0E556151-304E-47D0-8C8A-F3A434AC84C1', N'7F9A1D1F-7619-4155-8049-ECE8770E04B1', N'DELETE', N'print_job', N'4C19F4AC-4543-4C12-8C14-100B0ADD4BDC', NULL, NULL, N'225.198.156.46', N'Mozilla/5.0 (Macintosh; Intel Mac OS X 10_15_7) AppleWebKit/537.36', N'2025-02-08 16:04:27'),
(N'4D81B265-F616-48AF-8EDD-F08BE6FCB8A3', N'2E033DAE-3E8D-48B8-9F38-AD2EED30EC61', N'DELETE', N'user', N'CE1BCF43-2A5A-44AB-A8BD-32717552155F', NULL, NULL, N'215.221.59.11', N'Mozilla/5.0 (Macintosh; Intel Mac OS X 10_15_7) AppleWebKit/537.36', N'2025-06-24 16:04:27'),
(N'28725CC9-8F2F-416D-8E33-CB011D34DE43', N'DDDCA755-3EBA-4BA7-81C1-AABFCB58AF70', N'UPDATE', N'system_configuration', N'F8976F0E-EC40-4A04-B8DA-98A1CFE283BD', NULL, N'{"status": "updated"}', N'218.176.83.83', N'Mozilla/5.0 (Macintosh; Intel Mac OS X 10_15_7) AppleWebKit/537.36', N'2025-04-10 16:04:27'),
(N'8BD125B2-D9A3-4761-990E-35EC67F1D0DB', N'DE7A82E2-3348-42BD-85A8-3BACC599E571', N'INSERT', N'print_job', N'D8E75DFF-EAB5-450A-AE08-420E94691CE8', NULL, NULL, N'231.234.50.30', N'Mozilla/5.0 (X11; Linux x86_64) AppleWebKit/537.36', N'2025-11-22 16:04:27'),
(N'E3E6010B-1800-400B-B96B-6F23D0594E88', N'F59E973A-F086-49D1-A11E-139D9A617C64', N'INSERT', N'print_job', N'5D7C9AB5-A7CA-4F7B-B46E-A35E2E5768AA', NULL, NULL, N'236.239.11.195', N'Mozilla/5.0 (X11; Linux x86_64) AppleWebKit/537.36', N'2025-02-09 16:04:27'),
(N'04759E06-659B-40F6-8650-C567B793991B', N'4D04AB34-E2B9-4395-AD58-717E68C49745', N'DELETE', N'print_job', N'5C2F9378-636B-4CFE-A93B-B72F8F0C3FA4', NULL, NULL, N'253.214.224.230', N'Mozilla/5.0 (Macintosh; Intel Mac OS X 10_15_7) AppleWebKit/537.36', N'2025-11-02 16:04:27'),
(N'FF49C512-3F97-4F75-86CD-2632D1BDE8BC', N'DDDCA755-3EBA-4BA7-81C1-AABFCB58AF70', N'INSERT', N'print_job', N'398C20EE-3E94-46CB-9385-37E58609774A', NULL, NULL, N'252.219.191.56', N'Mozilla/5.0 (Macintosh; Intel Mac OS X 10_15_7) AppleWebKit/537.36', N'2025-03-11 16:04:27'),
(N'8FE47E91-CF13-40BB-934A-D480620F2B2B', N'427B2D1B-631A-4771-B311-125B46D0F39F', N'DELETE', N'student', N'186A08D7-CD26-4336-A46E-26CEA6E68284', NULL, NULL, N'210.225.154.131', N'Mozilla/5.0 (Windows NT 10.0; Win64; x64) AppleWebKit/537.36', N'2025-06-06 16:04:27'),
(N'63F75230-7EDA-43D5-9679-DE76BA7CC134', N'B612B279-965D-4A7D-9B5F-00B6640DD220', N'SELECT', N'system_configuration', N'DC27CDA8-50C1-4E0D-A8D5-8A3AA8128BBB', NULL, NULL, N'222.183.35.115', N'Mozilla/5.0 (Windows NT 10.0; Win64; x64) AppleWebKit/537.36', N'2025-08-07 16:04:27'),
(N'473493CB-F7F6-438B-92AF-13DB8159739A', N'9614180A-0320-4E14-B8B6-E2B5A931782A', N'UPDATE', N'print_job', N'22B97E71-150D-4E8B-BB3A-90909F014FC1', NULL, N'{"status": "updated"}', N'228.240.19.241', N'Mozilla/5.0 (Windows NT 10.0; Win64; x64) AppleWebKit/537.36', N'2024-12-31 16:04:27'),
(N'83174293-3C05-4D96-8C4B-6F4D160BEB00', N'1C1969D1-34D2-41C6-8B5D-46D8553B7130', N'DELETE', N'staff', N'1D64647A-07CD-4015-9F7B-26A383CD8899', NULL, NULL, N'211.215.111.71', N'Mozilla/5.0 (Macintosh; Intel Mac OS X 10_15_7) AppleWebKit/537.36', N'2025-03-10 16:04:27'),
(N'3FF87F29-C8FD-4905-91CE-2E08E49064ED', N'C5BA98C9-DA7B-4BD9-9149-AEEE1CF272F9', N'INSERT', N'print_job', N'0C4B1D7D-BC57-4590-8640-6A4030C8013F', NULL, NULL, N'196.178.246.74', N'Mozilla/5.0 (Macintosh; Intel Mac OS X 10_15_7) AppleWebKit/537.36', N'2025-01-27 16:04:27'),
(N'AF921923-9FB1-4DF1-9A4D-3C9D43F447CD', N'84E55A19-7959-4C81-A5C7-035EDB045AA7', N'INSERT', N'student', N'F7CD9B1B-74D3-421B-8842-5F7EA91F9B0C', NULL, NULL, N'207.181.111.10', N'Mozilla/5.0 (Macintosh; Intel Mac OS X 10_15_7) AppleWebKit/537.36', N'2025-08-22 16:04:27'),
(N'3C160798-B1A4-4793-AF4A-AF901E3CF26D', N'8E6349C1-5A68-498B-A573-62EA95164278', N'INSERT', N'staff', N'51CA8975-9CE0-43BF-A7A9-C312624DD74C', NULL, NULL, N'197.194.44.150', N'Mozilla/5.0 (X11; Linux x86_64) AppleWebKit/537.36', N'2025-11-16 16:04:27'),
(N'BBA7A569-87DC-4906-B0A0-04F89A298C67', N'8A8B82C0-4190-42AD-BDAE-E4BCEF8653E5', N'UPDATE', N'student', N'08A565DC-184B-499B-8699-BEFC8375A00D', NULL, N'{"status": "updated"}', N'239.188.43.135', N'Mozilla/5.0 (X11; Linux x86_64) AppleWebKit/537.36', N'2025-08-11 16:04:27'),
(N'A6B35BD8-150C-4C2C-A1C6-EB13579694D4', N'1D0B1605-8F12-484D-BCDA-1DED73F57EAB', N'SELECT', N'staff', N'6F071E89-1D70-45EF-ACA8-23C543C361C9', NULL, NULL, N'236.248.3.140', N'Mozilla/5.0 (X11; Linux x86_64) AppleWebKit/537.36', N'2025-04-27 16:04:27'),
(N'FC8C2263-11B8-4B4B-8381-56AF3C18E439', N'617BE97D-2A5A-4477-A738-D19F47B6D598', N'DELETE', N'print_job', N'8C4D33D3-A643-439B-916E-7FF644CF92BC', NULL, NULL, N'220.194.226.101', N'Mozilla/5.0 (X11; Linux x86_64) AppleWebKit/537.36', N'2025-10-16 16:04:27'),
(N'126857BE-EC04-46AD-8053-455EFBFFC4B5', N'7F9A1D1F-7619-4155-8049-ECE8770E04B1', N'INSERT', N'staff', N'6CC382C2-24FC-40ED-8497-ACDAC4251CBA', NULL, NULL, N'230.170.92.167', N'Mozilla/5.0 (Windows NT 10.0; Win64; x64) AppleWebKit/537.36', N'2025-11-25 16:04:27'),
(N'85F27BB7-F2DF-412F-9136-F1C688C697A0', N'7F9763C0-89B6-436C-9A7F-7C9F82A74081', N'SELECT', N'staff', N'60B218EC-093D-42E4-B50B-BBB4221A4818', NULL, NULL, N'224.239.158.12', N'Mozilla/5.0 (Windows NT 10.0; Win64; x64) AppleWebKit/537.36', N'2025-07-09 16:04:27'),
(N'48CCF826-725C-4B52-BBE0-AD2BC076C050', N'11E45469-7927-455F-B9CE-569E20738D1C', N'DELETE', N'print_job', N'F54EF0B8-6D75-4134-8196-01C09B4DDF3A', NULL, NULL, N'204.244.12.167', N'Mozilla/5.0 (Macintosh; Intel Mac OS X 10_15_7) AppleWebKit/537.36', N'2025-06-09 16:04:27'),
(N'616C1CC7-693B-4627-BAC1-A1E33E196620', N'BBB2CA33-7D39-480D-80D6-4D69BB31A80C', N'UPDATE', N'print_job', N'549FB39C-8669-4411-85D9-F3DBA70B259E', NULL, N'{"status": "updated"}', N'230.204.10.177', N'Mozilla/5.0 (Macintosh; Intel Mac OS X 10_15_7) AppleWebKit/537.36', N'2025-07-05 16:04:27'),
(N'05F92426-EC8A-4C49-BC67-10D7D0D4D3AC', N'84E55A19-7959-4C81-A5C7-035EDB045AA7', N'SELECT', N'user', N'6ED74072-52E7-4A0A-9E1B-D8403B5ADE91', NULL, NULL, N'248.254.9.195', N'Mozilla/5.0 (X11; Linux x86_64) AppleWebKit/537.36', N'2025-05-07 16:04:27'),
(N'323916F5-7782-48E4-A299-0CD6D0376CE9', N'57A68D83-59F8-43D3-B3B7-F020FB4D74FE', N'SELECT', N'system_configuration', N'AE26A170-BC71-4E55-89BB-D2C00715777C', NULL, NULL, N'222.179.34.136', N'Mozilla/5.0 (Windows NT 10.0; Win64; x64) AppleWebKit/537.36', N'2025-12-11 16:04:27'),
(N'990CF8F7-DD58-4510-9EB9-787D399D8B3D', N'A4A2DDD4-2722-4DA3-B861-81FF3ECE59F5', N'SELECT', N'staff', N'94BBB52D-5ECB-4E67-9089-9396EBB21276', NULL, NULL, N'194.251.36.166', N'Mozilla/5.0 (X11; Linux x86_64) AppleWebKit/537.36', N'2025-07-13 16:04:27'),
(N'7930E2F3-E9A3-4604-BBB6-1DA241704FCC', N'7F9A1D1F-7619-4155-8049-ECE8770E04B1', N'DELETE', N'print_job', N'2F1C3A7B-F352-4592-ACC0-0153764D08F5', NULL, NULL, N'242.188.239.173', N'Mozilla/5.0 (Windows NT 10.0; Win64; x64) AppleWebKit/537.36', N'2025-10-28 16:04:27'),
(N'146DE9E3-9AF4-44E0-858C-50494AE00AA5', N'5451F6A1-2B46-4359-9DBA-62C17704B917', N'SELECT', N'user', N'166E6AE4-B3BB-489B-A2EB-B0F452B9DAE1', NULL, NULL, N'194.188.93.186', N'Mozilla/5.0 (Macintosh; Intel Mac OS X 10_15_7) AppleWebKit/537.36', N'2025-08-10 16:04:27'),
(N'2CDF120B-2143-4B51-9CE3-C85E74831A0B', N'530193B5-4708-4993-A914-F453A01A3D39', N'UPDATE', N'system_configuration', N'7B04FC20-880E-474A-A235-110F24C8BFBD', NULL, N'{"status": "updated"}', N'251.169.116.45', N'Mozilla/5.0 (Macintosh; Intel Mac OS X 10_15_7) AppleWebKit/537.36', N'2025-02-06 16:04:27'),
(N'B105B44A-A98B-4FF9-8E18-8DE9E4DE20A3', N'571F7E25-679A-4F7F-847B-65B854899561', N'UPDATE', N'staff', N'CA705E43-8989-4BFB-9776-C9E487F62A63', NULL, N'{"status": "updated"}', N'210.252.248.150', N'Mozilla/5.0 (Macintosh; Intel Mac OS X 10_15_7) AppleWebKit/537.36', N'2025-12-03 16:04:27'),
(N'DA7DC915-7940-4381-B87A-15BD9BA27F63', N'84E55A19-7959-4C81-A5C7-035EDB045AA7', N'UPDATE', N'user', N'476BCE21-1768-46BF-984B-32BB1279DF41', NULL, N'{"status": "updated"}', N'196.231.93.92', N'Mozilla/5.0 (Macintosh; Intel Mac OS X 10_15_7) AppleWebKit/537.36', N'2025-09-25 16:04:27'),
(N'FD53BE2F-6E5C-47E7-BFC5-6E6ADE28359E', N'14DBDF83-2717-4A87-92E9-E34551496916', N'INSERT', N'student', N'85402155-5A59-47BC-9DD2-F0C8E63DDEF6', NULL, NULL, N'195.247.141.189', N'Mozilla/5.0 (Windows NT 10.0; Win64; x64) AppleWebKit/537.36', N'2025-11-07 16:04:27'),
(N'2F310592-1F11-4178-835F-999FAE580BAE', N'CF9D301F-D85C-45A8-AFF5-AA94157E0265', N'DELETE', N'system_configuration', N'1AB371E1-8C6A-4110-9268-47837FA1185E', NULL, NULL, N'204.213.59.201', N'Mozilla/5.0 (X11; Linux x86_64) AppleWebKit/537.36', N'2025-02-14 16:04:27'),
(N'676ECC2F-DDDB-4449-BBEC-677BA9D69E67', N'5451F6A1-2B46-4359-9DBA-62C17704B917', N'UPDATE', N'student', N'B53CF94B-AED8-420A-88E3-3743C1304C13', NULL, N'{"status": "updated"}', N'218.208.79.180', N'Mozilla/5.0 (Macintosh; Intel Mac OS X 10_15_7) AppleWebKit/537.36', N'2025-10-28 16:04:27'),
(N'3C160AFC-FC8D-4103-A51E-1B112758E6A5', N'9614180A-0320-4E14-B8B6-E2B5A931782A', N'SELECT', N'staff', N'F89C2C4E-1766-4D54-9A9A-EF1704617420', NULL, NULL, N'238.174.155.176', N'Mozilla/5.0 (X11; Linux x86_64) AppleWebKit/537.36', N'2025-05-28 16:04:27'),
(N'C98ACD55-CF77-4EBF-9F89-210D59C7B2CF', N'C1707BAF-F87F-4CEB-B656-EEE0D63FB524', N'DELETE', N'system_configuration', N'4FCC91CC-0B4F-42C2-9899-6CF4A22A701E', NULL, NULL, N'216.220.29.234', N'Mozilla/5.0 (Windows NT 10.0; Win64; x64) AppleWebKit/537.36', N'2025-04-01 16:04:27'),
(N'DD7CB80D-E8EE-4FD2-A4CB-95D45744EF56', N'DA4259F4-4CCC-450C-B6BE-8B983033EDD9', N'UPDATE', N'print_job', N'BBC9F432-14FD-4B3E-9880-4D78BE63E869', NULL, N'{"status": "updated"}', N'215.172.188.137', N'Mozilla/5.0 (Macintosh; Intel Mac OS X 10_15_7) AppleWebKit/537.36', N'2025-11-12 16:04:27'),
(N'DDF43A71-7AF6-4D9F-AB6A-5C406BD3FDD5', N'8A8B82C0-4190-42AD-BDAE-E4BCEF8653E5', N'UPDATE', N'system_configuration', N'9E687365-FC00-4A16-8A42-A09D14099D38', NULL, N'{"status": "updated"}', N'255.209.229.78', N'Mozilla/5.0 (X11; Linux x86_64) AppleWebKit/537.36', N'2025-09-17 16:04:27'),
(N'387D23B2-F0E0-4B79-89F1-14919A7B2A74', N'46CC4A7B-6317-4111-8E4B-34EE404264FD', N'DELETE', N'student', N'D67B660D-54FC-4BE4-A29E-1E23E1885B10', NULL, NULL, N'196.243.78.141', N'Mozilla/5.0 (X11; Linux x86_64) AppleWebKit/537.36', N'2025-02-25 16:04:27'),
(N'F939EACA-78E5-4B5B-87CC-176B56C2F053', N'D95BE64B-13B1-4FA8-93B4-9E590A7C33DE', N'DELETE', N'print_job', N'8C0847FC-64A6-46E0-BFD2-22DA2EA07505', NULL, NULL, N'205.209.6.235', N'Mozilla/5.0 (Macintosh; Intel Mac OS X 10_15_7) AppleWebKit/537.36', N'2025-10-26 16:04:27'),
(N'52631D32-D15A-4E61-BA98-11F550C02C3A', N'18C717AB-83F3-4D15-AA08-6E19B2552B24', N'DELETE', N'user', N'9F9BB548-13CA-419C-B160-111A81090860', NULL, NULL, N'252.183.109.204', N'Mozilla/5.0 (Macintosh; Intel Mac OS X 10_15_7) AppleWebKit/537.36', N'2025-09-14 16:04:27'),
(N'55191811-1784-48D7-80CE-A75165AC56CD', N'E40DA9EA-5268-4A2C-A1D4-B5BDC37EE86A', N'SELECT', N'student', N'CB1595F1-8582-4900-9BEC-2CC86E1C163A', NULL, NULL, N'214.186.3.91', N'Mozilla/5.0 (Macintosh; Intel Mac OS X 10_15_7) AppleWebKit/537.36', N'2025-06-05 16:04:27'),
(N'0EF70B8B-A05B-40F4-AE06-1838BC680B50', N'ADD17B53-2776-4990-A615-A34533E20701', N'DELETE', N'student', N'062AC1CE-B007-44E2-856D-BC2796D7E520', NULL, NULL, N'254.234.37.188', N'Mozilla/5.0 (Windows NT 10.0; Win64; x64) AppleWebKit/537.36', N'2025-12-24 16:04:27'),
(N'D6C7BDDD-925C-4CEC-8E6E-10F0083681C9', N'8EACA602-F11F-4F3F-AC0B-7555924DC5C0', N'INSERT', N'user', N'CE8F358F-FDC8-40D7-BF11-59939367B782', NULL, NULL, N'242.199.134.97', N'Mozilla/5.0 (Windows NT 10.0; Win64; x64) AppleWebKit/537.36', N'2025-07-03 16:04:27'),
(N'65D0D9F7-3A12-4857-926A-2CDEEA3B9ECA', N'840B6566-9FC7-4E30-AD0F-C47A3C877F46', N'INSERT', N'print_job', N'88DD3B82-E107-43F1-BE58-57FB565FF4DF', NULL, NULL, N'238.193.248.14', N'Mozilla/5.0 (Windows NT 10.0; Win64; x64) AppleWebKit/537.36', N'2025-07-22 16:04:27'),
(N'E3946641-1CD6-4CB7-A257-A2D9F2325DEB', N'EA58FE44-247B-405E-9900-0C336296A53F', N'INSERT', N'staff', N'A820E637-6B85-4ADC-9CDA-F9CC7F954CB9', NULL, NULL, N'242.253.67.173', N'Mozilla/5.0 (Windows NT 10.0; Win64; x64) AppleWebKit/537.36', N'2025-03-03 16:04:27'),
(N'4052933F-B599-4085-A781-3F736370501F', N'617BE97D-2A5A-4477-A738-D19F47B6D598', N'SELECT', N'system_configuration', N'533969D3-C155-479E-AB2B-1AEFC8A6B20E', NULL, NULL, N'235.214.96.4', N'Mozilla/5.0 (Windows NT 10.0; Win64; x64) AppleWebKit/537.36', N'2025-01-14 16:04:27'),
(N'A838B043-62BD-46D1-ABF4-10D52FB826E8', N'80D39BEC-34F8-4D3F-9190-DC06506B1A6E', N'DELETE', N'print_job', N'A7BED8F0-9D92-4699-B85D-34832A9B0CBF', NULL, NULL, N'230.194.15.188', N'Mozilla/5.0 (Macintosh; Intel Mac OS X 10_15_7) AppleWebKit/537.36', N'2025-09-20 16:04:27'),
(N'8D0DEEE4-2425-485F-B03B-096F5C3BB628', N'1882BF3F-F76F-4D48-8319-DF05A22FFE07', N'SELECT', N'print_job', N'904C7DD5-A7A2-4145-A37E-0E439AA401C0', NULL, NULL, N'232.172.39.123', N'Mozilla/5.0 (X11; Linux x86_64) AppleWebKit/537.36', N'2025-02-09 16:04:27'),
(N'4D2B601C-0772-411F-ADD6-1167F5840B71', N'0D75B841-E1E0-4529-A6DC-5791B4900BB9', N'UPDATE', N'user', N'F44FB130-9FF4-4D19-8200-4E54445C91AE', NULL, N'{"status": "updated"}', N'240.251.82.9', N'Mozilla/5.0 (Macintosh; Intel Mac OS X 10_15_7) AppleWebKit/537.36', N'2025-10-25 16:04:27'),
(N'42AB145B-F9A6-47DD-85AC-E309618662C6', N'253AC6A0-038C-4FE5-B9CF-441A0BA152E2', N'INSERT', N'staff', N'237B3402-6F84-476B-A8C3-E709BB94FAC8', NULL, NULL, N'213.192.53.41', N'Mozilla/5.0 (Macintosh; Intel Mac OS X 10_15_7) AppleWebKit/537.36', N'2025-11-07 16:04:27'),
(N'4048C905-60C7-456F-9B9F-F19776293319', N'7F9763C0-89B6-436C-9A7F-7C9F82A74081', N'DELETE', N'system_configuration', N'E43E7BA8-3097-4569-AA72-1B64E17C23BF', NULL, NULL, N'194.235.119.49', N'Mozilla/5.0 (Windows NT 10.0; Win64; x64) AppleWebKit/537.36', N'2025-05-21 16:04:27'),
(N'1147926C-DE82-423D-9E25-A335DE6AF2C0', N'B6A04916-DE9E-4705-A185-AF90719B6C8B', N'SELECT', N'staff', N'DD861035-590F-4480-A050-C47BFB699604', NULL, NULL, N'236.255.44.77', N'Mozilla/5.0 (Windows NT 10.0; Win64; x64) AppleWebKit/537.36', N'2025-01-03 16:04:27'),
(N'C525B6AC-A20E-473C-B7DD-C705A04AD286', N'8E6349C1-5A68-498B-A573-62EA95164278', N'DELETE', N'print_job', N'CEBEEFD2-33B4-4CDC-8573-8F625ECECB9D', NULL, NULL, N'200.243.138.99', N'Mozilla/5.0 (X11; Linux x86_64) AppleWebKit/537.36', N'2025-02-26 16:04:27'),
(N'1C85E2F9-67D7-47F2-92FD-CCBDE1BB9F9B', N'9A048112-0810-4FCB-83A2-D099D7818BF2', N'UPDATE', N'student', N'9D6EB649-4F03-4643-A4CC-BFDD99BA4328', NULL, N'{"status": "updated"}', N'197.178.156.95', N'Mozilla/5.0 (Macintosh; Intel Mac OS X 10_15_7) AppleWebKit/537.36', N'2025-05-11 16:04:27'),
(N'3F492D82-6C05-49F4-8FBA-2957C335D83C', N'5606EAA2-40A5-4857-8E6E-9C824883858F', N'SELECT', N'user', N'F57E0F33-9C29-42B0-BBA2-48FD221EDCD3', NULL, NULL, N'232.188.243.234', N'Mozilla/5.0 (Macintosh; Intel Mac OS X 10_15_7) AppleWebKit/537.36', N'2025-06-29 16:04:27'),
(N'477119E6-62F2-4C71-9A1E-7FF828FB0657', N'1D0B1605-8F12-484D-BCDA-1DED73F57EAB', N'INSERT', N'staff', N'D1893FA7-19DE-438C-AF94-4A3C86E2D0A1', NULL, NULL, N'205.198.249.28', N'Mozilla/5.0 (Macintosh; Intel Mac OS X 10_15_7) AppleWebKit/537.36', N'2025-12-21 16:04:27'),
(N'7D5C09D4-B2B8-4C8F-AFF6-62A57FA97BE6', N'BC3BF08F-547C-4367-84F0-A14347C4102C', N'DELETE', N'print_job', N'CADD1168-E985-49C3-8B4F-E8493446AEB6', NULL, NULL, N'228.192.180.202', N'Mozilla/5.0 (Windows NT 10.0; Win64; x64) AppleWebKit/537.36', N'2025-03-17 16:04:27'),
(N'4D751E91-8736-4383-9F5E-1377470D456E', N'DA4259F4-4CCC-450C-B6BE-8B983033EDD9', N'DELETE', N'staff', N'BC530683-4AC0-47B8-97B6-310FE9EC92C4', NULL, NULL, N'232.232.126.36', N'Mozilla/5.0 (Macintosh; Intel Mac OS X 10_15_7) AppleWebKit/537.36', N'2025-01-09 16:04:27'),
(N'C5D3D8C5-30FE-4CD4-BCC8-8360A00EBFDF', N'28A24306-65C3-4488-9AB9-D79C3F6DE766', N'UPDATE', N'system_configuration', N'5E62F397-21F0-4889-BDD9-39CF16D388EB', NULL, N'{"status": "updated"}', N'201.206.221.103', N'Mozilla/5.0 (X11; Linux x86_64) AppleWebKit/537.36', N'2025-08-17 16:04:27'),
(N'D0C68C86-B5F1-4C41-8FDB-9DF937477B12', N'84E55A19-7959-4C81-A5C7-035EDB045AA7', N'INSERT', N'system_configuration', N'FF9FD271-4F4E-4327-9977-2A702E0BB5A8', NULL, NULL, N'203.183.5.94', N'Mozilla/5.0 (X11; Linux x86_64) AppleWebKit/537.36', N'2025-06-18 16:04:27'),
(N'504BAA24-6E30-4BFE-89B2-0EF513879EDD', N'F59E973A-F086-49D1-A11E-139D9A617C64', N'SELECT', N'system_configuration', N'434A9885-9154-4446-8C6C-EC397CE5ABC4', NULL, NULL, N'217.185.241.176', N'Mozilla/5.0 (Windows NT 10.0; Win64; x64) AppleWebKit/537.36', N'2025-01-12 16:04:27'),
(N'230CF02F-18D7-467F-BCB1-71A9AA615F7F', N'8E6349C1-5A68-498B-A573-62EA95164278', N'UPDATE', N'student', N'32DFD777-7323-405C-9E49-61609D7AEA87', NULL, N'{"status": "updated"}', N'198.215.46.12', N'Mozilla/5.0 (Windows NT 10.0; Win64; x64) AppleWebKit/537.36', N'2025-02-01 16:04:27'),
(N'805F756A-9AF1-4348-BF4E-93D043285E75', N'5471A457-799E-45F5-A584-0A9AB14A4B9A', N'INSERT', N'system_configuration', N'6F570272-AF5E-4AB1-8810-A0A63E010F9D', NULL, NULL, N'199.241.115.182', N'Mozilla/5.0 (Macintosh; Intel Mac OS X 10_15_7) AppleWebKit/537.36', N'2025-07-30 16:04:27'),
(N'4FF1888E-FA8B-49D1-960A-732A20869BE6', N'4A0EEA51-4A27-4064-A103-4B89E7FFCE6F', N'SELECT', N'print_job', N'1AD809D9-1609-45F7-9905-53CE3772F40E', NULL, NULL, N'235.174.20.29', N'Mozilla/5.0 (X11; Linux x86_64) AppleWebKit/537.36', N'2025-07-01 16:04:27'),
(N'C7E7C5C8-2AEF-482E-B4D9-74E5CEB26FA1', N'ADD17B53-2776-4990-A615-A34533E20701', N'UPDATE', N'student', N'79C3B58C-BBEF-49FB-BC97-60CB45023E92', NULL, N'{"status": "updated"}', N'193.235.48.145', N'Mozilla/5.0 (X11; Linux x86_64) AppleWebKit/537.36', N'2025-10-09 16:04:27'),
(N'2509DAAE-6B81-4E76-B7EE-16BEBABE81F9', N'B6A04916-DE9E-4705-A185-AF90719B6C8B', N'INSERT', N'staff', N'7F67785F-9CD6-4BC9-AE2D-AF78EFEAA711', NULL, NULL, N'238.252.9.94', N'Mozilla/5.0 (Macintosh; Intel Mac OS X 10_15_7) AppleWebKit/537.36', N'2025-06-07 16:04:27'),
(N'C5435F5C-5098-4B74-8AD4-F1575C8DA97E', N'46B4C675-CA42-4565-93C6-A6E9C27F77DB', N'SELECT', N'student', N'2874244B-0436-41AE-AB9E-745A19E9F7CC', NULL, NULL, N'217.240.30.11', N'Mozilla/5.0 (Macintosh; Intel Mac OS X 10_15_7) AppleWebKit/537.36', N'2025-05-08 16:04:27'),
(N'0F945168-990A-4F47-B3B4-7D92DEB8400F', N'28A24306-65C3-4488-9AB9-D79C3F6DE766', N'UPDATE', N'user', N'691A23E2-D294-4D17-8D85-44CD48E59FC3', NULL, N'{"status": "updated"}', N'231.214.41.123', N'Mozilla/5.0 (Windows NT 10.0; Win64; x64) AppleWebKit/537.36', N'2025-01-19 16:04:27'),
(N'E4C5C674-0B3A-49E4-B5D4-BC0EE7807B9D', N'2E033DAE-3E8D-48B8-9F38-AD2EED30EC61', N'SELECT', N'print_job', N'6022041A-E160-48EF-9FE8-AAF8514E4212', NULL, NULL, N'243.229.217.232', N'Mozilla/5.0 (Macintosh; Intel Mac OS X 10_15_7) AppleWebKit/537.36', N'2025-01-04 16:04:27'),
(N'5BCA4742-9D56-476B-9826-FA32EF7B294C', N'6D8BB00D-C895-4F95-879E-4ABE36E7C4A2', N'INSERT', N'print_job', N'6D63D399-B1C5-4292-BFD6-19B5C9B18D43', NULL, NULL, N'242.172.174.116', N'Mozilla/5.0 (Windows NT 10.0; Win64; x64) AppleWebKit/537.36', N'2025-04-20 16:04:27'),
(N'2E676863-34B0-43C6-AB06-BC10917F920F', N'2E033DAE-3E8D-48B8-9F38-AD2EED30EC61', N'DELETE', N'system_configuration', N'B99994CD-189B-4986-A6A6-FDE0C35C86A1', NULL, NULL, N'236.212.167.228', N'Mozilla/5.0 (X11; Linux x86_64) AppleWebKit/537.36', N'2024-12-29 16:04:27'),
(N'9165E08D-07DA-4BB8-A395-6C7565A8CAEC', N'4A0EEA51-4A27-4064-A103-4B89E7FFCE6F', N'SELECT', N'system_configuration', N'E2310B19-80D1-42A6-92C0-46A48828AE0B', NULL, NULL, N'196.179.109.131', N'Mozilla/5.0 (Windows NT 10.0; Win64; x64) AppleWebKit/537.36', N'2025-01-27 16:04:27'),
(N'7B33A9CF-1EEF-472D-BE45-FF725A8508E6', N'D95BE64B-13B1-4FA8-93B4-9E590A7C33DE', N'UPDATE', N'user', N'50825929-5897-41CB-946F-42FE78B0CE1E', NULL, N'{"status": "updated"}', N'222.196.79.5', N'Mozilla/5.0 (Macintosh; Intel Mac OS X 10_15_7) AppleWebKit/537.36', N'2025-11-23 16:04:27'),
(N'DA80127E-F11E-4314-803C-E9C9CA77BF9A', N'5606EAA2-40A5-4857-8E6E-9C824883858F', N'DELETE', N'staff', N'CA94DC5B-7E0B-4D8F-899A-19CB8F8A3A82', NULL, NULL, N'216.234.143.38', N'Mozilla/5.0 (X11; Linux x86_64) AppleWebKit/537.36', N'2025-05-10 16:04:27'),
(N'07FEBC5C-D504-40A5-9B47-B1A83037E3B5', N'C1707BAF-F87F-4CEB-B656-EEE0D63FB524', N'DELETE', N'student', N'4926A9DA-C831-4E0D-93BA-A01FD8ED4E79', NULL, NULL, N'196.182.38.46', N'Mozilla/5.0 (Windows NT 10.0; Win64; x64) AppleWebKit/537.36', N'2025-01-06 16:04:27'),
(N'92E2A9DB-7A1D-4A97-A950-55861F3ABAA7', N'BB9E9339-7C45-48F2-95C2-7E0CB6B7F9FF', N'UPDATE', N'staff', N'359482A0-E840-4B25-A5B4-BD1BFD956187', NULL, N'{"status": "updated"}', N'194.254.254.79', N'Mozilla/5.0 (X11; Linux x86_64) AppleWebKit/537.36', N'2025-09-11 16:04:27'),
(N'C1115281-D335-4224-89C9-CE324A5A8669', N'7822534D-94AE-4CBA-AA77-A11465843A35', N'UPDATE', N'student', N'6101CBD9-6410-4353-B39F-95F11E1E1705', NULL, N'{"status": "updated"}', N'231.200.181.93', N'Mozilla/5.0 (Windows NT 10.0; Win64; x64) AppleWebKit/537.36', N'2025-12-26 16:04:27'),
(N'0EE03876-6B73-47E7-BA3F-49B30B494B60', N'E2A979AB-773C-4DBD-BAD5-65943EDC5F50', N'UPDATE', N'student', N'F7497AAB-A7DE-488D-B5CE-B5B34B0B9FF5', NULL, N'{"status": "updated"}', N'218.172.125.246', N'Mozilla/5.0 (Windows NT 10.0; Win64; x64) AppleWebKit/537.36', N'2025-04-11 16:04:27'),
(N'7F70F1D8-AF82-41C9-8190-88CDE648200D', N'6F2728BB-C88D-40E2-BAB0-FE54AD7DD97F', N'SELECT', N'system_configuration', N'23EA81A1-100C-4292-A9DE-15CB009E2A08', NULL, NULL, N'236.198.213.110', N'Mozilla/5.0 (Macintosh; Intel Mac OS X 10_15_7) AppleWebKit/537.36', N'2025-01-14 16:04:27'),
(N'40D9C889-DD07-4F08-899B-47FAE7E20AA0', N'253AC6A0-038C-4FE5-B9CF-441A0BA152E2', N'DELETE', N'print_job', N'069DAFC6-8D36-4F34-B143-C51DD020CE22', NULL, NULL, N'207.197.240.26', N'Mozilla/5.0 (Windows NT 10.0; Win64; x64) AppleWebKit/537.36', N'2025-07-13 16:04:27'),
(N'C95562E3-F0F0-44FC-923B-5D4FCF180AE0', N'840B6566-9FC7-4E30-AD0F-C47A3C877F46', N'DELETE', N'user', N'DF18786B-01C0-4E53-B1BD-8D17529B8849', NULL, NULL, N'246.191.158.254', N'Mozilla/5.0 (X11; Linux x86_64) AppleWebKit/537.36', N'2025-01-31 16:04:27'),
(N'F5CF0B6C-2EC8-4574-BBC2-47E92439C4BD', N'94E8878D-BC0C-4BF3-B16A-CC93CC888B2F', N'DELETE', N'student', N'A66CE44F-9E49-4A7C-86D8-6808BEFFA79D', NULL, NULL, N'239.246.14.224', N'Mozilla/5.0 (X11; Linux x86_64) AppleWebKit/537.36', N'2025-07-05 16:04:27'),
(N'44E53C13-0346-4C80-BF77-40827F34BE0D', N'CF9D301F-D85C-45A8-AFF5-AA94157E0265', N'DELETE', N'staff', N'27978B7E-68EA-4CE6-9D15-A70D2DB037AA', NULL, NULL, N'237.171.214.5', N'Mozilla/5.0 (X11; Linux x86_64) AppleWebKit/537.36', N'2025-03-10 16:04:27'),
(N'3B010A55-4CDF-46F3-8688-0759E606F708', N'9ACAE340-69E5-465A-93D3-69E0D781820A', N'INSERT', N'student', N'0D0EAA4E-E031-49FD-9A90-7F3382489025', NULL, NULL, N'223.230.144.46', N'Mozilla/5.0 (Macintosh; Intel Mac OS X 10_15_7) AppleWebKit/537.36', N'2025-04-19 16:04:27'),
(N'D9E593FD-89F0-40C6-A793-ECC53D96CD74', N'427B2D1B-631A-4771-B311-125B46D0F39F', N'INSERT', N'student', N'654619FB-74B5-42E4-8DE7-73F023C4FF4F', NULL, NULL, N'218.237.190.54', N'Mozilla/5.0 (X11; Linux x86_64) AppleWebKit/537.36', N'2025-04-14 16:04:27'),
(N'E04514F7-04B5-4FC5-9B55-E2BA1866E110', N'7A3CBBA8-05C2-44D9-8E1A-634D9F14E8BF', N'UPDATE', N'user', N'D86C430B-FBF1-4480-A949-F4C58652DC07', NULL, N'{"status": "updated"}', N'246.169.116.61', N'Mozilla/5.0 (X11; Linux x86_64) AppleWebKit/537.36', N'2025-09-15 16:04:27'),
(N'71562FC4-E5DD-4567-8D42-94A8DC348A38', N'E40DA9EA-5268-4A2C-A1D4-B5BDC37EE86A', N'INSERT', N'student', N'E6DB9AD3-59C1-4F92-B7B6-1231FC93CA53', NULL, NULL, N'246.189.9.93', N'Mozilla/5.0 (Macintosh; Intel Mac OS X 10_15_7) AppleWebKit/537.36', N'2025-10-04 16:04:27'),
(N'5E34956F-FCCA-4E15-94FE-77132D9FBA02', N'9A1B8304-F8BD-46A9-98D6-610532B7D223', N'SELECT', N'student', N'E03A6C79-4035-454B-AB34-B68475562BA3', NULL, NULL, N'241.171.3.124', N'Mozilla/5.0 (X11; Linux x86_64) AppleWebKit/537.36', N'2025-12-04 16:04:27'),
(N'355C05A3-7B48-45FE-9FD8-520B137EBBC1', N'7F9A1D1F-7619-4155-8049-ECE8770E04B1', N'INSERT', N'student', N'9B2DD9FB-E5AC-4E59-A0AB-E98E1C1B5CD9', NULL, NULL, N'249.185.203.200', N'Mozilla/5.0 (Windows NT 10.0; Win64; x64) AppleWebKit/537.36', N'2025-06-01 16:04:27'),
(N'4C50904B-2304-4B98-83D6-FE14B5A553D5', N'B0689F50-4E63-4559-BD50-CFC7B567A022', N'UPDATE', N'print_job', N'FAE80DF1-897A-4119-8C74-4D179EC28E10', NULL, N'{"status": "updated"}', N'201.242.88.107', N'Mozilla/5.0 (Macintosh; Intel Mac OS X 10_15_7) AppleWebKit/537.36', N'2025-10-09 16:04:27'),
(N'088973A9-F968-42C7-83D3-E0384EF49DF5', N'FE009364-19E0-4F5B-A5FE-B5C3458EDAB8', N'INSERT', N'print_job', N'F20AAAC0-82CE-424F-9946-ACACDA28DA50', NULL, NULL, N'217.220.241.222', N'Mozilla/5.0 (Macintosh; Intel Mac OS X 10_15_7) AppleWebKit/537.36', N'2025-01-27 16:04:27'),
(N'80CAF653-43FC-4746-B0FE-2B17BF6EA1D6', N'253AC6A0-038C-4FE5-B9CF-441A0BA152E2', N'INSERT', N'staff', N'491F09EA-6F26-4ED4-B188-35E8D3FCD134', NULL, NULL, N'202.173.201.100', N'Mozilla/5.0 (Windows NT 10.0; Win64; x64) AppleWebKit/537.36', N'2025-03-14 16:04:27'),
(N'17FE29B0-1FB6-47E4-B3D4-C7CF3F0ADADE', N'94E8878D-BC0C-4BF3-B16A-CC93CC888B2F', N'INSERT', N'user', N'266496C6-0B9D-462C-ADCF-B85EE0A8710B', NULL, NULL, N'196.213.230.237', N'Mozilla/5.0 (Windows NT 10.0; Win64; x64) AppleWebKit/537.36', N'2025-04-29 16:04:27'),
(N'77B25867-8D38-4134-8FC2-7FDE733F12AE', N'E01F9537-78ED-4286-902C-FC570E17621F', N'UPDATE', N'user', N'3D027EA0-AEC6-48C4-83DC-978099B61917', NULL, N'{"status": "updated"}', N'201.170.220.180', N'Mozilla/5.0 (Windows NT 10.0; Win64; x64) AppleWebKit/537.36', N'2025-03-19 16:04:27'),
(N'71682E16-481B-4F5B-89A4-4F901FA43727', N'BDDFAEA1-E79B-401B-AE0C-34F60939BDEF', N'INSERT', N'system_configuration', N'6A0D2BF6-2DEE-4BED-A9CE-2EA85F535BB5', NULL, NULL, N'204.179.220.65', N'Mozilla/5.0 (X11; Linux x86_64) AppleWebKit/537.36', N'2025-02-24 16:04:27'),
(N'123448C4-7EEF-4076-AC73-302FCB0F275E', N'BDDFAEA1-E79B-401B-AE0C-34F60939BDEF', N'INSERT', N'user', N'AA57E708-DBEA-45DD-AE1C-528183DACE4D', NULL, NULL, N'242.182.243.154', N'Mozilla/5.0 (Macintosh; Intel Mac OS X 10_15_7) AppleWebKit/537.36', N'2025-09-21 16:04:27'),
(N'DFF23E4B-2DFE-4776-A90A-68AF9CA4EF65', N'7C738365-5A0A-486F-AD02-85D22A431855', N'INSERT', N'system_configuration', N'5D4B613A-8136-485C-B0C3-0C6E5D4D3DB9', NULL, NULL, N'193.236.72.196', N'Mozilla/5.0 (Macintosh; Intel Mac OS X 10_15_7) AppleWebKit/537.36', N'2025-06-19 16:04:27'),
(N'EB453014-006F-47B8-B6EA-9DC272ACF5C7', N'EC6F16C8-E5AB-4498-9439-5DE9D9D5CCB0', N'UPDATE', N'staff', N'1EE32D55-522C-4005-BDA8-08E543F62B98', NULL, N'{"status": "updated"}', N'224.170.17.158', N'Mozilla/5.0 (Macintosh; Intel Mac OS X 10_15_7) AppleWebKit/537.36', N'2025-06-13 16:04:27'),
(N'2E0A99A2-C884-452E-A09D-4A8F4BF98402', N'9A048112-0810-4FCB-83A2-D099D7818BF2', N'DELETE', N'print_job', N'37B0B001-F7A1-4ED9-AE02-18EB23C24269', NULL, NULL, N'207.246.27.249', N'Mozilla/5.0 (Macintosh; Intel Mac OS X 10_15_7) AppleWebKit/537.36', N'2025-03-01 16:04:27'),
(N'601D245B-2C92-473B-BA20-E79AA86E3CD7', N'DE7A82E2-3348-42BD-85A8-3BACC599E571', N'DELETE', N'system_configuration', N'952DB8FC-20AE-45D1-BC73-3BA23C189628', NULL, NULL, N'196.241.88.97', N'Mozilla/5.0 (X11; Linux x86_64) AppleWebKit/537.36', N'2025-03-09 16:04:27'),
(N'D2D1F0F9-55DB-4E86-A139-E13335F1F71A', N'0C18EE20-B812-4001-B47D-D5AAEA636743', N'UPDATE', N'user', N'CF621311-EBD7-4A69-9D3B-A5B997E860A3', NULL, N'{"status": "updated"}', N'241.202.126.16', N'Mozilla/5.0 (Macintosh; Intel Mac OS X 10_15_7) AppleWebKit/537.36', N'2025-01-03 16:04:27'),
(N'CB81E297-6693-41ED-AE60-E6363CCCDB97', N'E15E457D-7E6B-4678-8F33-7143E0048299', N'DELETE', N'print_job', N'F7846974-2A3D-42DF-88DA-C4FE32D35956', NULL, NULL, N'239.204.254.181', N'Mozilla/5.0 (Macintosh; Intel Mac OS X 10_15_7) AppleWebKit/537.36', N'2025-09-22 16:04:27'),
(N'7B75ABBF-1252-4579-9E4F-7BF0BED1C4C1', N'427B2D1B-631A-4771-B311-125B46D0F39F', N'SELECT', N'student', N'3E967206-FCDB-43D3-98CE-5E256E220BB2', NULL, NULL, N'238.232.196.236', N'Mozilla/5.0 (Windows NT 10.0; Win64; x64) AppleWebKit/537.36', N'2025-12-07 16:04:27'),
(N'933DAE14-5EE0-4FCE-8055-971BDD796D39', N'B612B279-965D-4A7D-9B5F-00B6640DD220', N'SELECT', N'user', N'27BFB8A6-F322-4E99-B355-8E7A7836D2E1', NULL, NULL, N'218.178.13.165', N'Mozilla/5.0 (Windows NT 10.0; Win64; x64) AppleWebKit/537.36', N'2025-08-02 16:04:27'),
(N'C2CFC16D-8C8B-456B-9B4E-36A9A6E99350', N'7643C449-AB14-4D11-80A4-050680AD76BE', N'SELECT', N'staff', N'FE910E25-B11D-4F3F-BF85-6B9F31B57E65', NULL, NULL, N'240.202.204.81', N'Mozilla/5.0 (X11; Linux x86_64) AppleWebKit/537.36', N'2025-09-03 16:04:27'),
(N'B9518868-5CC3-4147-A4D2-B735EA9D614E', N'80D39BEC-34F8-4D3F-9190-DC06506B1A6E', N'INSERT', N'student', N'00419499-1AF2-4D4D-A3D0-CAD9BC777E97', NULL, NULL, N'228.181.74.32', N'Mozilla/5.0 (X11; Linux x86_64) AppleWebKit/537.36', N'2025-02-11 16:04:27'),
(N'92F7C8A2-200E-44DC-8E45-8DD927BF4C0D', N'A8394F12-87AD-48E1-985B-121DC04F4EAB', N'DELETE', N'print_job', N'89F0C42B-30F6-4C89-B6E2-440B38F1A7AE', NULL, NULL, N'230.250.112.234', N'Mozilla/5.0 (Windows NT 10.0; Win64; x64) AppleWebKit/537.36', N'2025-10-22 16:04:27'),
(N'E46FA8FD-6408-4F76-A286-7EB31ABB2960', N'4A0EEA51-4A27-4064-A103-4B89E7FFCE6F', N'SELECT', N'print_job', N'CAE0A5C8-C75C-4926-BE3C-9BA23B26C82C', NULL, NULL, N'222.206.95.47', N'Mozilla/5.0 (Windows NT 10.0; Win64; x64) AppleWebKit/537.36', N'2025-10-18 16:04:27'),
(N'2F726A7E-75D4-48AF-9E41-6722748D3039', N'B6A04916-DE9E-4705-A185-AF90719B6C8B', N'SELECT', N'system_configuration', N'9F1E55D4-5D87-48DF-80A1-7B9B3E35EC6F', NULL, NULL, N'245.243.36.83', N'Mozilla/5.0 (Windows NT 10.0; Win64; x64) AppleWebKit/537.36', N'2025-12-14 16:04:27'),
(N'025B3BD6-0F9A-43F6-9587-91B39CD6F8C4', N'28A24306-65C3-4488-9AB9-D79C3F6DE766', N'DELETE', N'print_job', N'BCD8E5C3-E943-4ED2-B66B-0783AD019D5F', NULL, NULL, N'212.201.232.78', N'Mozilla/5.0 (Windows NT 10.0; Win64; x64) AppleWebKit/537.36', N'2025-01-15 16:04:27'),
(N'FDC737DE-51B4-45CB-88A9-204E86974F52', N'11E45469-7927-455F-B9CE-569E20738D1C', N'SELECT', N'print_job', N'C34A2B57-BB2C-42BF-803D-CBD0A484A98D', NULL, NULL, N'241.240.54.140', N'Mozilla/5.0 (Macintosh; Intel Mac OS X 10_15_7) AppleWebKit/537.36', N'2025-02-08 16:04:27'),
(N'E7F267F0-ED2D-4506-AB35-AB4E6F076730', N'DDDCA755-3EBA-4BA7-81C1-AABFCB58AF70', N'INSERT', N'staff', N'81EE0F53-43EE-4B04-856B-966F31B783D4', NULL, NULL, N'217.239.188.133', N'Mozilla/5.0 (X11; Linux x86_64) AppleWebKit/537.36', N'2025-06-02 16:04:27'),
(N'D12C3EAC-E26E-4E48-B30E-52A41900E835', N'7643C449-AB14-4D11-80A4-050680AD76BE', N'DELETE', N'system_configuration', N'0D6CEB51-EA11-498E-89AD-3DA69A1F6724', NULL, NULL, N'250.203.199.254', N'Mozilla/5.0 (Windows NT 10.0; Win64; x64) AppleWebKit/537.36', N'2025-02-22 16:04:27'),
(N'36BC4BB6-06F1-4EF9-A4CB-0336D0178FC4', N'03D849FA-749F-423B-BFA7-CE692C45FFFC', N'DELETE', N'system_configuration', N'92036ED5-8E44-418F-A059-EBD7A99C9243', NULL, NULL, N'240.168.97.205', N'Mozilla/5.0 (Windows NT 10.0; Win64; x64) AppleWebKit/537.36', N'2025-08-13 16:04:27'),
(N'8CF8D56C-F5FE-4107-9F60-C2ADA601FFCD', N'8EACA602-F11F-4F3F-AC0B-7555924DC5C0', N'UPDATE', N'user', N'F4D17BBE-F92F-4DBD-A825-2740265A3050', NULL, N'{"status": "updated"}', N'199.247.243.84', N'Mozilla/5.0 (Windows NT 10.0; Win64; x64) AppleWebKit/537.36', N'2025-10-12 16:04:27'),
(N'D1CB1166-3654-46D2-BF7C-D7DFC94FC1BB', N'7F9A1D1F-7619-4155-8049-ECE8770E04B1', N'SELECT', N'staff', N'8E099D27-C9AB-4ECE-B994-9AF54079879C', NULL, NULL, N'229.252.185.199', N'Mozilla/5.0 (Windows NT 10.0; Win64; x64) AppleWebKit/537.36', N'2025-11-19 16:04:27'),
(N'DF68A852-8A25-4CE8-9D2F-B91C74D84245', N'8F8CE87D-775A-430E-BFF5-3951D723082C', N'UPDATE', N'print_job', N'36762289-99DC-4BF3-9E40-B5429B63A31D', NULL, N'{"status": "updated"}', N'236.215.210.207', N'Mozilla/5.0 (Windows NT 10.0; Win64; x64) AppleWebKit/537.36', N'2025-09-07 16:04:27'),
(N'22BCD0F2-AA68-4281-BEC4-6C8050C17798', N'ADD17B53-2776-4990-A615-A34533E20701', N'DELETE', N'student', N'11AE52B7-325B-404D-8CF9-48A683E4B8D1', NULL, NULL, N'205.240.157.119', N'Mozilla/5.0 (X11; Linux x86_64) AppleWebKit/537.36', N'2025-12-22 16:04:27'),
(N'1141F065-560A-455B-AD05-86F0E1B971B2', N'A341A0D8-57FE-4CF1-A57C-62CD2094DC26', N'INSERT', N'system_configuration', N'D16474B3-6496-4059-837D-0B6CDE3DC487', NULL, NULL, N'206.237.121.106', N'Mozilla/5.0 (X11; Linux x86_64) AppleWebKit/537.36', N'2025-10-08 16:04:27'),
(N'3368840A-E927-41C7-9C8C-EB2E954C6A45', N'7A3CBBA8-05C2-44D9-8E1A-634D9F14E8BF', N'INSERT', N'system_configuration', N'38723153-5452-41B7-A8F5-2C54BA2C5BAE', NULL, NULL, N'248.248.96.82', N'Mozilla/5.0 (Windows NT 10.0; Win64; x64) AppleWebKit/537.36', N'2025-03-26 16:04:27'),
(N'050887C1-7D92-42D7-B7AC-E57E4AA9ED36', N'530193B5-4708-4993-A914-F453A01A3D39', N'DELETE', N'print_job', N'802C7595-A51C-41D2-946C-009251656685', NULL, NULL, N'243.205.62.91', N'Mozilla/5.0 (Macintosh; Intel Mac OS X 10_15_7) AppleWebKit/537.36', N'2025-08-31 16:04:27'),
(N'64CA8F00-E3E4-4ACE-B6DF-1AE9BEA8C5A6', N'571F7E25-679A-4F7F-847B-65B854899561', N'SELECT', N'student', N'34671DF1-4B11-46C5-93CE-C4CFC2272C57', NULL, NULL, N'211.245.75.110', N'Mozilla/5.0 (X11; Linux x86_64) AppleWebKit/537.36', N'2025-09-03 16:04:27'),
(N'0CFA4408-30B3-4891-B821-B6F4F122D8DC', N'EA58FE44-247B-405E-9900-0C336296A53F', N'INSERT', N'system_configuration', N'09B2222B-49F7-4ADD-A19A-532F4B8BD9B4', NULL, NULL, N'238.172.3.74', N'Mozilla/5.0 (Windows NT 10.0; Win64; x64) AppleWebKit/537.36', N'2025-10-10 16:04:27'),
(N'557C7152-9CF1-49AB-9FEA-34E01316AC7D', N'4A0EEA51-4A27-4064-A103-4B89E7FFCE6F', N'UPDATE', N'staff', N'6693FE32-40FA-47CF-BD44-2527FB08E6FA', NULL, N'{"status": "updated"}', N'211.172.154.76', N'Mozilla/5.0 (Windows NT 10.0; Win64; x64) AppleWebKit/537.36', N'2025-09-03 16:04:27'),
(N'57EACC6C-4FDA-46BB-BA02-083553535E8A', N'EA58FE44-247B-405E-9900-0C336296A53F', N'UPDATE', N'system_configuration', N'7D255554-B3AE-4092-9636-4685AD1C22B4', NULL, N'{"status": "updated"}', N'242.235.37.252', N'Mozilla/5.0 (X11; Linux x86_64) AppleWebKit/537.36', N'2025-05-24 16:04:27'),
(N'3B7D23AA-68A2-4132-87D1-F381A68F73A5', N'BC3BF08F-547C-4367-84F0-A14347C4102C', N'INSERT', N'system_configuration', N'A94B334F-FCFE-46E8-B2B9-78B417F613BA', NULL, NULL, N'210.234.191.150', N'Mozilla/5.0 (Windows NT 10.0; Win64; x64) AppleWebKit/537.36', N'2024-12-30 16:04:27'),
(N'E4C53280-E0F2-4863-A865-34C484D2B13E', N'840B6566-9FC7-4E30-AD0F-C47A3C877F46', N'INSERT', N'staff', N'50B778F3-395B-4AA6-88C4-8665636E0FB1', NULL, NULL, N'252.213.74.15', N'Mozilla/5.0 (Macintosh; Intel Mac OS X 10_15_7) AppleWebKit/537.36', N'2025-11-25 16:04:27'),
(N'69B0BEF0-C772-4963-A82F-9FDD7BF5BC0B', N'58ACD54C-A625-49EE-AD71-7DCF3FF14E98', N'DELETE', N'system_configuration', N'C20F88A9-2378-42AF-9CA7-A440897738C4', NULL, NULL, N'247.174.44.166', N'Mozilla/5.0 (X11; Linux x86_64) AppleWebKit/537.36', N'2025-04-14 16:04:27'),
(N'6041C8DA-E0E4-4772-956A-C4149676A32E', N'4A0EEA51-4A27-4064-A103-4B89E7FFCE6F', N'DELETE', N'student', N'24BDBEC5-C3EC-41E8-91FB-BD906F4E7A4C', NULL, NULL, N'203.170.182.253', N'Mozilla/5.0 (Macintosh; Intel Mac OS X 10_15_7) AppleWebKit/537.36', N'2025-02-02 16:04:27'),
(N'5F2C7F26-C3FF-4A8D-B4B2-3E9534FE875B', N'E7734040-EA11-4499-B971-8D5B916161C8', N'INSERT', N'staff', N'D5CB1874-712F-4836-89E0-F70591FA1C0A', NULL, NULL, N'225.169.22.253', N'Mozilla/5.0 (Windows NT 10.0; Win64; x64) AppleWebKit/537.36', N'2025-07-27 16:04:27'),
(N'6D752AB0-4FA4-4AA7-9CC5-EDC2552C9429', N'94E550B5-E351-4C55-9928-16DA10151D67', N'UPDATE', N'staff', N'2B4C6799-4661-4B2D-95C3-CBF9AAFBAA13', NULL, N'{"status": "updated"}', N'224.245.9.247', N'Mozilla/5.0 (Windows NT 10.0; Win64; x64) AppleWebKit/537.36', N'2025-05-11 16:04:27'),
(N'3E9A6E20-6CD5-4C58-A981-C8BDD3319A2E', N'6D8BB00D-C895-4F95-879E-4ABE36E7C4A2', N'SELECT', N'print_job', N'B9E97C6F-5361-46C4-8FAD-FA3CD61E384F', NULL, NULL, N'225.178.145.168', N'Mozilla/5.0 (Macintosh; Intel Mac OS X 10_15_7) AppleWebKit/537.36', N'2025-03-04 16:04:27'),
(N'4A4D86BC-6177-4989-B33D-ABF7B1D43397', N'F59E973A-F086-49D1-A11E-139D9A617C64', N'DELETE', N'system_configuration', N'88755B1B-8C07-44C1-A8FC-207E964360A3', NULL, NULL, N'224.255.154.41', N'Mozilla/5.0 (Windows NT 10.0; Win64; x64) AppleWebKit/537.36', N'2025-07-03 16:04:27'),
(N'03D0E5CA-C852-4526-9A01-3D1A950F80BF', N'12732482-1A4C-4E9F-A0C6-09B65B7268E8', N'UPDATE', N'user', N'18D9B6C3-7F3B-4D9B-A296-3642C145B53D', NULL, N'{"status": "updated"}', N'252.168.9.16', N'Mozilla/5.0 (Macintosh; Intel Mac OS X 10_15_7) AppleWebKit/537.36', N'2025-06-28 16:04:27'),
(N'F76D5F76-5BA3-477E-8DBF-3A38DF061901', N'5471A457-799E-45F5-A584-0A9AB14A4B9A', N'UPDATE', N'print_job', N'B0906596-AB68-4DEC-B9C6-869E9A8D2259', NULL, N'{"status": "updated"}', N'193.199.30.111', N'Mozilla/5.0 (X11; Linux x86_64) AppleWebKit/537.36', N'2025-05-27 16:04:27'),
(N'5F91F2FA-8978-4731-A375-7F7E886DBB39', N'530193B5-4708-4993-A914-F453A01A3D39', N'UPDATE', N'user', N'19220FEC-398B-4235-BC42-60CF46889E50', NULL, N'{"status": "updated"}', N'210.252.255.46', N'Mozilla/5.0 (Macintosh; Intel Mac OS X 10_15_7) AppleWebKit/537.36', N'2025-12-02 16:04:27'),
(N'646CEF66-F990-4CC9-9ACC-57AA72B5E559', N'BC3BF08F-547C-4367-84F0-A14347C4102C', N'DELETE', N'student', N'3B9D4FB3-195F-49B2-BB22-F2E5676F0ABD', NULL, NULL, N'202.182.232.109', N'Mozilla/5.0 (Windows NT 10.0; Win64; x64) AppleWebKit/537.36', N'2025-04-26 16:04:27'),
(N'4E21412D-D297-4406-BDC4-7AA108DA1ACA', N'9A048112-0810-4FCB-83A2-D099D7818BF2', N'INSERT', N'staff', N'E6B44EA4-A60E-4212-8947-CC43BC918CA9', NULL, NULL, N'205.181.230.173', N'Mozilla/5.0 (X11; Linux x86_64) AppleWebKit/537.36', N'2025-08-16 16:04:27'),
(N'203D21F0-BAD6-4CCC-BA70-957542BD8309', N'694027FC-8213-4365-BE48-E6BEF174483D', N'SELECT', N'student', N'FB716666-FF47-4E63-BDBA-634AD3C9127E', NULL, NULL, N'221.223.57.136', N'Mozilla/5.0 (Macintosh; Intel Mac OS X 10_15_7) AppleWebKit/537.36', N'2024-12-31 16:04:27'),
(N'5D375C42-61A9-4C81-87D8-9130547CD500', N'253AC6A0-038C-4FE5-B9CF-441A0BA152E2', N'DELETE', N'staff', N'8B0BCBCC-120B-451E-8EC1-FB86ADCB51B5', NULL, NULL, N'193.232.166.154', N'Mozilla/5.0 (Windows NT 10.0; Win64; x64) AppleWebKit/537.36', N'2025-03-25 16:04:27'),
(N'A4B074BE-DF1D-4AD8-A1A1-0D3D6EC02F88', N'E23BCC4A-466F-4451-80C1-79AB77D1CDD6', N'SELECT', N'system_configuration', N'16F03837-89AF-481B-8D2B-7FFECCCEEF14', NULL, NULL, N'250.180.104.5', N'Mozilla/5.0 (X11; Linux x86_64) AppleWebKit/537.36', N'2025-05-11 16:04:27'),
(N'85840A4E-921E-476D-BA65-D1A41F1A22AB', N'0C18EE20-B812-4001-B47D-D5AAEA636743', N'UPDATE', N'user', N'8CA0EED9-08BC-4E3B-8C57-CE966DFE6606', NULL, N'{"status": "updated"}', N'213.201.53.249', N'Mozilla/5.0 (Windows NT 10.0; Win64; x64) AppleWebKit/537.36', N'2025-04-24 16:04:27'),
(N'5CD0954B-F3E5-4483-B617-1C79F7850D77', N'36BE0EAB-9BD6-473D-8BA0-536A42BC465E', N'INSERT', N'system_configuration', N'3F277318-973B-484D-A5E6-FC8B5F9C42E5', NULL, NULL, N'220.185.194.80', N'Mozilla/5.0 (Windows NT 10.0; Win64; x64) AppleWebKit/537.36', N'2025-03-02 16:04:27'),
(N'94C207D4-3511-43CF-9644-1DFB179BED56', N'0D75B841-E1E0-4529-A6DC-5791B4900BB9', N'DELETE', N'system_configuration', N'87631070-1887-40B5-B3C4-49F710579361', NULL, NULL, N'223.198.109.186', N'Mozilla/5.0 (X11; Linux x86_64) AppleWebKit/537.36', N'2025-11-30 16:04:27'),
(N'90F2FF8A-D4EC-4AD4-B880-D03715EF7644', N'8EACA602-F11F-4F3F-AC0B-7555924DC5C0', N'UPDATE', N'print_job', N'EF32106A-C781-4FDC-A17E-0E4EA0EC7468', NULL, N'{"status": "updated"}', N'215.212.209.155', N'Mozilla/5.0 (Macintosh; Intel Mac OS X 10_15_7) AppleWebKit/537.36', N'2025-02-02 16:04:27'),
(N'5F5AD634-BBE4-4A5D-B23D-77158C582AB2', N'F59E973A-F086-49D1-A11E-139D9A617C64', N'SELECT', N'user', N'95F8AA49-825A-4C31-8FDC-41305AE3EF85', NULL, NULL, N'235.208.210.179', N'Mozilla/5.0 (X11; Linux x86_64) AppleWebKit/537.36', N'2025-10-19 16:04:27'),
(N'7C54149E-6FBE-46CC-B9C3-2634F89E9B45', N'E40DA9EA-5268-4A2C-A1D4-B5BDC37EE86A', N'SELECT', N'system_configuration', N'4906F035-C488-4434-A760-0D673B04C25A', NULL, NULL, N'212.212.198.69', N'Mozilla/5.0 (Macintosh; Intel Mac OS X 10_15_7) AppleWebKit/537.36', N'2025-10-06 16:04:27'),
(N'0320F551-C3FB-490F-BFA6-FDCD842894A5', N'FE9241F9-DB5F-4B7F-B6BA-DE4987C911C6', N'INSERT', N'staff', N'6651DC50-0DF5-4A2E-A7EC-BF74C2EC3F7A', NULL, NULL, N'211.255.205.119', N'Mozilla/5.0 (X11; Linux x86_64) AppleWebKit/537.36', N'2025-02-22 16:04:27'),
(N'7A6494A6-A299-42CB-BE08-2D1CD88BFD5F', N'617BE97D-2A5A-4477-A738-D19F47B6D598', N'DELETE', N'staff', N'0573C64C-5037-47CE-BD61-56D87773DC45', NULL, NULL, N'223.211.14.100', N'Mozilla/5.0 (Windows NT 10.0; Win64; x64) AppleWebKit/537.36', N'2025-02-01 16:04:27'),
(N'B791FE5A-9005-4034-9CC1-E05B38E6A0A1', N'80347045-0410-4857-8AB3-3688B4AC7863', N'INSERT', N'user', N'0EE1F8AA-27AF-4265-B2E3-A2F0213925E8', NULL, NULL, N'243.175.214.25', N'Mozilla/5.0 (Macintosh; Intel Mac OS X 10_15_7) AppleWebKit/537.36', N'2025-09-24 16:04:27'),
(N'F0F91F00-5983-40C9-A5AB-57FA4C4FB0F4', N'AF8A77B4-8B80-4CE4-8EB6-E22EA5AF073E', N'SELECT', N'print_job', N'0FD52E19-1568-4639-8F0A-6D109DA7EFA4', NULL, NULL, N'218.201.222.24', N'Mozilla/5.0 (Macintosh; Intel Mac OS X 10_15_7) AppleWebKit/537.36', N'2025-07-12 16:04:27'),
(N'BA548F31-E917-4108-9665-32135F0ADFE3', N'022C2233-8975-4DAE-9C01-15D06D2D4473', N'DELETE', N'system_configuration', N'3019FB55-8E04-4E13-8CD9-B815456948B6', NULL, NULL, N'239.179.10.29', N'Mozilla/5.0 (Macintosh; Intel Mac OS X 10_15_7) AppleWebKit/537.36', N'2025-06-02 16:04:27'),
(N'79F6EAE8-18C1-421E-8F64-19E1CEA82C6C', N'B0689F50-4E63-4559-BD50-CFC7B567A022', N'UPDATE', N'student', N'D9AC97A0-DFC5-4D0A-B91C-E11BDE958045', NULL, N'{"status": "updated"}', N'255.210.198.116', N'Mozilla/5.0 (Macintosh; Intel Mac OS X 10_15_7) AppleWebKit/537.36', N'2025-11-05 16:04:27'),
(N'3330E260-3DD5-4D20-B185-DE2F71CE57CE', N'E2A979AB-773C-4DBD-BAD5-65943EDC5F50', N'INSERT', N'system_configuration', N'C4EE30A8-EA40-4B2E-88BE-DD3923326B56', NULL, NULL, N'213.198.251.143', N'Mozilla/5.0 (Windows NT 10.0; Win64; x64) AppleWebKit/537.36', N'2025-05-07 16:04:27'),
(N'78A6514E-9389-41B5-A4A6-FDED91773AC8', N'18C717AB-83F3-4D15-AA08-6E19B2552B24', N'UPDATE', N'print_job', N'05324949-5ED3-4478-9C8C-8F08C92A6E70', NULL, N'{"status": "updated"}', N'202.210.23.14', N'Mozilla/5.0 (Windows NT 10.0; Win64; x64) AppleWebKit/537.36', N'2025-06-20 16:04:27'),
(N'221A51EE-AE75-4184-8FA8-D9FEF18903E2', N'0A0377EC-F5AC-4DC1-B9B9-94DA7F70DDD0', N'DELETE', N'system_configuration', N'3A811B27-4040-4194-92AD-37CCE2F69246', NULL, NULL, N'213.235.180.89', N'Mozilla/5.0 (Windows NT 10.0; Win64; x64) AppleWebKit/537.36', N'2025-11-30 16:04:27'),
(N'683B57E7-D2A3-43DD-8EA1-D7BF24DCA9A1', N'80347045-0410-4857-8AB3-3688B4AC7863', N'DELETE', N'user', N'9938D46E-556C-470E-9978-2E54499EE6D9', NULL, NULL, N'240.232.52.41', N'Mozilla/5.0 (Macintosh; Intel Mac OS X 10_15_7) AppleWebKit/537.36', N'2025-08-31 16:04:27'),
(N'E5C16552-79E8-4E9A-B663-979335EBC493', N'74BD4758-4944-44DB-993D-BDBA558A0EEF', N'INSERT', N'system_configuration', N'AE2B1083-4623-43EF-8866-9D1087AF3687', NULL, NULL, N'199.191.86.84', N'Mozilla/5.0 (Windows NT 10.0; Win64; x64) AppleWebKit/537.36', N'2025-09-29 16:04:27'),
(N'BBCC6DD6-3BBC-44C5-B00D-AAD07A03985E', N'18C717AB-83F3-4D15-AA08-6E19B2552B24', N'UPDATE', N'student', N'3845D350-E89D-4672-B26D-C8902A716207', NULL, N'{"status": "updated"}', N'208.182.136.21', N'Mozilla/5.0 (Windows NT 10.0; Win64; x64) AppleWebKit/537.36', N'2025-07-18 16:04:27'),
(N'6665757F-B573-404E-8D24-D8820A3D48BF', N'BDDFAEA1-E79B-401B-AE0C-34F60939BDEF', N'SELECT', N'print_job', N'E6EC5E79-88CB-46EB-8190-1D46A5EB69F1', NULL, NULL, N'231.248.153.164', N'Mozilla/5.0 (Macintosh; Intel Mac OS X 10_15_7) AppleWebKit/537.36', N'2025-09-27 16:04:27'),
(N'F828D775-896A-4B09-BD4D-A107273F522F', N'6D8BB00D-C895-4F95-879E-4ABE36E7C4A2', N'SELECT', N'user', N'E284B523-97E3-4322-B6D0-F8C9BD15FB7A', NULL, NULL, N'252.250.250.218', N'Mozilla/5.0 (Macintosh; Intel Mac OS X 10_15_7) AppleWebKit/537.36', N'2025-10-13 16:04:27'),
(N'BB29098B-8384-4224-91C1-C58E3CE6F333', N'FE009364-19E0-4F5B-A5FE-B5C3458EDAB8', N'INSERT', N'student', N'1B4178BD-5B60-412E-A19D-F387DE70B6B6', NULL, NULL, N'233.242.104.132', N'Mozilla/5.0 (Windows NT 10.0; Win64; x64) AppleWebKit/537.36', N'2025-02-03 16:04:27'),
(N'408A6866-7ACF-45B8-81A1-58C93AF5C373', N'C1707BAF-F87F-4CEB-B656-EEE0D63FB524', N'INSERT', N'staff', N'A9A4A71B-B7E3-48DE-8C2B-7CE13FDD062A', NULL, NULL, N'245.222.58.213', N'Mozilla/5.0 (X11; Linux x86_64) AppleWebKit/537.36', N'2025-09-17 16:04:27'),
(N'8D9BD1C5-5D07-463C-8A44-32C3D60D5E84', N'A341A0D8-57FE-4CF1-A57C-62CD2094DC26', N'SELECT', N'student', N'C275E112-4ED6-40EA-8807-DD2E17E768B1', NULL, NULL, N'201.242.82.113', N'Mozilla/5.0 (X11; Linux x86_64) AppleWebKit/537.36', N'2025-05-16 16:04:27'),
(N'A16DF931-E98A-45EA-B35B-05B9BFC48903', N'94E8878D-BC0C-4BF3-B16A-CC93CC888B2F', N'INSERT', N'user', N'644EA8A5-6DDC-4EF3-BAAA-7C89D48369DC', NULL, NULL, N'244.245.12.164', N'Mozilla/5.0 (X11; Linux x86_64) AppleWebKit/537.36', N'2025-07-03 16:04:27'),
(N'7753ACDE-BFA1-476D-B297-E18368B06554', N'5B28E772-EF28-4A6D-B5E7-9950F81E33C7', N'DELETE', N'print_job', N'E3361077-10F0-436A-81F3-A2A20D29B523', NULL, NULL, N'214.180.209.255', N'Mozilla/5.0 (Macintosh; Intel Mac OS X 10_15_7) AppleWebKit/537.36', N'2025-05-31 16:04:27'),
(N'21C4FB88-76A1-4C1C-AA0B-C71AB434E6C9', N'A3CA59C1-180A-428A-9CB4-18B4298AF71A', N'UPDATE', N'student', N'78BF4EF5-EDD6-42FC-8FBE-64A317145CCC', NULL, N'{"status": "updated"}', N'248.208.154.126', N'Mozilla/5.0 (Macintosh; Intel Mac OS X 10_15_7) AppleWebKit/537.36', N'2025-01-13 16:04:27'),
(N'D0D0E060-077C-43BB-95A0-8CDDBB80EBD6', N'AF8A77B4-8B80-4CE4-8EB6-E22EA5AF073E', N'INSERT', N'student', N'1B5CA8A3-F5DD-49F0-B2FB-A43DA2150012', NULL, NULL, N'217.187.61.204', N'Mozilla/5.0 (Macintosh; Intel Mac OS X 10_15_7) AppleWebKit/537.36', N'2025-06-13 16:04:27'),
(N'9639D369-5AFB-41CB-9789-2788201B38AD', N'5451F6A1-2B46-4359-9DBA-62C17704B917', N'UPDATE', N'print_job', N'DB7DAB9B-524D-4C8C-9214-9A37BE1E7663', NULL, N'{"status": "updated"}', N'219.172.146.106', N'Mozilla/5.0 (Macintosh; Intel Mac OS X 10_15_7) AppleWebKit/537.36', N'2025-03-15 16:04:27'),
(N'6B1B9A72-E8E3-4245-BE70-60444F1FD994', N'36BE0EAB-9BD6-473D-8BA0-536A42BC465E', N'UPDATE', N'user', N'9F2E5CC7-9E79-4ECC-A6C2-6A56836D9CD9', NULL, N'{"status": "updated"}', N'205.229.52.196', N'Mozilla/5.0 (Macintosh; Intel Mac OS X 10_15_7) AppleWebKit/537.36', N'2025-06-12 16:04:27'),
(N'8D4AF3F2-38F2-4515-8C79-96D29AB9E833', N'F46F2EA2-CB0C-43BB-A0E6-64AE74DF6F34', N'UPDATE', N'print_job', N'EE6FFFEC-7C50-4B1A-BBFC-7898583EF21F', NULL, N'{"status": "updated"}', N'205.168.44.135', N'Mozilla/5.0 (X11; Linux x86_64) AppleWebKit/537.36', N'2025-05-30 16:04:27'),
(N'84AFBB29-F4A7-437F-8DAA-B02AF30AF2DA', N'B0689F50-4E63-4559-BD50-CFC7B567A022', N'SELECT', N'system_configuration', N'200E4357-726D-41C2-BF1C-3060B75913A8', NULL, NULL, N'199.186.232.231', N'Mozilla/5.0 (X11; Linux x86_64) AppleWebKit/537.36', N'2025-08-01 16:04:27'),
(N'E0491692-0999-4D41-AA91-AB2657C8AB97', N'E15E457D-7E6B-4678-8F33-7143E0048299', N'SELECT', N'print_job', N'39E723B6-0119-4DEB-9A1D-EB23972E76EF', NULL, NULL, N'214.172.70.204', N'Mozilla/5.0 (Macintosh; Intel Mac OS X 10_15_7) AppleWebKit/537.36', N'2025-04-26 16:04:27'),
(N'B29B64E5-77E7-4D9E-96E3-4DEE7CA307D5', N'7F9A1D1F-7619-4155-8049-ECE8770E04B1', N'UPDATE', N'staff', N'ADC7A07A-79B8-4182-8B73-7606481518B6', NULL, N'{"status": "updated"}', N'220.246.51.82', N'Mozilla/5.0 (Windows NT 10.0; Win64; x64) AppleWebKit/537.36', N'2025-09-25 16:04:27'),
(N'BC4C3529-B47C-4735-A6BE-5129DCF2C6D8', N'11E45469-7927-455F-B9CE-569E20738D1C', N'DELETE', N'user', N'18836E4E-E41A-42BD-840C-3385615E5BD4', NULL, NULL, N'223.196.203.34', N'Mozilla/5.0 (Windows NT 10.0; Win64; x64) AppleWebKit/537.36', N'2025-07-02 16:04:27'),
(N'276F126B-2A28-4453-9676-5CDD2A4B747F', N'29CF77E6-258C-4A86-B78D-2A94DE508564', N'UPDATE', N'system_configuration', N'03654088-D9E7-4676-91D1-AF01913DBE08', NULL, N'{"status": "updated"}', N'232.212.163.240', N'Mozilla/5.0 (Macintosh; Intel Mac OS X 10_15_7) AppleWebKit/537.36', N'2025-07-22 16:04:27'),
(N'32541DD1-EE68-4260-978E-6D6FAA7AE035', N'EC6F16C8-E5AB-4498-9439-5DE9D9D5CCB0', N'INSERT', N'system_configuration', N'CDD41971-8070-454A-8E8A-C1938514DF7E', NULL, NULL, N'236.199.68.67', N'Mozilla/5.0 (X11; Linux x86_64) AppleWebKit/537.36', N'2025-09-18 16:04:27'),
(N'BDFF2367-4096-4A3D-9B61-4D69989622D3', N'7E8DC29D-EBE9-435B-A8BD-30328B21CD66', N'DELETE', N'student', N'584A2BFA-5F31-46FF-87DE-49AC2907A885', NULL, NULL, N'206.196.249.163', N'Mozilla/5.0 (X11; Linux x86_64) AppleWebKit/537.36', N'2025-01-28 16:04:27'),
(N'9C142741-1612-4F9C-AB4C-ED37FDCF42E8', N'D95BE64B-13B1-4FA8-93B4-9E590A7C33DE', N'DELETE', N'staff', N'878EDD0C-9CFF-4197-895F-0F074EA62324', NULL, NULL, N'252.193.233.19', N'Mozilla/5.0 (Windows NT 10.0; Win64; x64) AppleWebKit/537.36', N'2025-10-13 16:04:27'),
(N'CCCE6CF6-AF3A-40C3-A1B8-68A79A141773', N'31D2D649-4E09-43FD-9466-889A68D8A711', N'UPDATE', N'staff', N'73529E40-60E3-44AF-879C-5CA34C2B6F93', NULL, N'{"status": "updated"}', N'243.240.193.165', N'Mozilla/5.0 (Macintosh; Intel Mac OS X 10_15_7) AppleWebKit/537.36', N'2025-03-09 16:04:27'),
(N'1022D301-A7D3-4DC8-86FA-532AA52803F5', N'A341A0D8-57FE-4CF1-A57C-62CD2094DC26', N'INSERT', N'print_job', N'DBD165E6-B4DD-41DA-AE44-A0C0A4D31964', NULL, NULL, N'248.232.164.118', N'Mozilla/5.0 (Windows NT 10.0; Win64; x64) AppleWebKit/537.36', N'2025-07-11 16:04:27'),
(N'CECC9138-2F9B-4BA8-AFB9-E5BBD97EE88B', N'FE009364-19E0-4F5B-A5FE-B5C3458EDAB8', N'SELECT', N'system_configuration', N'DB5D70C6-3414-44FB-A83A-D1E99E2C344C', NULL, NULL, N'210.243.134.134', N'Mozilla/5.0 (Windows NT 10.0; Win64; x64) AppleWebKit/537.36', N'2025-02-14 16:04:27'),
(N'776EB677-3D45-41E6-8980-7FFBA055DE26', N'A4A2DDD4-2722-4DA3-B861-81FF3ECE59F5', N'SELECT', N'student', N'4791D4FE-5EF4-4B4A-B868-487DF32FE898', NULL, NULL, N'239.244.86.34', N'Mozilla/5.0 (X11; Linux x86_64) AppleWebKit/537.36', N'2025-05-24 16:04:27'),
(N'13B7BE98-EB3B-4BC9-855A-F920425F1F86', N'E01F9537-78ED-4286-902C-FC570E17621F', N'INSERT', N'user', N'6E4AD9D0-B98A-4F9C-A77A-3ADC150BF681', NULL, NULL, N'252.202.62.208', N'Mozilla/5.0 (Macintosh; Intel Mac OS X 10_15_7) AppleWebKit/537.36', N'2025-10-15 16:04:27'),
(N'BB0F5139-1D78-4AC7-A214-DAB27E18E501', N'745E6461-C292-46A6-80D3-1D8526022FB6', N'SELECT', N'system_configuration', N'8F1CD451-3AF2-4DD0-9834-BEB6162C3F47', NULL, NULL, N'246.253.111.110', N'Mozilla/5.0 (Windows NT 10.0; Win64; x64) AppleWebKit/537.36', N'2025-05-24 16:04:27'),
(N'C9E6678A-35F8-4944-82B6-0026E6890134', N'18C717AB-83F3-4D15-AA08-6E19B2552B24', N'SELECT', N'system_configuration', N'620DC27E-2876-40D6-AD0A-80796E0D9584', NULL, NULL, N'219.183.123.65', N'Mozilla/5.0 (X11; Linux x86_64) AppleWebKit/537.36', N'2025-09-16 16:04:27'),
(N'933D5CAC-14EC-4F83-81FC-757A865A55E9', N'5451F6A1-2B46-4359-9DBA-62C17704B917', N'INSERT', N'staff', N'3C07374F-4E95-4D7F-9EB4-0FA993E948CE', NULL, NULL, N'218.244.198.172', N'Mozilla/5.0 (X11; Linux x86_64) AppleWebKit/537.36', N'2025-11-29 16:04:27'),
(N'58DC593D-B215-4577-A021-FD876572E877', N'12732482-1A4C-4E9F-A0C6-09B65B7268E8', N'DELETE', N'student', N'B873DE45-BB84-4D69-AD46-6C1361D6F36D', NULL, NULL, N'198.197.204.1', N'Mozilla/5.0 (Windows NT 10.0; Win64; x64) AppleWebKit/537.36', N'2025-02-20 16:04:27'),
(N'C5DA5236-80B6-4D18-82A1-D09EFAE4D5B9', N'427B2D1B-631A-4771-B311-125B46D0F39F', N'DELETE', N'system_configuration', N'5D08173A-030B-4621-AD96-7F4DF101481D', NULL, NULL, N'207.250.155.60', N'Mozilla/5.0 (Windows NT 10.0; Win64; x64) AppleWebKit/537.36', N'2025-09-25 16:04:27'),
(N'C2CF20BF-17B6-4FFC-8541-439E177F997F', N'5471A457-799E-45F5-A584-0A9AB14A4B9A', N'DELETE', N'staff', N'664DD1AD-5824-4B37-BD14-81BD03C9AEC2', NULL, NULL, N'202.236.70.253', N'Mozilla/5.0 (Windows NT 10.0; Win64; x64) AppleWebKit/537.36', N'2025-07-22 16:04:27'),
(N'D8661074-2945-4BE5-BD14-4689884A18C5', N'DA4259F4-4CCC-450C-B6BE-8B983033EDD9', N'UPDATE', N'system_configuration', N'80873B3D-DDE8-4A79-9472-064D90829742', NULL, N'{"status": "updated"}', N'218.204.28.99', N'Mozilla/5.0 (X11; Linux x86_64) AppleWebKit/537.36', N'2025-06-21 16:04:27'),
(N'4EF8CFB9-C8DC-4666-966D-5CCBC2D603F7', N'694027FC-8213-4365-BE48-E6BEF174483D', N'DELETE', N'system_configuration', N'9BFECB25-4096-4990-BFB7-E6880BB7D5B1', NULL, NULL, N'206.228.236.121', N'Mozilla/5.0 (X11; Linux x86_64) AppleWebKit/537.36', N'2025-11-27 16:04:27'),
(N'17AA9F4B-BA37-4732-BF95-DFE787F6CBF4', N'D95BE64B-13B1-4FA8-93B4-9E590A7C33DE', N'UPDATE', N'system_configuration', N'659F7FAE-D9B5-4CF1-9809-C125510BE7E7', NULL, N'{"status": "updated"}', N'211.191.93.214', N'Mozilla/5.0 (Windows NT 10.0; Win64; x64) AppleWebKit/537.36', N'2025-04-24 16:04:27'),
(N'81B4CA11-F775-44AE-A3C2-310A32A77289', N'82BA62AB-5DFE-4DF7-ADDF-586A173444E0', N'SELECT', N'system_configuration', N'A1E736BE-FEBB-4D93-AC5B-C0FD2B222752', NULL, NULL, N'242.235.190.221', N'Mozilla/5.0 (Windows NT 10.0; Win64; x64) AppleWebKit/537.36', N'2025-08-14 16:04:27'),
(N'4FC3E3C2-7C0C-4637-B175-FE95EF3C516B', N'80D39BEC-34F8-4D3F-9190-DC06506B1A6E', N'DELETE', N'staff', N'4C830A18-8567-4012-AB8A-622C71C28CD4', NULL, NULL, N'224.199.143.251', N'Mozilla/5.0 (X11; Linux x86_64) AppleWebKit/537.36', N'2025-02-19 16:04:27'),
(N'9FF2588C-C1B9-4416-9EF9-FDB2D6903DAC', N'E7734040-EA11-4499-B971-8D5B916161C8', N'INSERT', N'student', N'610EAEE8-DA2B-41FD-A482-7416DC749B1E', NULL, NULL, N'198.224.205.137', N'Mozilla/5.0 (Macintosh; Intel Mac OS X 10_15_7) AppleWebKit/537.36', N'2025-06-30 16:04:27'),
(N'A6DFBE22-6082-4E5C-8796-74F0545CB941', N'9614180A-0320-4E14-B8B6-E2B5A931782A', N'INSERT', N'print_job', N'2131C185-74B4-4A72-8EB1-5896000D5CD1', NULL, NULL, N'246.239.98.111', N'Mozilla/5.0 (Windows NT 10.0; Win64; x64) AppleWebKit/537.36', N'2025-05-22 16:04:27'),
(N'29E52021-400A-4A1D-A1EF-2192DA88106E', N'10A3C250-3D43-4BF0-B06A-AF8DF7CE2C80', N'SELECT', N'print_job', N'16A2EE56-CD2E-48E2-9991-E3FB36953D0F', NULL, NULL, N'232.222.162.48', N'Mozilla/5.0 (Windows NT 10.0; Win64; x64) AppleWebKit/537.36', N'2025-12-11 16:04:27'),
(N'69C8FF03-3C2B-451C-BBE9-17444E341C41', N'F46F2EA2-CB0C-43BB-A0E6-64AE74DF6F34', N'UPDATE', N'staff', N'6DB361C6-0B6B-41F4-8341-79F23A73073C', NULL, N'{"status": "updated"}', N'198.232.127.234', N'Mozilla/5.0 (Macintosh; Intel Mac OS X 10_15_7) AppleWebKit/537.36', N'2025-07-06 16:04:27'),
(N'A6ADF0AC-0519-42DF-985C-6E28F085C962', N'85C56CA9-3921-4FDF-8E4D-13DC504FB953', N'UPDATE', N'system_configuration', N'8D1E30CC-16CF-444D-915A-CD754E58B710', NULL, N'{"status": "updated"}', N'224.180.147.30', N'Mozilla/5.0 (Macintosh; Intel Mac OS X 10_15_7) AppleWebKit/537.36', N'2025-11-10 16:04:27'),
(N'D0768C27-60E2-4E3C-B627-57B3B9D0E332', N'5B28E772-EF28-4A6D-B5E7-9950F81E33C7', N'DELETE', N'print_job', N'015F7F86-BA73-4396-8C8D-65FA4B51343F', NULL, NULL, N'206.223.95.174', N'Mozilla/5.0 (Macintosh; Intel Mac OS X 10_15_7) AppleWebKit/537.36', N'2025-12-02 16:04:27'),
(N'42582152-1F24-44A1-A635-7478EB3E95F5', N'FE009364-19E0-4F5B-A5FE-B5C3458EDAB8', N'SELECT', N'user', N'D172A3EA-2B70-4EA2-9B69-57ED3721D3B8', NULL, NULL, N'250.218.96.220', N'Mozilla/5.0 (Macintosh; Intel Mac OS X 10_15_7) AppleWebKit/537.36', N'2025-03-06 16:04:27'),
(N'9DF5358A-B221-4E2F-AE95-DCD53C69DB2C', N'10A3C250-3D43-4BF0-B06A-AF8DF7CE2C80', N'UPDATE', N'staff', N'3F8DC4AB-8461-46BC-A367-8A2C831314D7', NULL, N'{"status": "updated"}', N'249.194.150.253', N'Mozilla/5.0 (Windows NT 10.0; Win64; x64) AppleWebKit/537.36', N'2025-04-19 16:04:27'),
(N'6EB204B3-C3B7-4593-BA1D-0F0BB881D2AD', N'36344017-AE75-4938-8C75-169452588424', N'SELECT', N'staff', N'62732DC7-D046-40C1-8730-3F174C2DD5B1', NULL, NULL, N'236.222.230.252', N'Mozilla/5.0 (Macintosh; Intel Mac OS X 10_15_7) AppleWebKit/537.36', N'2025-06-12 16:04:27'),
(N'B8D11F76-3676-4204-B639-C27A3C22FC80', N'B0689F50-4E63-4559-BD50-CFC7B567A022', N'UPDATE', N'system_configuration', N'6A65CADF-E353-4986-AE1E-CA97CC1C9C80', NULL, N'{"status": "updated"}', N'236.207.52.214', N'Mozilla/5.0 (Macintosh; Intel Mac OS X 10_15_7) AppleWebKit/537.36', N'2025-04-09 16:04:27'),
(N'4738B63D-4E27-49A0-8273-D30D95A9E451', N'E40DA9EA-5268-4A2C-A1D4-B5BDC37EE86A', N'SELECT', N'print_job', N'FAAAC5CE-DC25-42F4-A77D-C407834323A7', NULL, NULL, N'200.220.15.226', N'Mozilla/5.0 (Macintosh; Intel Mac OS X 10_15_7) AppleWebKit/537.36', N'2025-01-29 16:04:27'),
(N'9789715C-4F7A-4ECC-8D60-8A83B178CE4C', N'FE009364-19E0-4F5B-A5FE-B5C3458EDAB8', N'INSERT', N'user', N'A1C699D8-8980-4A9F-A105-E078E5B8C6D7', NULL, NULL, N'193.192.150.145', N'Mozilla/5.0 (X11; Linux x86_64) AppleWebKit/537.36', N'2025-11-12 16:04:27'),
(N'A44FF0F1-EC85-4F80-A396-8769B48B9A81', N'CD46E053-C9E8-4E92-B267-09D50A2F233B', N'UPDATE', N'system_configuration', N'E700B1B8-E9C5-4218-994A-7943010A24F6', NULL, N'{"status": "updated"}', N'223.217.244.199', N'Mozilla/5.0 (Windows NT 10.0; Win64; x64) AppleWebKit/537.36', N'2025-03-15 16:04:27'),
(N'11406FEC-0AD9-4510-808A-297A2844A17B', N'840B6566-9FC7-4E30-AD0F-C47A3C877F46', N'INSERT', N'system_configuration', N'286D6ABE-6142-4034-8FFE-3D2D8E450CEB', NULL, NULL, N'211.202.95.249', N'Mozilla/5.0 (Windows NT 10.0; Win64; x64) AppleWebKit/537.36', N'2025-06-27 16:04:27'),
(N'E9758890-5E18-4628-A413-2284787213FF', N'C1707BAF-F87F-4CEB-B656-EEE0D63FB524', N'SELECT', N'staff', N'A17FDAE7-6364-4C6E-BE3B-3CA21144B5B5', NULL, NULL, N'225.205.56.175', N'Mozilla/5.0 (Windows NT 10.0; Win64; x64) AppleWebKit/537.36', N'2025-03-11 16:04:27'),
(N'01D63E55-229E-4A9E-84E4-DE52E0DDF079', N'7F9763C0-89B6-436C-9A7F-7C9F82A74081', N'SELECT', N'system_configuration', N'0ABD2EC7-095A-48FC-A8FB-3C66C0C15B37', NULL, NULL, N'206.234.254.185', N'Mozilla/5.0 (Macintosh; Intel Mac OS X 10_15_7) AppleWebKit/537.36', N'2025-07-22 16:04:27'),
(N'616D6AAA-017A-424B-9C71-BF21128AB0E6', N'2E033DAE-3E8D-48B8-9F38-AD2EED30EC61', N'UPDATE', N'student', N'06AE5B72-8575-4E99-9C6D-D824EF0E3456', NULL, N'{"status": "updated"}', N'240.232.60.194', N'Mozilla/5.0 (X11; Linux x86_64) AppleWebKit/537.36', N'2025-04-28 16:04:27'),
(N'5499C58A-9432-4383-9DE1-494B7B056540', N'D95BE64B-13B1-4FA8-93B4-9E590A7C33DE', N'SELECT', N'student', N'87ED8F4B-95B8-45F0-A7D9-CD435242B7DC', NULL, NULL, N'235.250.221.70', N'Mozilla/5.0 (X11; Linux x86_64) AppleWebKit/537.36', N'2025-11-09 16:04:27'),
(N'D09B0F76-0906-4810-A6C9-7373630FCED7', N'E2A979AB-773C-4DBD-BAD5-65943EDC5F50', N'DELETE', N'user', N'CD7285E5-C5B4-4100-BDF4-9FB9D123B998', NULL, NULL, N'205.185.98.163', N'Mozilla/5.0 (X11; Linux x86_64) AppleWebKit/537.36', N'2025-11-14 16:04:27'),
(N'540340B3-056E-4024-9C90-6D0258D5F885', N'571F7E25-679A-4F7F-847B-65B854899561', N'UPDATE', N'system_configuration', N'7C950F0D-CF7C-4BAB-AC6F-EBE30912A5E1', NULL, N'{"status": "updated"}', N'250.192.127.74', N'Mozilla/5.0 (Windows NT 10.0; Win64; x64) AppleWebKit/537.36', N'2025-06-21 16:04:27'),
(N'6FD8E40B-F245-4707-B516-7C415B23A423', N'BC3BF08F-547C-4367-84F0-A14347C4102C', N'SELECT', N'system_configuration', N'9CD38227-1B3A-4E98-AB30-0D40F7395CDA', NULL, NULL, N'239.180.79.216', N'Mozilla/5.0 (Windows NT 10.0; Win64; x64) AppleWebKit/537.36', N'2025-01-02 16:04:27'),
(N'C1754C75-CBCB-4F78-8EC1-D0499157B043', N'A4A2DDD4-2722-4DA3-B861-81FF3ECE59F5', N'UPDATE', N'student', N'4C5BB79F-D42B-4509-B3DF-66123242CEAC', NULL, N'{"status": "updated"}', N'233.251.123.234', N'Mozilla/5.0 (Macintosh; Intel Mac OS X 10_15_7) AppleWebKit/537.36', N'2025-08-01 16:04:27'),
(N'2B522981-A6F8-4912-84E0-E4628149F782', N'E40DA9EA-5268-4A2C-A1D4-B5BDC37EE86A', N'INSERT', N'staff', N'17ACB160-99E9-41F6-9EFE-3CF60CC23B81', NULL, NULL, N'247.190.187.61', N'Mozilla/5.0 (X11; Linux x86_64) AppleWebKit/537.36', N'2025-09-10 16:04:27'),
(N'7C6719C8-0BC4-40D8-AC77-3C64663F47B3', N'2E033DAE-3E8D-48B8-9F38-AD2EED30EC61', N'INSERT', N'print_job', N'C73E3379-5555-43E1-864B-3494C48E605C', NULL, NULL, N'245.194.220.15', N'Mozilla/5.0 (Macintosh; Intel Mac OS X 10_15_7) AppleWebKit/537.36', N'2025-10-16 16:04:27'),
(N'623E4E34-CFD2-4FD4-9309-3BED1D358DB6', N'0BDD044E-CB54-4A3C-9AF1-A2EFCE569DCC', N'INSERT', N'print_job', N'7490087B-D09B-4411-9C20-8DD8F020FD32', NULL, NULL, N'209.201.135.223', N'Mozilla/5.0 (Windows NT 10.0; Win64; x64) AppleWebKit/537.36', N'2025-09-18 16:04:27'),
(N'B172D910-FB5E-4D9D-B349-8792BFA4CC88', N'7F9A1D1F-7619-4155-8049-ECE8770E04B1', N'INSERT', N'print_job', N'C65DE5F9-DAEF-4C3B-8E64-C69DCDEF00EF', NULL, NULL, N'194.191.189.44', N'Mozilla/5.0 (Macintosh; Intel Mac OS X 10_15_7) AppleWebKit/537.36', N'2025-11-22 16:04:27'),
(N'275A2F75-5BCE-4D92-822A-13223E0488E8', N'E7734040-EA11-4499-B971-8D5B916161C8', N'DELETE', N'staff', N'7B648B2B-A731-4D17-84F3-7CC052506E99', NULL, NULL, N'232.178.63.113', N'Mozilla/5.0 (Macintosh; Intel Mac OS X 10_15_7) AppleWebKit/537.36', N'2025-08-30 16:04:27'),
(N'2E480FD3-A972-40CC-A473-45EB8BC39948', N'641724A7-ADC2-43E1-B951-E3965949520D', N'UPDATE', N'student', N'2B9C78ED-74BA-496F-A357-6004655A5B16', NULL, N'{"status": "updated"}', N'252.216.92.59', N'Mozilla/5.0 (Windows NT 10.0; Win64; x64) AppleWebKit/537.36', N'2025-05-09 16:04:27'),
(N'55CCED4E-AE72-450B-9C0D-929B88C4BC76', N'7C738365-5A0A-486F-AD02-85D22A431855', N'SELECT', N'staff', N'643357D5-F32E-405F-B363-FD9620EEC07B', NULL, NULL, N'232.189.72.198', N'Mozilla/5.0 (Macintosh; Intel Mac OS X 10_15_7) AppleWebKit/537.36', N'2025-07-29 16:04:27'),
(N'99B90982-C154-460F-B966-CB94417DBC5B', N'6D8BB00D-C895-4F95-879E-4ABE36E7C4A2', N'INSERT', N'print_job', N'3E06133B-ED1A-4FBE-B336-4572B3A8772B', NULL, NULL, N'208.176.141.44', N'Mozilla/5.0 (Macintosh; Intel Mac OS X 10_15_7) AppleWebKit/537.36', N'2025-08-27 16:04:27'),
(N'986DC5CD-8179-431C-A691-648CCDBF6D96', N'E40DA9EA-5268-4A2C-A1D4-B5BDC37EE86A', N'DELETE', N'staff', N'B5911305-CE0E-4462-AB91-941C9B79595C', NULL, NULL, N'198.218.166.138', N'Mozilla/5.0 (Macintosh; Intel Mac OS X 10_15_7) AppleWebKit/537.36', N'2025-06-16 16:04:27'),
(N'D2735F6F-9861-4E75-B016-75AC525A0263', N'641724A7-ADC2-43E1-B951-E3965949520D', N'UPDATE', N'system_configuration', N'C665A6BB-C576-48C5-9E53-16DB9E3FCC5B', NULL, N'{"status": "updated"}', N'196.197.32.212', N'Mozilla/5.0 (Macintosh; Intel Mac OS X 10_15_7) AppleWebKit/537.36', N'2025-07-30 16:04:27'),
(N'95ECA602-E726-48BE-9C32-4243A91EAC7D', N'530193B5-4708-4993-A914-F453A01A3D39', N'DELETE', N'student', N'A6A02A2D-22CC-4C65-A054-E7F83ABC03BE', NULL, NULL, N'215.218.207.19', N'Mozilla/5.0 (X11; Linux x86_64) AppleWebKit/537.36', N'2025-08-27 16:04:27'),
(N'2D210F11-CFE8-4156-AD88-093A6CEF3900', N'BBB2CA33-7D39-480D-80D6-4D69BB31A80C', N'INSERT', N'student', N'34811AAA-D18E-4942-A46A-0946877929E3', NULL, NULL, N'237.204.217.241', N'Mozilla/5.0 (Windows NT 10.0; Win64; x64) AppleWebKit/537.36', N'2025-04-03 16:04:27'),
(N'7C1442B4-88B4-467F-9D28-F816F30CE2BF', N'4A0EEA51-4A27-4064-A103-4B89E7FFCE6F', N'INSERT', N'staff', N'98E74D6B-D36D-4C1F-B390-D3560D44B602', NULL, NULL, N'195.235.191.70', N'Mozilla/5.0 (X11; Linux x86_64) AppleWebKit/537.36', N'2025-05-06 16:04:27'),
(N'54F71EDF-2954-460C-92AE-5350A1CA3361', N'8F8CE87D-775A-430E-BFF5-3951D723082C', N'DELETE', N'staff', N'B5362DE5-602D-4B6F-AAEA-4C7F2F42C8E5', NULL, NULL, N'237.187.154.95', N'Mozilla/5.0 (Windows NT 10.0; Win64; x64) AppleWebKit/537.36', N'2025-08-31 16:04:27'),
(N'0A23C694-5172-4905-9E45-6BF48870A2D6', N'B0689F50-4E63-4559-BD50-CFC7B567A022', N'SELECT', N'staff', N'4D0E72D2-94F0-4B9B-A603-83A6390261B6', NULL, NULL, N'209.174.56.198', N'Mozilla/5.0 (Windows NT 10.0; Win64; x64) AppleWebKit/537.36', N'2024-12-27 16:04:27'),
(N'7A9AE37A-6A48-4917-BFF0-9F150D84CD16', N'46B4C675-CA42-4565-93C6-A6E9C27F77DB', N'UPDATE', N'print_job', N'36724358-4036-4009-BEF8-CB658177808A', NULL, N'{"status": "updated"}', N'199.246.167.155', N'Mozilla/5.0 (Macintosh; Intel Mac OS X 10_15_7) AppleWebKit/537.36', N'2025-04-29 16:04:27'),
(N'D2559EC4-275A-42B9-AA58-2BD108881169', N'2FACAAFB-7371-4FAE-9F58-4C0B3B1AD9D0', N'SELECT', N'system_configuration', N'DD910DD9-941A-4602-894F-B5E7F5DA4DF0', NULL, NULL, N'233.194.53.144', N'Mozilla/5.0 (X11; Linux x86_64) AppleWebKit/537.36', N'2025-10-20 16:04:27'),
(N'602CA746-418B-4F6F-AC52-4ADBFC8D8FC2', N'C5BA98C9-DA7B-4BD9-9149-AEEE1CF272F9', N'UPDATE', N'student', N'DE7EB665-6DE1-466D-A7DF-E22B0C3B4C25', NULL, N'{"status": "updated"}', N'233.193.92.7', N'Mozilla/5.0 (X11; Linux x86_64) AppleWebKit/537.36', N'2025-10-27 16:04:27'),
(N'33A9F161-3D00-492B-9ECE-F0943C3EDE2D', N'5B28E772-EF28-4A6D-B5E7-9950F81E33C7', N'SELECT', N'system_configuration', N'ED30EA44-B906-43DB-A8C8-98111D0AA605', NULL, NULL, N'248.213.221.36', N'Mozilla/5.0 (X11; Linux x86_64) AppleWebKit/537.36', N'2025-10-03 16:04:27'),
(N'5FE80D97-CBE2-44B1-8049-000831CFE041', N'2FACAAFB-7371-4FAE-9F58-4C0B3B1AD9D0', N'DELETE', N'student', N'F76A0B5E-2166-46E3-A34E-1BAA0A274DD6', NULL, NULL, N'206.234.186.128', N'Mozilla/5.0 (Windows NT 10.0; Win64; x64) AppleWebKit/537.36', N'2025-05-20 16:04:27'),
(N'8BF5EFF2-8D8C-4DDD-B1EA-7FF0827F860E', N'74BD4758-4944-44DB-993D-BDBA558A0EEF', N'SELECT', N'system_configuration', N'DD5BF581-92CA-4B1D-8E68-62C15292A52B', NULL, NULL, N'195.246.185.32', N'Mozilla/5.0 (X11; Linux x86_64) AppleWebKit/537.36', N'2025-07-16 16:04:27'),
(N'FE1E8534-06C5-44FA-8D00-126E1460FAA6', N'BC3BF08F-547C-4367-84F0-A14347C4102C', N'UPDATE', N'staff', N'E95E49B4-14E7-46B7-8750-FD4F170FE7B5', NULL, N'{"status": "updated"}', N'208.223.249.71', N'Mozilla/5.0 (Windows NT 10.0; Win64; x64) AppleWebKit/537.36', N'2025-01-30 16:04:27'),
(N'47B78B7D-F58A-42C7-B7A5-483C0194B0C2', N'427B2D1B-631A-4771-B311-125B46D0F39F', N'DELETE', N'print_job', N'8BA2A450-3BD7-42B2-8B4E-4C9F9ED908D7', NULL, NULL, N'219.226.4.194', N'Mozilla/5.0 (X11; Linux x86_64) AppleWebKit/537.36', N'2025-03-07 16:04:27'),
(N'E8646E95-3984-4E72-8782-767720E28AA9', N'7E8DC29D-EBE9-435B-A8BD-30328B21CD66', N'SELECT', N'user', N'906DBE26-F00D-4904-8476-941D3DB01A3D', NULL, NULL, N'222.172.168.205', N'Mozilla/5.0 (Macintosh; Intel Mac OS X 10_15_7) AppleWebKit/537.36', N'2025-01-17 16:04:27'),
(N'1EE10B2F-E8FE-4184-9394-5ABE3E729097', N'57A68D83-59F8-43D3-B3B7-F020FB4D74FE', N'INSERT', N'student', N'E8DC43BE-D512-46FF-84C5-62884D5269B3', NULL, NULL, N'236.215.113.130', N'Mozilla/5.0 (Macintosh; Intel Mac OS X 10_15_7) AppleWebKit/537.36', N'2025-01-13 16:04:27'),
(N'3EC92104-9DBE-4373-B14A-C762AE1A26C5', N'B0689F50-4E63-4559-BD50-CFC7B567A022', N'INSERT', N'print_job', N'D4244F0D-F339-4649-8A2D-719188FD4E9D', NULL, NULL, N'234.208.220.244', N'Mozilla/5.0 (Macintosh; Intel Mac OS X 10_15_7) AppleWebKit/537.36', N'2025-08-27 16:04:27'),
(N'3BAB70F7-2D86-4925-8C10-122DA9AC8E6B', N'009704E0-7C9D-48E7-B3CE-82BC680F4260', N'DELETE', N'user', N'E8553EE0-4122-49BD-B012-2AA02B59D66D', NULL, NULL, N'232.179.86.53', N'Mozilla/5.0 (X11; Linux x86_64) AppleWebKit/537.36', N'2025-10-20 16:04:27'),
(N'51485D87-FF3F-4D16-8B5F-D9DC9EA96585', N'745E6461-C292-46A6-80D3-1D8526022FB6', N'SELECT', N'user', N'0AE72AEC-20C0-4FB5-A10D-DAF491460710', NULL, NULL, N'232.253.148.99', N'Mozilla/5.0 (Windows NT 10.0; Win64; x64) AppleWebKit/537.36', N'2024-12-31 16:04:27'),
(N'42D784C8-2327-4C45-BFA4-382B8F5EBDCA', N'7F7B0661-EE04-47EA-99B7-AA7FEC43AD1E', N'DELETE', N'student', N'F1D8E71B-1C7B-4470-905D-29A265B041CF', NULL, NULL, N'252.210.86.133', N'Mozilla/5.0 (Macintosh; Intel Mac OS X 10_15_7) AppleWebKit/537.36', N'2025-03-07 16:04:27'),
(N'64685541-4EAE-4B25-B0A9-111BAF501A14', N'5961D952-48A0-46F5-94C7-40EDC2BD02C2', N'SELECT', N'user', N'9AF37C7C-59C6-4842-BE3B-8D97974B1BD6', NULL, NULL, N'214.170.41.59', N'Mozilla/5.0 (Windows NT 10.0; Win64; x64) AppleWebKit/537.36', N'2025-02-06 16:04:27'),
(N'2B5DD824-F0CA-45AB-B711-4E5223878AB6', N'A87DACDD-DBFE-4CBE-90ED-92BA096A0319', N'INSERT', N'student', N'38AD5092-D28F-4286-89B6-1C5CCDF9A365', NULL, NULL, N'200.179.83.192', N'Mozilla/5.0 (Macintosh; Intel Mac OS X 10_15_7) AppleWebKit/537.36', N'2025-05-14 16:04:27'),
(N'9765B9E2-77FD-4D22-8766-5300A31B3CAE', N'7822534D-94AE-4CBA-AA77-A11465843A35', N'DELETE', N'user', N'D4747DB3-3D72-43E6-B252-DCC3B7CD4669', NULL, NULL, N'231.229.225.148', N'Mozilla/5.0 (Macintosh; Intel Mac OS X 10_15_7) AppleWebKit/537.36', N'2025-05-22 16:04:27'),
(N'9498C748-7E03-4D4A-8A32-14487E2F224B', N'542A50ED-0F9E-47C2-9216-07C0D29FFF50', N'UPDATE', N'user', N'8F86299B-97A1-4DD0-9638-9A738A813165', NULL, N'{"status": "updated"}', N'230.232.242.201', N'Mozilla/5.0 (X11; Linux x86_64) AppleWebKit/537.36', N'2025-08-07 16:04:27'),
(N'AB155678-F8CC-42C2-B3AF-35E3D5F8F5F6', N'7C738365-5A0A-486F-AD02-85D22A431855', N'INSERT', N'system_configuration', N'E7124A7E-DB18-42BF-A110-3101CD851977', NULL, NULL, N'252.191.139.101', N'Mozilla/5.0 (X11; Linux x86_64) AppleWebKit/537.36', N'2025-07-03 16:04:27'),
(N'E08D7AC0-16C6-4DD6-8DAA-77513A0C0BB0', N'82BA62AB-5DFE-4DF7-ADDF-586A173444E0', N'SELECT', N'user', N'E476FF6F-7791-4458-ABEA-61DD709C0703', NULL, NULL, N'222.249.211.108', N'Mozilla/5.0 (Macintosh; Intel Mac OS X 10_15_7) AppleWebKit/537.36', N'2025-08-05 16:04:27'),
(N'B1CB0104-CF0A-40C5-8DDF-3804D2195D5F', N'7E56FC0C-00CB-4985-BBB6-E55774566010', N'INSERT', N'student', N'9000829A-617E-41F7-8691-AD07FFF753A0', NULL, NULL, N'219.233.78.206', N'Mozilla/5.0 (Macintosh; Intel Mac OS X 10_15_7) AppleWebKit/537.36', N'2024-12-31 16:04:27'),
(N'9A2DFBFE-6A24-4706-8A50-7BDA7E1FC9F1', N'0D3E62E8-B8DC-4723-8801-D54BFE39772D', N'INSERT', N'print_job', N'5C43CC8F-C986-4083-AFDF-163D7BD5095C', NULL, NULL, N'249.189.12.34', N'Mozilla/5.0 (Windows NT 10.0; Win64; x64) AppleWebKit/537.36', N'2025-01-17 16:04:27'),
(N'000F5B0A-A2DB-4BA7-B282-FB72657689D5', N'D5A476BC-1880-49F4-A0DE-82E780E3EBC9', N'INSERT', N'staff', N'3C776BDF-0A29-4519-B95A-2C2756EB7126', NULL, NULL, N'247.168.242.45', N'Mozilla/5.0 (X11; Linux x86_64) AppleWebKit/537.36', N'2025-03-19 16:04:27'),
(N'36456402-08C2-4D70-9EBA-37D0C7D0AB7D', N'13A20AB2-05DB-44A8-AE8F-061849A096F1', N'INSERT', N'print_job', N'8E1EA892-8261-4138-A809-AA5E8B76F9A3', NULL, NULL, N'199.225.128.147', N'Mozilla/5.0 (X11; Linux x86_64) AppleWebKit/537.36', N'2025-03-23 16:04:27'),
(N'70E1207C-42CD-4D6C-8216-EA3F238CDC91', N'1882BF3F-F76F-4D48-8319-DF05A22FFE07', N'SELECT', N'system_configuration', N'A30D9BF8-53CF-42C7-82CB-A0D3AAE3A900', NULL, NULL, N'226.246.161.119', N'Mozilla/5.0 (Windows NT 10.0; Win64; x64) AppleWebKit/537.36', N'2025-06-27 16:04:27'),
(N'59BFC714-98DD-42AA-A2CD-22CD14D6D361', N'0BDD044E-CB54-4A3C-9AF1-A2EFCE569DCC', N'UPDATE', N'user', N'C39AF9D7-A342-48F8-81A0-10982C82F71E', NULL, N'{"status": "updated"}', N'219.241.224.145', N'Mozilla/5.0 (X11; Linux x86_64) AppleWebKit/537.36', N'2025-02-24 16:04:27'),
(N'884E1FA6-1F23-49AB-85AE-2B7FAD2C8BAF', N'840B6566-9FC7-4E30-AD0F-C47A3C877F46', N'DELETE', N'staff', N'E73A0464-22D6-48C8-B94B-0355264D1498', NULL, NULL, N'251.178.164.55', N'Mozilla/5.0 (X11; Linux x86_64) AppleWebKit/537.36', N'2025-05-25 16:04:27'),
(N'9654AE79-5596-4DF5-ABD2-C228E72E63EE', N'0D75B841-E1E0-4529-A6DC-5791B4900BB9', N'UPDATE', N'student', N'18095BD1-E988-4E25-92BA-0A32C541417A', NULL, N'{"status": "updated"}', N'240.240.62.3', N'Mozilla/5.0 (Windows NT 10.0; Win64; x64) AppleWebKit/537.36', N'2025-02-08 16:04:27'),
(N'98877672-F512-4A8C-B66F-D145FA6E8403', N'DDDCA755-3EBA-4BA7-81C1-AABFCB58AF70', N'DELETE', N'system_configuration', N'BC2B3DDC-D01A-48A5-96EA-31185A79E087', NULL, NULL, N'213.169.113.244', N'Mozilla/5.0 (X11; Linux x86_64) AppleWebKit/537.36', N'2025-05-20 16:04:27'),
(N'2D027299-BA2E-4E63-866F-E0F81A783C93', N'5471A457-799E-45F5-A584-0A9AB14A4B9A', N'UPDATE', N'print_job', N'FC7A94DB-FB3E-413B-A04D-6BC34AFE5E32', NULL, N'{"status": "updated"}', N'254.218.171.147', N'Mozilla/5.0 (Windows NT 10.0; Win64; x64) AppleWebKit/537.36', N'2025-02-03 16:04:27'),
(N'8EFDD4EA-9994-417F-A402-55B25DF07CD7', N'B6A04916-DE9E-4705-A185-AF90719B6C8B', N'UPDATE', N'student', N'C1EF3E0A-7704-47D5-AC9F-C54A1304881B', NULL, N'{"status": "updated"}', N'229.169.206.88', N'Mozilla/5.0 (Windows NT 10.0; Win64; x64) AppleWebKit/537.36', N'2025-06-10 16:04:27'),
(N'2F26BB80-6B85-4CC0-B5F3-8273E1704617', N'1C1969D1-34D2-41C6-8B5D-46D8553B7130', N'INSERT', N'staff', N'D61F6367-0E1C-4AB2-87E1-D8B89242CE44', NULL, NULL, N'215.247.192.240', N'Mozilla/5.0 (Macintosh; Intel Mac OS X 10_15_7) AppleWebKit/537.36', N'2025-03-03 16:04:27'),
(N'0712EEF1-C7DB-472D-BAE3-221DB5E62F82', N'8E6349C1-5A68-498B-A573-62EA95164278', N'UPDATE', N'student', N'D72F47B7-CA79-42E3-955A-D8BE48430908', NULL, N'{"status": "updated"}', N'224.192.169.10', N'Mozilla/5.0 (Macintosh; Intel Mac OS X 10_15_7) AppleWebKit/537.36', N'2025-04-19 16:04:27'),
(N'D6BFD599-9E78-4883-97F3-91EC826C7E8A', N'0D3E62E8-B8DC-4723-8801-D54BFE39772D', N'UPDATE', N'student', N'98311AA1-FEBB-4F74-BF41-8ADC9D225451', NULL, N'{"status": "updated"}', N'237.196.203.205', N'Mozilla/5.0 (Windows NT 10.0; Win64; x64) AppleWebKit/537.36', N'2025-04-22 16:04:27'),
(N'D447C3D8-F8C9-4973-AA53-FCE19022D7A9', N'4A0EEA51-4A27-4064-A103-4B89E7FFCE6F', N'INSERT', N'student', N'06D768DE-F9DD-4B11-9FD6-2A2F863B69EE', NULL, NULL, N'234.243.6.128', N'Mozilla/5.0 (Macintosh; Intel Mac OS X 10_15_7) AppleWebKit/537.36', N'2025-08-02 16:04:27'),
(N'7C29D2CE-9580-419F-9D49-0B648A877BCA', N'22261F46-CC7E-4CD0-9ECD-1CDE8BAA53A2', N'INSERT', N'system_configuration', N'83220FE0-53A3-4EA6-9B57-C83869885F8F', NULL, NULL, N'208.202.90.43', N'Mozilla/5.0 (Macintosh; Intel Mac OS X 10_15_7) AppleWebKit/537.36', N'2025-10-29 16:04:27'),
(N'E63EE469-D862-4469-B40B-91B24BE48C0D', N'80D39BEC-34F8-4D3F-9190-DC06506B1A6E', N'DELETE', N'staff', N'901D88AE-2EB9-437E-9869-86DF6DCDFEE9', NULL, NULL, N'193.212.116.67', N'Mozilla/5.0 (Macintosh; Intel Mac OS X 10_15_7) AppleWebKit/537.36', N'2025-05-24 16:04:27'),
(N'FFD8B4BB-AC92-4373-B61D-D3437AB6E3E6', N'641724A7-ADC2-43E1-B951-E3965949520D', N'SELECT', N'user', N'2A3E9E42-7A65-4B4B-86D5-139739A3E819', NULL, NULL, N'251.241.55.55', N'Mozilla/5.0 (Macintosh; Intel Mac OS X 10_15_7) AppleWebKit/537.36', N'2025-04-04 16:04:27'),
(N'64E13269-B689-4C5C-999D-2B9FCCF4905C', N'B6A04916-DE9E-4705-A185-AF90719B6C8B', N'UPDATE', N'student', N'0F3EC17B-A521-4E89-9D67-86701C90A25F', NULL, N'{"status": "updated"}', N'251.238.153.142', N'Mozilla/5.0 (Windows NT 10.0; Win64; x64) AppleWebKit/537.36', N'2025-04-30 16:04:27'),
(N'57CEBB66-8325-44FE-957A-F37C7F21FBAE', N'7F7B0661-EE04-47EA-99B7-AA7FEC43AD1E', N'SELECT', N'user', N'90981B9A-D86C-44F1-B8A5-82D42B8FDDD7', NULL, NULL, N'208.255.157.231', N'Mozilla/5.0 (X11; Linux x86_64) AppleWebKit/537.36', N'2025-10-04 16:04:27'),
(N'1F2C6BC2-901B-40C8-B244-C7F0A1B4729B', N'BB9E9339-7C45-48F2-95C2-7E0CB6B7F9FF', N'SELECT', N'print_job', N'F9801315-500F-4A59-8C35-E9310F906D55', NULL, NULL, N'226.218.203.63', N'Mozilla/5.0 (Macintosh; Intel Mac OS X 10_15_7) AppleWebKit/537.36', N'2025-05-13 16:04:27'),
(N'4597CD5F-2306-4A90-ACAE-676720CBCFDF', N'E23BCC4A-466F-4451-80C1-79AB77D1CDD6', N'DELETE', N'user', N'5AD3CCA0-E063-4C2A-9693-80C5D9AE8555', NULL, NULL, N'223.203.76.134', N'Mozilla/5.0 (X11; Linux x86_64) AppleWebKit/537.36', N'2025-03-15 16:04:27'),
(N'1AFD075F-E031-42BA-93AC-3EF01E995785', N'BDDFAEA1-E79B-401B-AE0C-34F60939BDEF', N'INSERT', N'staff', N'73CBA0F4-AC0E-4FB2-8A70-482D7149B2B1', NULL, NULL, N'220.253.105.21', N'Mozilla/5.0 (Windows NT 10.0; Win64; x64) AppleWebKit/537.36', N'2025-02-25 16:04:27'),
(N'0CBEED0C-4893-4C69-9E08-2BAE2E471C36', N'7F9A1D1F-7619-4155-8049-ECE8770E04B1', N'INSERT', N'print_job', N'FDA10AA6-0646-4CEA-BA6F-0D502619A1E5', NULL, NULL, N'255.239.4.50', N'Mozilla/5.0 (Windows NT 10.0; Win64; x64) AppleWebKit/537.36', N'2025-11-19 16:04:27'),
(N'C4252EEA-D1A4-429A-8839-421F4528B935', N'4D04AB34-E2B9-4395-AD58-717E68C49745', N'DELETE', N'system_configuration', N'799D57F9-A3DB-476E-BE4A-EAC134E8A1CF', NULL, NULL, N'194.215.94.238', N'Mozilla/5.0 (X11; Linux x86_64) AppleWebKit/537.36', N'2025-09-11 16:04:27'),
(N'BB9429CE-BA0A-4D9E-BD6F-B141E55010EB', N'6D8BB00D-C895-4F95-879E-4ABE36E7C4A2', N'DELETE', N'student', N'F05518A3-088B-4A63-8C3A-EE231031D5C0', NULL, NULL, N'226.218.187.233', N'Mozilla/5.0 (X11; Linux x86_64) AppleWebKit/537.36', N'2025-09-14 16:04:27'),
(N'39060D90-BE8B-43CD-A401-697F718346A5', N'46B4C675-CA42-4565-93C6-A6E9C27F77DB', N'DELETE', N'system_configuration', N'6C3F00DE-2241-428E-85C9-2BD505815ADE', NULL, NULL, N'214.211.116.169', N'Mozilla/5.0 (Windows NT 10.0; Win64; x64) AppleWebKit/537.36', N'2025-02-14 16:04:27'),
(N'35020B4E-B1E0-4F18-8BC2-319F9832C98B', N'5961D952-48A0-46F5-94C7-40EDC2BD02C2', N'INSERT', N'print_job', N'48B392AF-DD78-4C4B-9A54-3359AC56FC44', NULL, NULL, N'230.177.39.54', N'Mozilla/5.0 (X11; Linux x86_64) AppleWebKit/537.36', N'2025-10-12 16:04:27'),
(N'395B42C2-5FE7-452C-B286-3C98E6A4F0BB', N'E7734040-EA11-4499-B971-8D5B916161C8', N'UPDATE', N'staff', N'D628F454-E2B9-4BF4-9C2A-D6047AB073E7', NULL, N'{"status": "updated"}', N'236.181.20.29', N'Mozilla/5.0 (Macintosh; Intel Mac OS X 10_15_7) AppleWebKit/537.36', N'2025-12-07 16:04:27'),
(N'77994684-17E2-4C0E-B3FC-3DE157782633', N'E01F9537-78ED-4286-902C-FC570E17621F', N'INSERT', N'staff', N'F1CFE800-9C28-4032-80F4-5759F986662D', NULL, NULL, N'248.228.48.247', N'Mozilla/5.0 (Macintosh; Intel Mac OS X 10_15_7) AppleWebKit/537.36', N'2025-07-06 16:04:27'),
(N'726616A0-FCF9-4445-AAF2-B0C736210E7C', N'7F7B0661-EE04-47EA-99B7-AA7FEC43AD1E', N'INSERT', N'system_configuration', N'21555881-13C4-410A-9CF7-260F4DE6671E', NULL, NULL, N'232.201.92.221', N'Mozilla/5.0 (Macintosh; Intel Mac OS X 10_15_7) AppleWebKit/537.36', N'2025-07-17 16:04:27'),
(N'AF4A1916-3AC4-4484-99C0-E56D825FDC0E', N'14DBDF83-2717-4A87-92E9-E34551496916', N'UPDATE', N'user', N'65946568-C1B8-408C-96C9-07BF22895AA3', NULL, N'{"status": "updated"}', N'250.188.191.104', N'Mozilla/5.0 (X11; Linux x86_64) AppleWebKit/537.36', N'2025-06-05 16:04:27'),
(N'B301A820-90B2-419C-A4AA-E2A6E9DFD9BE', N'D5A476BC-1880-49F4-A0DE-82E780E3EBC9', N'SELECT', N'print_job', N'EB3E4F69-FF05-4DA0-8914-095139FBBF16', NULL, NULL, N'240.182.30.107', N'Mozilla/5.0 (X11; Linux x86_64) AppleWebKit/537.36', N'2025-02-09 16:04:27'),
(N'AD7B5BB7-291B-4E63-A9FD-08F5849A795C', N'10A3C250-3D43-4BF0-B06A-AF8DF7CE2C80', N'INSERT', N'student', N'FF1743F7-263D-4C8F-B3A1-57FF60C52474', NULL, NULL, N'226.217.211.237', N'Mozilla/5.0 (Windows NT 10.0; Win64; x64) AppleWebKit/537.36', N'2025-03-27 16:04:27'),
(N'4C0A6982-4298-4BBD-ACF7-514EB73CC4F6', N'DA4259F4-4CCC-450C-B6BE-8B983033EDD9', N'INSERT', N'staff', N'5443744F-2148-4768-94A7-732666699BDA', NULL, NULL, N'208.197.23.141', N'Mozilla/5.0 (Windows NT 10.0; Win64; x64) AppleWebKit/537.36', N'2025-07-14 16:04:27'),
(N'2F575DB5-7BF0-4343-B398-5E214F9FD339', N'D95BE64B-13B1-4FA8-93B4-9E590A7C33DE', N'INSERT', N'staff', N'F28676EF-67F7-4F7A-8C0D-F1F466FC1C61', NULL, NULL, N'213.219.58.31', N'Mozilla/5.0 (Windows NT 10.0; Win64; x64) AppleWebKit/537.36', N'2025-11-23 16:04:27'),
(N'5E1F168F-84B0-43D7-B571-741378C40489', N'BBB2CA33-7D39-480D-80D6-4D69BB31A80C', N'INSERT', N'user', N'79F1F3D3-3FA5-4202-BF7E-974D9B69A878', NULL, NULL, N'225.253.214.146', N'Mozilla/5.0 (X11; Linux x86_64) AppleWebKit/537.36', N'2025-04-19 16:04:27'),
(N'4D6F3F57-AC58-4603-9519-D147E8351975', N'4A0EEA51-4A27-4064-A103-4B89E7FFCE6F', N'DELETE', N'print_job', N'39F62B3C-294B-4F5A-8A74-44E80CBB6F9F', NULL, NULL, N'232.228.181.208', N'Mozilla/5.0 (Windows NT 10.0; Win64; x64) AppleWebKit/537.36', N'2025-11-29 16:04:27'),
(N'6911CF1F-2CCA-4C5F-AC48-D3A336E0C92A', N'12732482-1A4C-4E9F-A0C6-09B65B7268E8', N'SELECT', N'print_job', N'1DD20C94-4421-41CD-8716-9D61E64858F1', NULL, NULL, N'226.240.208.173', N'Mozilla/5.0 (Macintosh; Intel Mac OS X 10_15_7) AppleWebKit/537.36', N'2025-04-26 16:04:27'),
(N'F06F3EA3-1285-4DA1-878F-C4ADFDDBE44D', N'2E033DAE-3E8D-48B8-9F38-AD2EED30EC61', N'UPDATE', N'print_job', N'0EF24615-3FBE-4DF9-9464-8DE0C750490C', NULL, N'{"status": "updated"}', N'206.179.186.206', N'Mozilla/5.0 (Windows NT 10.0; Win64; x64) AppleWebKit/537.36', N'2025-11-18 16:04:27'),
(N'2362365C-303C-4673-A00B-05723BABB143', N'84E55A19-7959-4C81-A5C7-035EDB045AA7', N'INSERT', N'system_configuration', N'6F714537-C675-4AF2-96D4-9CD5C8B92BA2', NULL, NULL, N'219.230.188.71', N'Mozilla/5.0 (X11; Linux x86_64) AppleWebKit/537.36', N'2025-12-14 16:04:27'),
(N'00D11277-F4B3-4608-A5D2-693CE16F39FC', N'C1707BAF-F87F-4CEB-B656-EEE0D63FB524', N'UPDATE', N'student', N'DE7F2033-A02F-470F-8725-9472BD47C25D', NULL, N'{"status": "updated"}', N'228.215.33.166', N'Mozilla/5.0 (Windows NT 10.0; Win64; x64) AppleWebKit/537.36', N'2025-10-11 16:04:27'),
(N'7538DAA4-A0B5-431B-8986-36B5B483C9FA', N'B0689F50-4E63-4559-BD50-CFC7B567A022', N'INSERT', N'student', N'00C441F7-D2A8-4995-AFC1-5953BF20D12E', NULL, NULL, N'208.206.164.65', N'Mozilla/5.0 (Macintosh; Intel Mac OS X 10_15_7) AppleWebKit/537.36', N'2025-05-05 16:04:27'),
(N'C0347741-BC1D-42B1-8EA3-5F008ABF2C5C', N'7F9763C0-89B6-436C-9A7F-7C9F82A74081', N'SELECT', N'print_job', N'892EBA9E-BFCB-4208-83CB-6F9E9F93926A', NULL, NULL, N'234.200.154.225', N'Mozilla/5.0 (X11; Linux x86_64) AppleWebKit/537.36', N'2025-06-29 16:04:27'),
(N'C3761413-E380-477A-8540-B5306E2D1668', N'A87DACDD-DBFE-4CBE-90ED-92BA096A0319', N'INSERT', N'staff', N'87C11F87-B1CF-4641-9C21-C68E65703B92', NULL, NULL, N'199.177.187.244', N'Mozilla/5.0 (Macintosh; Intel Mac OS X 10_15_7) AppleWebKit/537.36', N'2025-05-08 16:04:27'),
(N'3650DE7D-38EE-4CC2-8DD7-1967654CEFC9', N'BDDFAEA1-E79B-401B-AE0C-34F60939BDEF', N'DELETE', N'system_configuration', N'27E4156E-20FD-4FF9-89FE-03CB09E80753', NULL, NULL, N'204.181.219.170', N'Mozilla/5.0 (X11; Linux x86_64) AppleWebKit/537.36', N'2025-11-27 16:04:27'),
(N'97963ABC-EE4E-4DBB-8AEC-00C3ED49FF65', N'5451F6A1-2B46-4359-9DBA-62C17704B917', N'UPDATE', N'student', N'4BB17099-891D-4799-8AB4-9EACC4CAA501', NULL, N'{"status": "updated"}', N'235.173.52.75', N'Mozilla/5.0 (X11; Linux x86_64) AppleWebKit/537.36', N'2025-04-10 16:04:27'),
(N'A524E07E-9D31-4D51-9253-F7516A4EE1FA', N'9A048112-0810-4FCB-83A2-D099D7818BF2', N'UPDATE', N'staff', N'023EC54A-CD45-41FA-B9BE-88BF1045C0AB', NULL, N'{"status": "updated"}', N'203.206.2.75', N'Mozilla/5.0 (X11; Linux x86_64) AppleWebKit/537.36', N'2025-05-06 16:04:27'),
(N'9BBE60DC-40A9-4342-9AFB-85146ABB39D7', N'8A8B82C0-4190-42AD-BDAE-E4BCEF8653E5', N'SELECT', N'student', N'63406BCC-6192-4D02-AA89-6E6415FB940D', NULL, NULL, N'193.230.177.141', N'Mozilla/5.0 (Windows NT 10.0; Win64; x64) AppleWebKit/537.36', N'2025-02-23 16:04:27'),
(N'7D45BD83-55EB-4327-B431-6F20E364FDBC', N'7E8DC29D-EBE9-435B-A8BD-30328B21CD66', N'DELETE', N'system_configuration', N'0009A6B3-37FB-49E7-9976-D57850AF4C03', NULL, NULL, N'230.181.245.181', N'Mozilla/5.0 (X11; Linux x86_64) AppleWebKit/537.36', N'2025-09-19 16:04:27'),
(N'0AD09187-826A-44F2-B726-59986CF60A6F', N'AF8A77B4-8B80-4CE4-8EB6-E22EA5AF073E', N'INSERT', N'student', N'9CBDDE2C-A77C-49F0-9D52-4E5C5826DABD', NULL, NULL, N'228.198.170.127', N'Mozilla/5.0 (X11; Linux x86_64) AppleWebKit/537.36', N'2025-06-17 16:04:27'),
(N'D9000520-6E35-475A-BA05-F560EFB64985', N'0BDD044E-CB54-4A3C-9AF1-A2EFCE569DCC', N'SELECT', N'student', N'83917E5D-174F-47F1-ADD3-F397BB3581A8', NULL, NULL, N'201.238.29.228', N'Mozilla/5.0 (Windows NT 10.0; Win64; x64) AppleWebKit/537.36', N'2025-03-19 16:04:27'),
(N'492CA9A7-7499-4C49-A003-22E3B7490D61', N'7643C449-AB14-4D11-80A4-050680AD76BE', N'INSERT', N'student', N'4326CAD4-44A3-49EF-B03E-3EB8325A4D20', NULL, NULL, N'216.255.175.159', N'Mozilla/5.0 (Macintosh; Intel Mac OS X 10_15_7) AppleWebKit/537.36', N'2025-07-15 16:04:27'),
(N'E2BBCC73-4B27-4865-9DA4-F7BD3416BD3A', N'11E45469-7927-455F-B9CE-569E20738D1C', N'SELECT', N'print_job', N'90106E44-2C32-4A10-B5B6-6EF51DC31ABC', NULL, NULL, N'243.221.131.87', N'Mozilla/5.0 (Windows NT 10.0; Win64; x64) AppleWebKit/537.36', N'2025-09-17 16:04:27'),
(N'6F94EC6A-6709-4728-9FDC-0E5CB9B40C78', N'7E56FC0C-00CB-4985-BBB6-E55774566010', N'INSERT', N'print_job', N'BD9EBA1C-4BAB-47E6-8F6F-1C0F6277654D', NULL, NULL, N'213.217.122.26', N'Mozilla/5.0 (X11; Linux x86_64) AppleWebKit/537.36', N'2025-07-31 16:04:27'),
(N'CEE21B03-DBD6-4C88-9337-A136CB4477FA', N'E2A979AB-773C-4DBD-BAD5-65943EDC5F50', N'SELECT', N'user', N'6455EFEF-F097-48A4-BE11-73FE2F708680', NULL, NULL, N'233.187.17.81', N'Mozilla/5.0 (Windows NT 10.0; Win64; x64) AppleWebKit/537.36', N'2025-07-13 16:04:27'),
(N'17FA0249-DE18-4B50-9E75-F333B01990C3', N'571F7E25-679A-4F7F-847B-65B854899561', N'UPDATE', N'staff', N'14B1E109-B836-4852-85B9-659CF2BC67A1', NULL, N'{"status": "updated"}', N'217.215.174.157', N'Mozilla/5.0 (Windows NT 10.0; Win64; x64) AppleWebKit/537.36', N'2025-03-04 16:04:27'),
(N'CEBCBDD1-7399-4471-AEBE-8A9CEDC19399', N'57A68D83-59F8-43D3-B3B7-F020FB4D74FE', N'DELETE', N'staff', N'42B2B8BC-9DEB-42C4-B7C7-0A83B4BA2A26', NULL, NULL, N'198.175.199.30', N'Mozilla/5.0 (X11; Linux x86_64) AppleWebKit/537.36', N'2025-05-16 16:04:27'),
(N'EF74702C-0C67-499F-B645-A3FF3BF8DD01', N'DA4259F4-4CCC-450C-B6BE-8B983033EDD9', N'INSERT', N'print_job', N'65CBA2EB-7E16-4A7B-BA05-66677EF62D90', NULL, NULL, N'238.227.31.219', N'Mozilla/5.0 (Macintosh; Intel Mac OS X 10_15_7) AppleWebKit/537.36', N'2025-05-03 16:04:27'),
(N'F09435D8-8955-4553-A15F-126B26830FF5', N'F59E973A-F086-49D1-A11E-139D9A617C64', N'INSERT', N'user', N'FA3A9883-307C-4069-8074-0F972359E0D9', NULL, NULL, N'205.255.57.89', N'Mozilla/5.0 (Windows NT 10.0; Win64; x64) AppleWebKit/537.36', N'2025-04-06 16:04:27'),
(N'42B1D09B-ACDB-4F14-80CF-A8D1A24222A8', N'11E45469-7927-455F-B9CE-569E20738D1C', N'DELETE', N'system_configuration', N'07986505-CBD7-4E9F-81DA-1BD14FE9A7B6', NULL, NULL, N'201.241.151.255', N'Mozilla/5.0 (Macintosh; Intel Mac OS X 10_15_7) AppleWebKit/537.36', N'2025-06-29 16:04:27'),
(N'7B7D62C2-F10A-49AB-8549-BCE49F529313', N'7643C449-AB14-4D11-80A4-050680AD76BE', N'SELECT', N'print_job', N'DE68C5D4-A131-4395-839F-B31C52D2A310', NULL, NULL, N'245.221.198.73', N'Mozilla/5.0 (X11; Linux x86_64) AppleWebKit/537.36', N'2025-04-28 16:04:27'),
(N'DB9CB889-B7C6-438C-93C6-1940F528C6E8', N'571F7E25-679A-4F7F-847B-65B854899561', N'DELETE', N'user', N'D509C101-AA43-4D51-AEC6-378D7134D518', NULL, NULL, N'195.199.175.254', N'Mozilla/5.0 (X11; Linux x86_64) AppleWebKit/537.36', N'2025-11-27 16:04:27'),
(N'234E39AF-7061-4C3F-ABBF-853521AA3F5B', N'AF8A77B4-8B80-4CE4-8EB6-E22EA5AF073E', N'SELECT', N'print_job', N'E682F636-BE9C-4D81-BC5B-33F2CF26D862', NULL, NULL, N'243.170.21.94', N'Mozilla/5.0 (X11; Linux x86_64) AppleWebKit/537.36', N'2025-09-19 16:04:27'),
(N'825B065D-15E0-4373-9A2E-512C80FDC78B', N'0D75B841-E1E0-4529-A6DC-5791B4900BB9', N'DELETE', N'staff', N'8E603EFA-541F-4C54-9C3A-8810108C127C', NULL, NULL, N'227.188.109.35', N'Mozilla/5.0 (Windows NT 10.0; Win64; x64) AppleWebKit/537.36', N'2025-02-12 16:04:27'),
(N'ADE6B4BB-A834-4CFB-88D4-CEBE683CDF94', N'A341A0D8-57FE-4CF1-A57C-62CD2094DC26', N'UPDATE', N'print_job', N'2292A0BA-B8A6-445A-B018-9FC7939E569F', NULL, N'{"status": "updated"}', N'235.173.219.161', N'Mozilla/5.0 (X11; Linux x86_64) AppleWebKit/537.36', N'2025-08-23 16:04:27'),
(N'4119EBDB-DB71-4585-A687-9597D6A45D84', N'571F7E25-679A-4F7F-847B-65B854899561', N'DELETE', N'student', N'F3C3F3F0-2B03-4B88-AAD7-69A92482FE97', NULL, NULL, N'195.240.139.34', N'Mozilla/5.0 (Macintosh; Intel Mac OS X 10_15_7) AppleWebKit/537.36', N'2025-04-12 16:04:27'),
(N'B4343DEB-F43B-4B12-9AC4-90D1243E3603', N'8A8B82C0-4190-42AD-BDAE-E4BCEF8653E5', N'INSERT', N'student', N'AF08C87B-5E46-4B63-A4A5-968EE8396C30', NULL, NULL, N'207.207.29.196', N'Mozilla/5.0 (Macintosh; Intel Mac OS X 10_15_7) AppleWebKit/537.36', N'2025-04-23 16:04:27'),
(N'20434A3C-6FFC-4094-881B-53F90FC20986', N'6AF12348-2C4F-446A-96BA-864B9EAC32A2', N'UPDATE', N'user', N'B1C2D9D6-338F-430A-A8FF-2918FFDBC1E8', NULL, N'{"status": "updated"}', N'239.184.93.40', N'Mozilla/5.0 (Macintosh; Intel Mac OS X 10_15_7) AppleWebKit/537.36', N'2025-05-18 16:04:27'),
(N'12897DAA-6833-4136-8A45-595157D62453', N'641724A7-ADC2-43E1-B951-E3965949520D', N'INSERT', N'system_configuration', N'9BAA4B60-171F-475C-8D9A-A341F3B843FE', NULL, NULL, N'232.205.91.184', N'Mozilla/5.0 (Macintosh; Intel Mac OS X 10_15_7) AppleWebKit/537.36', N'2025-07-27 16:04:27'),
(N'96AB7F47-440D-4EDB-9134-7FEE417A3C9C', N'022C2233-8975-4DAE-9C01-15D06D2D4473', N'UPDATE', N'student', N'C10FD717-785F-4EF5-BC9F-A5D34534954B', NULL, N'{"status": "updated"}', N'194.171.40.66', N'Mozilla/5.0 (X11; Linux x86_64) AppleWebKit/537.36', N'2025-03-10 16:04:27'),
(N'E862A27E-7519-4736-BD9B-0CEFBC57CAD0', N'5961D952-48A0-46F5-94C7-40EDC2BD02C2', N'UPDATE', N'staff', N'3438C197-4E2F-4FD0-9386-09B3882623C1', NULL, N'{"status": "updated"}', N'196.218.153.71', N'Mozilla/5.0 (Windows NT 10.0; Win64; x64) AppleWebKit/537.36', N'2025-07-31 16:04:27'),
(N'A5B801DF-DE90-4A69-BAD9-831B67CDB51B', N'7A3CBBA8-05C2-44D9-8E1A-634D9F14E8BF', N'SELECT', N'staff', N'EE3A2BB7-94E5-4415-8CB4-AF348CC4D3B5', NULL, NULL, N'199.235.25.105', N'Mozilla/5.0 (Macintosh; Intel Mac OS X 10_15_7) AppleWebKit/537.36', N'2025-10-10 16:04:27'),
(N'3EEAF341-794D-4677-B8AB-AEEE666D9918', N'7643C449-AB14-4D11-80A4-050680AD76BE', N'INSERT', N'print_job', N'E0FCD9F5-879B-401C-883F-561AFB3F93DE', NULL, NULL, N'234.241.67.134', N'Mozilla/5.0 (X11; Linux x86_64) AppleWebKit/537.36', N'2025-04-09 16:04:27'),
(N'E31B9C52-A8C2-4A17-B1E5-9BFAB6FCA8D5', N'E01F9537-78ED-4286-902C-FC570E17621F', N'SELECT', N'student', N'EC6625CF-19D3-47B6-BC07-DB9968D06BC3', NULL, NULL, N'245.205.174.155', N'Mozilla/5.0 (X11; Linux x86_64) AppleWebKit/537.36', N'2025-04-12 16:04:27'),
(N'AB914348-1FB9-414D-85FE-D69CA6A62148', N'2E033DAE-3E8D-48B8-9F38-AD2EED30EC61', N'UPDATE', N'student', N'78AEF645-2B99-4567-B364-9526AC65BF66', NULL, N'{"status": "updated"}', N'207.179.88.163', N'Mozilla/5.0 (Macintosh; Intel Mac OS X 10_15_7) AppleWebKit/537.36', N'2025-07-07 16:04:27'),
(N'7D3A7F29-DC42-4925-A530-13E9C6C0DB65', N'12732482-1A4C-4E9F-A0C6-09B65B7268E8', N'DELETE', N'student', N'E62BC2D1-DF70-45A5-B1E8-C477CFCEC7D0', NULL, NULL, N'222.177.80.64', N'Mozilla/5.0 (X11; Linux x86_64) AppleWebKit/537.36', N'2025-01-09 16:04:27'),
(N'7D51D872-9E12-4E4E-9999-54CFA40E4186', N'0BDD044E-CB54-4A3C-9AF1-A2EFCE569DCC', N'DELETE', N'student', N'DCCB189A-32E3-404C-A4AC-83D4A2BF00BD', NULL, NULL, N'213.229.82.200', N'Mozilla/5.0 (Macintosh; Intel Mac OS X 10_15_7) AppleWebKit/537.36', N'2025-04-05 16:04:27'),
(N'CE086F78-9D59-4E1A-A0C3-F8CE275CC704', N'84E55A19-7959-4C81-A5C7-035EDB045AA7', N'SELECT', N'staff', N'749EA903-24FA-4124-838A-08EAB299C0E9', NULL, NULL, N'213.168.203.160', N'Mozilla/5.0 (Windows NT 10.0; Win64; x64) AppleWebKit/537.36', N'2025-02-01 16:04:27'),
(N'EEE6780E-6480-40FD-817E-980A9DAFCE83', N'B6A04916-DE9E-4705-A185-AF90719B6C8B', N'SELECT', N'system_configuration', N'7D07C149-29D9-4BB6-9D8C-59E37FB01253', NULL, NULL, N'197.218.195.233', N'Mozilla/5.0 (Windows NT 10.0; Win64; x64) AppleWebKit/537.36', N'2025-09-07 16:04:27'),
(N'1EA283D7-DED5-4E43-8F23-F8E4CC77B36E', N'7643C449-AB14-4D11-80A4-050680AD76BE', N'SELECT', N'user', N'A6A09A8E-D1EF-4DD2-8C1C-BF94D983A1F3', NULL, NULL, N'252.222.59.17', N'Mozilla/5.0 (X11; Linux x86_64) AppleWebKit/537.36', N'2025-09-25 16:04:27'),
(N'D8C62119-125B-4C6A-9774-50B20E9AB072', N'745E6461-C292-46A6-80D3-1D8526022FB6', N'UPDATE', N'user', N'CB4396AA-61DB-436C-9553-9EC4C3824A1F', NULL, N'{"status": "updated"}', N'238.213.248.244', N'Mozilla/5.0 (Windows NT 10.0; Win64; x64) AppleWebKit/537.36', N'2025-04-10 16:04:27'),
(N'53A2639B-4BDE-43BF-8495-E1102F6E27A1', N'A87DACDD-DBFE-4CBE-90ED-92BA096A0319', N'SELECT', N'user', N'6A648BCD-4FD9-4EB5-9E1C-37073AF9219B', NULL, NULL, N'200.231.207.169', N'Mozilla/5.0 (X11; Linux x86_64) AppleWebKit/537.36', N'2025-02-04 16:04:27'),
(N'D1C29985-82CE-435D-B596-CA6A428BD1E5', N'022C2233-8975-4DAE-9C01-15D06D2D4473', N'DELETE', N'print_job', N'CFB05A11-69C4-46DF-89CE-2F4B0B14E977', NULL, NULL, N'235.204.209.141', N'Mozilla/5.0 (X11; Linux x86_64) AppleWebKit/537.36', N'2025-10-18 16:04:27'),
(N'DA8AFE26-ADC4-4AF5-8440-7DEF93017DE3', N'36344017-AE75-4938-8C75-169452588424', N'DELETE', N'student', N'DDBDBA7C-12B2-4D13-8A9A-184A313F6C37', NULL, NULL, N'255.241.99.43', N'Mozilla/5.0 (Macintosh; Intel Mac OS X 10_15_7) AppleWebKit/537.36', N'2025-06-20 16:04:27'),
(N'C5948615-949A-4B73-AA3F-2BC7128FB9E0', N'253AC6A0-038C-4FE5-B9CF-441A0BA152E2', N'SELECT', N'user', N'37335714-804D-49DF-A5E7-AC747779A6CC', NULL, NULL, N'201.242.28.199', N'Mozilla/5.0 (Macintosh; Intel Mac OS X 10_15_7) AppleWebKit/537.36', N'2025-01-06 16:04:27'),
(N'07DDD073-9027-459F-AC72-B0BE66D4ED94', N'617BE97D-2A5A-4477-A738-D19F47B6D598', N'DELETE', N'print_job', N'13BD3CEB-D9FC-4D86-9B0C-1B3AC298B4C2', NULL, NULL, N'199.200.118.164', N'Mozilla/5.0 (X11; Linux x86_64) AppleWebKit/537.36', N'2025-04-30 16:04:27'),
(N'8E764958-ADD3-4C40-A6F5-6CB1FBAB8A3D', N'80D39BEC-34F8-4D3F-9190-DC06506B1A6E', N'UPDATE', N'student', N'CCE974A0-60F1-46EA-B65C-824AD4A99071', NULL, N'{"status": "updated"}', N'233.246.12.37', N'Mozilla/5.0 (Macintosh; Intel Mac OS X 10_15_7) AppleWebKit/537.36', N'2025-03-13 16:04:27'),
(N'98A1F6FB-5D12-40FB-B0F4-F5DA38AD3ECD', N'BDB12CD8-6740-4198-A5F2-389A52B8F6B0', N'DELETE', N'staff', N'0B77CE0E-E2DD-4E01-BB89-FA3D73DD2904', NULL, NULL, N'204.242.105.92', N'Mozilla/5.0 (X11; Linux x86_64) AppleWebKit/537.36', N'2025-03-30 16:04:27'),
(N'481E8520-1205-4155-B009-819CC3A9C7E9', N'7E56FC0C-00CB-4985-BBB6-E55774566010', N'DELETE', N'print_job', N'2844A7C5-3BC1-4604-AB18-E870232C4AC2', NULL, NULL, N'218.223.133.174', N'Mozilla/5.0 (Macintosh; Intel Mac OS X 10_15_7) AppleWebKit/537.36', N'2025-01-06 16:04:27'),
(N'6022972B-A454-445F-B5B5-4DC27C910DCE', N'BBB2CA33-7D39-480D-80D6-4D69BB31A80C', N'SELECT', N'user', N'420FB977-468C-4306-AB2E-E13041C79B03', NULL, NULL, N'194.232.113.108', N'Mozilla/5.0 (Macintosh; Intel Mac OS X 10_15_7) AppleWebKit/537.36', N'2025-03-28 16:04:27'),
(N'4EBB9585-5DEE-4537-A628-37E748F7BCD4', N'427B2D1B-631A-4771-B311-125B46D0F39F', N'SELECT', N'print_job', N'925ED9F9-1A54-4AFE-AD50-2023902272C5', NULL, NULL, N'193.246.114.55', N'Mozilla/5.0 (Macintosh; Intel Mac OS X 10_15_7) AppleWebKit/537.36', N'2024-12-30 16:04:27'),
(N'361ADBD2-CF40-48FB-BC91-B9D9CDC40552', N'9A1B8304-F8BD-46A9-98D6-610532B7D223', N'DELETE', N'user', N'7DC9DC3F-6D2F-49C3-94EF-FBA97B4B7C8D', NULL, NULL, N'255.236.92.30', N'Mozilla/5.0 (X11; Linux x86_64) AppleWebKit/537.36', N'2025-07-23 16:04:27'),
(N'A644BEFA-0C54-423B-8BD7-8D9EAF5CF506', N'CB27947D-FB7C-49BA-AC22-3B1A6646996B', N'SELECT', N'user', N'01B9AF70-8E5E-44D1-B9D8-C32F5F103370', NULL, NULL, N'212.196.120.14', N'Mozilla/5.0 (X11; Linux x86_64) AppleWebKit/537.36', N'2025-08-29 16:04:27'),
(N'B7103A42-37C9-4040-9E13-19DFE4B88A39', N'FE9241F9-DB5F-4B7F-B6BA-DE4987C911C6', N'SELECT', N'system_configuration', N'DDC09770-7844-48CE-B3A3-FD04F006FDAB', NULL, NULL, N'192.212.141.221', N'Mozilla/5.0 (Windows NT 10.0; Win64; x64) AppleWebKit/537.36', N'2025-11-10 16:04:27'),
(N'133EF1C0-60C1-4D55-873D-B006F8749D95', N'7F7B0661-EE04-47EA-99B7-AA7FEC43AD1E', N'DELETE', N'student', N'5387640A-BCC7-4645-8E7F-642B70118AFB', NULL, NULL, N'234.244.150.154', N'Mozilla/5.0 (Windows NT 10.0; Win64; x64) AppleWebKit/537.36', N'2025-08-03 16:04:27'),
(N'E9257893-682F-4033-8E10-152CC5585A63', N'9614180A-0320-4E14-B8B6-E2B5A931782A', N'INSERT', N'user', N'2083F1D6-2478-4A16-B1D1-1D0ED4A84B56', NULL, NULL, N'199.196.5.243', N'Mozilla/5.0 (Windows NT 10.0; Win64; x64) AppleWebKit/537.36', N'2025-10-30 16:04:27'),
(N'3483818D-8249-43FC-915E-BAD4C5759101', N'0BDD044E-CB54-4A3C-9AF1-A2EFCE569DCC', N'UPDATE', N'student', N'21CB7595-9F07-4A96-9461-B6158A664FC0', NULL, N'{"status": "updated"}', N'236.234.76.40', N'Mozilla/5.0 (Macintosh; Intel Mac OS X 10_15_7) AppleWebKit/537.36', N'2025-04-06 16:04:27'),
(N'B937A4CE-8141-488C-BCF8-2F980D7A22E5', N'253AC6A0-038C-4FE5-B9CF-441A0BA152E2', N'INSERT', N'user', N'DCB7ADAC-4C86-4B08-8A28-041621855965', NULL, NULL, N'254.201.88.204', N'Mozilla/5.0 (X11; Linux x86_64) AppleWebKit/537.36', N'2025-08-06 16:04:27'),
(N'58FD4FB6-7D33-4FD2-8242-7986FE89AD5C', N'1D0B1605-8F12-484D-BCDA-1DED73F57EAB', N'UPDATE', N'staff', N'CD8C637E-7C98-4695-BCA4-A27397D5C988', NULL, N'{"status": "updated"}', N'196.177.24.84', N'Mozilla/5.0 (X11; Linux x86_64) AppleWebKit/537.36', N'2025-08-12 16:04:27'),
(N'ED1CA2FD-9AEF-42F0-80AC-0B316E332459', N'29CF77E6-258C-4A86-B78D-2A94DE508564', N'INSERT', N'print_job', N'DF8932B7-E317-4A1E-B51F-80176DC5C8DD', NULL, NULL, N'193.185.143.136', N'Mozilla/5.0 (Macintosh; Intel Mac OS X 10_15_7) AppleWebKit/537.36', N'2025-12-12 16:04:27'),
(N'0B9B27A1-8D68-45EC-92CA-89F92BECAB76', N'694027FC-8213-4365-BE48-E6BEF174483D', N'SELECT', N'staff', N'68F41C98-DD36-437C-B350-F26D059FDAB3', NULL, NULL, N'217.187.202.140', N'Mozilla/5.0 (Macintosh; Intel Mac OS X 10_15_7) AppleWebKit/537.36', N'2025-12-20 16:04:27'),
(N'0BEDB3A8-C12D-40EC-8CCE-6C9095591085', N'7F7B0661-EE04-47EA-99B7-AA7FEC43AD1E', N'DELETE', N'user', N'77DACFC3-F9CE-4B88-BECE-D0B5310CBB8F', NULL, NULL, N'211.195.42.42', N'Mozilla/5.0 (Macintosh; Intel Mac OS X 10_15_7) AppleWebKit/537.36', N'2025-08-13 16:04:27'),
(N'DF91506E-904B-45C0-A42F-D99917FB8738', N'82BA62AB-5DFE-4DF7-ADDF-586A173444E0', N'SELECT', N'staff', N'995911EF-5380-4D6E-A637-3D5FE55D0345', NULL, NULL, N'238.195.212.54', N'Mozilla/5.0 (Macintosh; Intel Mac OS X 10_15_7) AppleWebKit/537.36', N'2025-07-30 16:04:27'),
(N'16AF844B-AEC6-4504-8784-4E8F89C114B8', N'9A1B8304-F8BD-46A9-98D6-610532B7D223', N'UPDATE', N'system_configuration', N'1FDFB7B6-5223-4309-8675-BCC0EE340088', NULL, N'{"status": "updated"}', N'227.202.23.72', N'Mozilla/5.0 (X11; Linux x86_64) AppleWebKit/537.36', N'2025-11-25 16:04:27'),
(N'C275CF7B-3B5A-4E37-A134-DD73E2CF5265', N'6D8BB00D-C895-4F95-879E-4ABE36E7C4A2', N'UPDATE', N'user', N'794DE2BE-82D7-4F7D-855C-9F80DCC1D8A6', NULL, N'{"status": "updated"}', N'223.170.242.230', N'Mozilla/5.0 (X11; Linux x86_64) AppleWebKit/537.36', N'2025-04-27 16:04:27'),
(N'E7D123B9-48B9-4F5F-8024-EC990A957125', N'D95BE64B-13B1-4FA8-93B4-9E590A7C33DE', N'SELECT', N'staff', N'1E5FD113-1D06-40F5-807B-4B0AEDF00068', NULL, NULL, N'193.222.210.192', N'Mozilla/5.0 (Windows NT 10.0; Win64; x64) AppleWebKit/537.36', N'2025-02-27 16:04:27'),
(N'56F19DEB-30D4-45A4-8831-89D92FC861CC', N'CD46E053-C9E8-4E92-B267-09D50A2F233B', N'DELETE', N'staff', N'93F10038-A255-4B38-AA6E-24A9487ED2C1', NULL, NULL, N'234.246.87.196', N'Mozilla/5.0 (X11; Linux x86_64) AppleWebKit/537.36', N'2025-09-02 16:04:27'),
(N'7311E246-ED65-4F60-BB1D-447EF6577601', N'A8394F12-87AD-48E1-985B-121DC04F4EAB', N'UPDATE', N'print_job', N'D19BAE36-6C64-4174-89D6-EE8F07872954', NULL, N'{"status": "updated"}', N'246.175.231.232', N'Mozilla/5.0 (Windows NT 10.0; Win64; x64) AppleWebKit/537.36', N'2025-03-19 16:04:27'),
(N'92EF95B7-6706-46AB-B6A3-59C72E42E438', N'F59E973A-F086-49D1-A11E-139D9A617C64', N'DELETE', N'staff', N'E995EB70-4522-47C5-B419-0788D78EE09A', NULL, NULL, N'206.205.246.88', N'Mozilla/5.0 (X11; Linux x86_64) AppleWebKit/537.36', N'2025-04-22 16:04:27'),
(N'2EA9467A-BC16-4B42-9981-63098FC68A95', N'57A68D83-59F8-43D3-B3B7-F020FB4D74FE', N'DELETE', N'student', N'96584653-50CD-4A61-AB29-031BB8D571D6', NULL, NULL, N'224.218.41.83', N'Mozilla/5.0 (Macintosh; Intel Mac OS X 10_15_7) AppleWebKit/537.36', N'2025-09-22 16:04:27'),
(N'A7DEDF0B-227C-4E64-A9FA-391DEA5AA005', N'B0689F50-4E63-4559-BD50-CFC7B567A022', N'DELETE', N'student', N'538581FF-EE96-41C5-A9C3-E10C513F00D0', NULL, NULL, N'196.174.141.213', N'Mozilla/5.0 (X11; Linux x86_64) AppleWebKit/537.36', N'2025-07-20 16:04:27'),
(N'728EF025-A056-4AB6-9630-BDF2CF5C02A4', N'0C18EE20-B812-4001-B47D-D5AAEA636743', N'INSERT', N'staff', N'FBF9E883-6A66-4205-8EFC-4F110DE400C9', NULL, NULL, N'219.222.185.46', N'Mozilla/5.0 (Macintosh; Intel Mac OS X 10_15_7) AppleWebKit/537.36', N'2025-10-09 16:04:27'),
(N'BE6642BA-F073-4D0F-A6A9-CF5F21C0D029', N'FE009364-19E0-4F5B-A5FE-B5C3458EDAB8', N'SELECT', N'print_job', N'86A8A217-B825-4796-8773-5CCA7F978C43', NULL, NULL, N'198.173.43.151', N'Mozilla/5.0 (X11; Linux x86_64) AppleWebKit/537.36', N'2025-10-16 16:04:27'),
(N'BC6B393F-3937-4A42-8F50-4621A5DBB841', N'ADD17B53-2776-4990-A615-A34533E20701', N'SELECT', N'print_job', N'F9718CF0-4216-4A57-BA91-93A4EBA9533C', NULL, NULL, N'244.230.250.93', N'Mozilla/5.0 (Windows NT 10.0; Win64; x64) AppleWebKit/537.36', N'2025-04-01 16:04:27'),
(N'3D29E1A1-E28E-455D-83D3-5DC049FC1750', N'84E55A19-7959-4C81-A5C7-035EDB045AA7', N'SELECT', N'staff', N'556D1144-0CE7-434E-8B79-6CFD2F49232A', NULL, NULL, N'231.194.91.164', N'Mozilla/5.0 (X11; Linux x86_64) AppleWebKit/537.36', N'2025-04-06 16:04:27'),
(N'7050F7BB-80A2-429A-BD69-F0AF918FD190', N'694027FC-8213-4365-BE48-E6BEF174483D', N'INSERT', N'student', N'588B99D6-529E-49D2-95F4-9699441F4499', NULL, NULL, N'252.228.104.49', N'Mozilla/5.0 (Macintosh; Intel Mac OS X 10_15_7) AppleWebKit/537.36', N'2025-03-30 16:04:27'),
(N'C6DCDBB9-A9CD-4506-9482-AAFF8FE3433B', N'EC6F16C8-E5AB-4498-9439-5DE9D9D5CCB0', N'INSERT', N'student', N'728F0A4F-2FF8-4BC0-8F4D-3F38871A3692', NULL, NULL, N'239.235.100.34', N'Mozilla/5.0 (X11; Linux x86_64) AppleWebKit/537.36', N'2025-10-27 16:04:27'),
(N'F75EF646-AC36-48A0-801F-87DC437221F1', N'7F7B0661-EE04-47EA-99B7-AA7FEC43AD1E', N'UPDATE', N'print_job', N'BC594DE7-D25D-4828-A14B-4E82FE5A1BC1', NULL, N'{"status": "updated"}', N'200.169.254.140', N'Mozilla/5.0 (Macintosh; Intel Mac OS X 10_15_7) AppleWebKit/537.36', N'2025-06-25 16:04:27'),
(N'405964E7-6815-45A0-98B6-2BB89B692A9C', N'0D75B841-E1E0-4529-A6DC-5791B4900BB9', N'INSERT', N'user', N'A555D65E-864E-4CA3-8B2B-7980F7292D81', NULL, NULL, N'194.187.154.231', N'Mozilla/5.0 (X11; Linux x86_64) AppleWebKit/537.36', N'2025-01-21 16:04:27'),
(N'FB824B7E-EADC-4293-8C85-CBCF524705C7', N'CF9D301F-D85C-45A8-AFF5-AA94157E0265', N'DELETE', N'student', N'DAACDBA0-1D44-44EF-8C06-1A3CEB3B778E', NULL, NULL, N'199.201.60.194', N'Mozilla/5.0 (Windows NT 10.0; Win64; x64) AppleWebKit/537.36', N'2025-01-06 16:04:27'),
(N'6EECFE85-566F-475D-8D1E-FD3B3FFB229D', N'5B28E772-EF28-4A6D-B5E7-9950F81E33C7', N'DELETE', N'print_job', N'764EE779-87A4-43F9-B55B-C7390F853961', NULL, NULL, N'210.244.203.114', N'Mozilla/5.0 (Macintosh; Intel Mac OS X 10_15_7) AppleWebKit/537.36', N'2025-08-10 16:04:27'),
(N'AD275AFF-E9FE-4DBC-9263-25C81860210B', N'46CC4A7B-6317-4111-8E4B-34EE404264FD', N'DELETE', N'staff', N'9EAF894B-24E4-48EF-9227-8B519CE1B385', NULL, NULL, N'252.184.231.1', N'Mozilla/5.0 (Macintosh; Intel Mac OS X 10_15_7) AppleWebKit/537.36', N'2025-02-20 16:04:27'),
(N'F174519A-FFE6-407C-9538-68708B3726FC', N'0D3E62E8-B8DC-4723-8801-D54BFE39772D', N'INSERT', N'print_job', N'B87AF896-22A2-453C-9D57-56FD99F8186D', NULL, NULL, N'194.207.246.100', N'Mozilla/5.0 (X11; Linux x86_64) AppleWebKit/537.36', N'2025-12-08 16:04:27'),
(N'D572DF76-C751-4678-A431-5A4ACCA70304', N'F59E973A-F086-49D1-A11E-139D9A617C64', N'UPDATE', N'system_configuration', N'973D2D1A-F7BA-41DA-9D13-211C4200C38E', NULL, N'{"status": "updated"}', N'196.182.82.21', N'Mozilla/5.0 (X11; Linux x86_64) AppleWebKit/537.36', N'2025-10-14 16:04:27'),
(N'FBE0854E-E98A-475D-8D45-5B4FEE5A765B', N'03D849FA-749F-423B-BFA7-CE692C45FFFC', N'SELECT', N'user', N'0EE790F5-0799-4170-906E-CD342DA2E8CD', NULL, NULL, N'195.176.94.150', N'Mozilla/5.0 (Macintosh; Intel Mac OS X 10_15_7) AppleWebKit/537.36', N'2025-04-10 16:04:27'),
(N'E4B65C30-7B4B-4EF3-8733-1FF5D68D0922', N'11E45469-7927-455F-B9CE-569E20738D1C', N'INSERT', N'system_configuration', N'D9C294A9-E846-4946-ADC2-7248AA2473A2', NULL, NULL, N'208.252.73.147', N'Mozilla/5.0 (Windows NT 10.0; Win64; x64) AppleWebKit/537.36', N'2025-01-02 16:04:27'),
(N'AC8C1FD2-854B-4FC1-B8F1-3DE183815D02', N'46B4C675-CA42-4565-93C6-A6E9C27F77DB', N'UPDATE', N'staff', N'82CBCC6A-2E7A-4B3C-9958-61748D22D408', NULL, N'{"status": "updated"}', N'228.190.128.74', N'Mozilla/5.0 (X11; Linux x86_64) AppleWebKit/537.36', N'2025-05-17 16:04:27'),
(N'F3A14E04-D789-491A-960F-BC45F4B9AFCD', N'6D8BB00D-C895-4F95-879E-4ABE36E7C4A2', N'INSERT', N'staff', N'8234FF45-DA95-4358-AB93-479359BA2C4D', NULL, NULL, N'243.251.1.130', N'Mozilla/5.0 (X11; Linux x86_64) AppleWebKit/537.36', N'2025-05-29 16:04:27'),
(N'FFFBB498-BBB2-4F60-A2A2-B8AC64E8737E', N'AF8A77B4-8B80-4CE4-8EB6-E22EA5AF073E', N'UPDATE', N'staff', N'BAC1B039-3807-421B-8B14-0D0F4B2054CC', NULL, N'{"status": "updated"}', N'249.207.133.111', N'Mozilla/5.0 (Windows NT 10.0; Win64; x64) AppleWebKit/537.36', N'2025-04-17 16:04:27'),
(N'AA1E53C0-3620-4D1D-A83F-C62B7CC96E5F', N'D5A476BC-1880-49F4-A0DE-82E780E3EBC9', N'INSERT', N'student', N'725CB37E-21F9-42E2-A506-319531D1F2EC', NULL, NULL, N'241.173.117.95', N'Mozilla/5.0 (Windows NT 10.0; Win64; x64) AppleWebKit/537.36', N'2025-06-16 16:04:27'),
(N'266532C9-7B73-46C3-9C54-502236710E0F', N'0D3E62E8-B8DC-4723-8801-D54BFE39772D', N'UPDATE', N'user', N'4BBBFC60-0A46-49BB-8919-60D29BADA90A', NULL, N'{"status": "updated"}', N'238.218.107.58', N'Mozilla/5.0 (Windows NT 10.0; Win64; x64) AppleWebKit/537.36', N'2025-11-17 16:04:27'),
(N'487D70A4-3C59-4E75-8570-47A33D1A50BF', N'CB27947D-FB7C-49BA-AC22-3B1A6646996B', N'DELETE', N'staff', N'339F86E2-9521-4AF0-8318-AF80DAC7A95E', NULL, NULL, N'195.250.52.198', N'Mozilla/5.0 (Macintosh; Intel Mac OS X 10_15_7) AppleWebKit/537.36', N'2025-11-01 16:04:27'),
(N'EB297E73-B214-4E35-925F-F3D8D87467FB', N'10A3C250-3D43-4BF0-B06A-AF8DF7CE2C80', N'UPDATE', N'user', N'5B64636C-619D-4743-BAFA-90F999968F56', NULL, N'{"status": "updated"}', N'254.249.30.209', N'Mozilla/5.0 (Windows NT 10.0; Win64; x64) AppleWebKit/537.36', N'2025-04-05 16:04:27'),
(N'A79C1E87-969B-4767-97FF-3DBB211C9778', N'A7991284-B499-4F1A-8132-CF07FADDA01E', N'DELETE', N'system_configuration', N'B2C41A7F-2616-47F4-B280-C0A8365FB1D0', NULL, NULL, N'198.253.87.220', N'Mozilla/5.0 (Windows NT 10.0; Win64; x64) AppleWebKit/537.36', N'2025-07-25 16:04:27'),
(N'5730F0C4-9839-4ED8-92FF-C9EEBE144324', N'ADD17B53-2776-4990-A615-A34533E20701', N'DELETE', N'staff', N'BD77F9D0-4102-453F-86B2-D4E7B3B7A645', NULL, NULL, N'225.196.230.121', N'Mozilla/5.0 (Windows NT 10.0; Win64; x64) AppleWebKit/537.36', N'2025-01-13 16:04:27'),
(N'85040EC0-73F7-4594-9AAE-43FD9FEE3B34', N'BC3BF08F-547C-4367-84F0-A14347C4102C', N'SELECT', N'user', N'A478A037-57D7-49AA-A26C-FF638BC82D69', NULL, NULL, N'240.182.150.49', N'Mozilla/5.0 (Macintosh; Intel Mac OS X 10_15_7) AppleWebKit/537.36', N'2025-12-08 16:04:27'),
(N'90CD1F51-540F-423D-8030-9256CAE45B0C', N'571F7E25-679A-4F7F-847B-65B854899561', N'SELECT', N'print_job', N'01FC704E-AEAA-4697-B6AA-6D4BD20FE221', NULL, NULL, N'230.236.58.122', N'Mozilla/5.0 (Windows NT 10.0; Win64; x64) AppleWebKit/537.36', N'2025-09-23 16:04:27'),
(N'380742D6-DCB9-4D00-A5DA-7A01E19C5E67', N'840B6566-9FC7-4E30-AD0F-C47A3C877F46', N'UPDATE', N'user', N'0FB7570D-0D8F-4A4E-A66D-920DE0BB24A7', NULL, N'{"status": "updated"}', N'199.200.185.130', N'Mozilla/5.0 (Macintosh; Intel Mac OS X 10_15_7) AppleWebKit/537.36', N'2025-05-06 16:04:27'),
(N'2F820010-F746-4B6E-92FC-874FCF1A5ECD', N'A4A2DDD4-2722-4DA3-B861-81FF3ECE59F5', N'SELECT', N'student', N'69B6D5FA-4DFA-4F30-8223-77C13E7AC4BD', NULL, NULL, N'215.171.19.183', N'Mozilla/5.0 (Macintosh; Intel Mac OS X 10_15_7) AppleWebKit/537.36', N'2025-03-28 16:04:27'),
(N'BB6E1F50-B1D5-4F63-87F6-14626BE4D47C', N'31D2D649-4E09-43FD-9466-889A68D8A711', N'UPDATE', N'staff', N'40D7152C-9238-49B4-88CD-3731E4F54028', NULL, N'{"status": "updated"}', N'214.186.47.200', N'Mozilla/5.0 (Windows NT 10.0; Win64; x64) AppleWebKit/537.36', N'2025-11-21 16:04:27'),
(N'1CD3A44A-6E3F-4871-BF15-F462F7999783', N'2E033DAE-3E8D-48B8-9F38-AD2EED30EC61', N'SELECT', N'user', N'F1B7F993-D2A4-4271-83BB-B8919E3F1D46', NULL, NULL, N'205.254.60.122', N'Mozilla/5.0 (Macintosh; Intel Mac OS X 10_15_7) AppleWebKit/537.36', N'2025-11-23 16:04:27'),
(N'0DF2C2F0-87AD-4EDD-AACD-271389328CC1', N'11E45469-7927-455F-B9CE-569E20738D1C', N'SELECT', N'student', N'66A265A6-3B8C-4217-B166-F8F48DACAE85', NULL, NULL, N'239.236.215.88', N'Mozilla/5.0 (Windows NT 10.0; Win64; x64) AppleWebKit/537.36', N'2025-10-24 16:04:27'),
(N'F956A718-3DFA-4369-916C-C85059D71325', N'BBB2CA33-7D39-480D-80D6-4D69BB31A80C', N'SELECT', N'system_configuration', N'FB235805-08A1-4123-AD0C-A0F0B25ADBA2', NULL, NULL, N'210.239.93.140', N'Mozilla/5.0 (Windows NT 10.0; Win64; x64) AppleWebKit/537.36', N'2025-02-14 16:04:27'),
(N'7D3578C1-FA4E-4D4E-97F4-9729750A9DB5', N'F59E973A-F086-49D1-A11E-139D9A617C64', N'SELECT', N'user', N'DB5F8DD8-6368-41A9-981D-5350AA6D9365', NULL, NULL, N'197.176.187.7', N'Mozilla/5.0 (Windows NT 10.0; Win64; x64) AppleWebKit/537.36', N'2025-09-03 16:04:27'),
(N'4AA9E2BB-4FBC-4C49-BBE4-1D76F65B4B99', N'6D8BB00D-C895-4F95-879E-4ABE36E7C4A2', N'DELETE', N'system_configuration', N'8009137C-2D4C-4F17-BE9F-D34897DC78CF', NULL, NULL, N'217.241.12.36', N'Mozilla/5.0 (Windows NT 10.0; Win64; x64) AppleWebKit/537.36', N'2025-04-30 16:04:27'),
(N'7F1CAE11-8810-444E-A7F0-8AB7DD9356CE', N'CD46E053-C9E8-4E92-B267-09D50A2F233B', N'DELETE', N'student', N'7C1BB53C-66FF-4ED3-B4A6-310DC71BBCA7', NULL, NULL, N'255.242.127.124', N'Mozilla/5.0 (Macintosh; Intel Mac OS X 10_15_7) AppleWebKit/537.36', N'2025-06-11 16:04:27'),
(N'D1B03DAB-F857-4791-87EC-B2517014E034', N'4A0EEA51-4A27-4064-A103-4B89E7FFCE6F', N'DELETE', N'student', N'0B898FF7-34E6-4688-9A18-14CC1C4D63B4', NULL, NULL, N'195.242.13.39', N'Mozilla/5.0 (X11; Linux x86_64) AppleWebKit/537.36', N'2025-04-01 16:04:27'),
(N'914F08A3-1917-4EAB-8A27-CC85BAE1B5F1', N'BC3BF08F-547C-4367-84F0-A14347C4102C', N'SELECT', N'student', N'5C75935E-7A31-4C75-8B18-74DEB37F9FE9', NULL, NULL, N'239.234.217.178', N'Mozilla/5.0 (Windows NT 10.0; Win64; x64) AppleWebKit/537.36', N'2025-03-05 16:04:27'),
(N'E81192B0-A5F9-4529-A4EE-949079E99365', N'694027FC-8213-4365-BE48-E6BEF174483D', N'UPDATE', N'user', N'B5CCF98E-00B5-465F-89AB-44AAECC4072D', NULL, N'{"status": "updated"}', N'248.246.37.234', N'Mozilla/5.0 (X11; Linux x86_64) AppleWebKit/537.36', N'2025-05-20 16:04:27'),
(N'E3DA10E2-E55B-4BFD-83DF-5A926068F67B', N'5451F6A1-2B46-4359-9DBA-62C17704B917', N'INSERT', N'print_job', N'D7C40331-99F6-45E7-8625-DB65CF30EB77', NULL, NULL, N'249.253.254.149', N'Mozilla/5.0 (Macintosh; Intel Mac OS X 10_15_7) AppleWebKit/537.36', N'2025-07-30 16:04:27'),
(N'F1443F93-4981-4171-A851-D5E4B2D7C502', N'840B6566-9FC7-4E30-AD0F-C47A3C877F46', N'INSERT', N'system_configuration', N'2A488BFF-0992-4088-9E43-873D3E699288', NULL, NULL, N'192.217.133.33', N'Mozilla/5.0 (Windows NT 10.0; Win64; x64) AppleWebKit/537.36', N'2025-01-15 16:04:27'),
(N'8DE7C6BD-36E0-4A21-A8FA-5C1D824CCB8D', N'84E55A19-7959-4C81-A5C7-035EDB045AA7', N'SELECT', N'user', N'6BCFB24F-583F-45DF-A5EE-4C75F08EEBB3', NULL, NULL, N'201.219.98.203', N'Mozilla/5.0 (Macintosh; Intel Mac OS X 10_15_7) AppleWebKit/537.36', N'2025-06-01 16:04:27'),
(N'6CD2F9CE-E07B-40DA-B261-3BE4412470D6', N'E2A979AB-773C-4DBD-BAD5-65943EDC5F50', N'UPDATE', N'staff', N'A4C18CF0-6D84-40A5-AD8C-DAB1C503DA3D', NULL, N'{"status": "updated"}', N'195.222.122.233', N'Mozilla/5.0 (X11; Linux x86_64) AppleWebKit/537.36', N'2025-09-14 16:04:27'),
(N'93D1BEF5-94A3-40FF-BA53-30AA2E0D462C', N'6D8BB00D-C895-4F95-879E-4ABE36E7C4A2', N'SELECT', N'student', N'B6CE5C53-75A3-4722-8781-12B6007FED9B', NULL, NULL, N'248.188.10.230', N'Mozilla/5.0 (Macintosh; Intel Mac OS X 10_15_7) AppleWebKit/537.36', N'2025-11-11 16:04:27'),
(N'726565CE-4F46-47F0-87F2-FDFB7CAB37B2', N'36344017-AE75-4938-8C75-169452588424', N'INSERT', N'staff', N'80F1495E-A2FD-440F-93F0-C8B44D66ABF7', NULL, NULL, N'193.197.128.55', N'Mozilla/5.0 (Macintosh; Intel Mac OS X 10_15_7) AppleWebKit/537.36', N'2025-01-22 16:04:27'),
(N'082AAA5E-04D7-400F-AF6D-DCA7C1C2D767', N'DDDCA755-3EBA-4BA7-81C1-AABFCB58AF70', N'UPDATE', N'print_job', N'FD23FA6B-616E-426D-959A-C7993371CF79', NULL, N'{"status": "updated"}', N'216.247.200.172', N'Mozilla/5.0 (Windows NT 10.0; Win64; x64) AppleWebKit/537.36', N'2025-04-06 16:04:27'),
(N'A6CDED87-E36E-458A-8F36-0B7958EB4747', N'E40DA9EA-5268-4A2C-A1D4-B5BDC37EE86A', N'UPDATE', N'user', N'4EE539DC-8473-4241-94FC-1FBCF42D5248', NULL, N'{"status": "updated"}', N'219.253.145.8', N'Mozilla/5.0 (Macintosh; Intel Mac OS X 10_15_7) AppleWebKit/537.36', N'2025-04-07 16:04:27'),
(N'021B45E2-9D66-436D-8D95-B13CFBD41331', N'6D8BB00D-C895-4F95-879E-4ABE36E7C4A2', N'INSERT', N'print_job', N'2BCB2332-922B-4E53-B763-6EA6FCF06BFC', NULL, NULL, N'210.212.11.222', N'Mozilla/5.0 (Macintosh; Intel Mac OS X 10_15_7) AppleWebKit/537.36', N'2025-11-29 16:04:27'),
(N'7B708B6A-0914-439C-BCB9-ABCBE7272E0E', N'2FACAAFB-7371-4FAE-9F58-4C0B3B1AD9D0', N'SELECT', N'user', N'902C4189-CBFF-47E7-BED2-5CEC4248890A', NULL, NULL, N'238.216.75.240', N'Mozilla/5.0 (X11; Linux x86_64) AppleWebKit/537.36', N'2025-04-04 16:04:27'),
(N'90F1A77D-C31C-471D-91AC-D00FF80B5CF1', N'D5A476BC-1880-49F4-A0DE-82E780E3EBC9', N'DELETE', N'print_job', N'A3D91E5A-708F-4FAF-AF20-DAB38A03BDA6', NULL, NULL, N'209.218.118.238', N'Mozilla/5.0 (Macintosh; Intel Mac OS X 10_15_7) AppleWebKit/537.36', N'2025-03-08 16:04:27'),
(N'2BB62562-868E-47B1-A5E0-6ED44CD4909B', N'94E550B5-E351-4C55-9928-16DA10151D67', N'DELETE', N'student', N'E8A419EE-3F72-4BAC-9D57-02A22F5C620B', NULL, NULL, N'219.252.225.82', N'Mozilla/5.0 (X11; Linux x86_64) AppleWebKit/537.36', N'2025-08-25 16:04:27'),
(N'450707F4-8687-421A-9036-C5DA75B18E81', N'9ACAE340-69E5-465A-93D3-69E0D781820A', N'UPDATE', N'staff', N'1726EF00-CF36-4765-B22A-5CF8C440932A', NULL, N'{"status": "updated"}', N'192.188.50.59', N'Mozilla/5.0 (Macintosh; Intel Mac OS X 10_15_7) AppleWebKit/537.36', N'2025-04-14 16:04:27'),
(N'2951EC47-E108-4A20-B7D3-3A85FF08BEE1', N'E7734040-EA11-4499-B971-8D5B916161C8', N'UPDATE', N'print_job', N'7EA88E40-E12D-44E4-B060-2E18CC670B78', NULL, N'{"status": "updated"}', N'253.184.237.205', N'Mozilla/5.0 (Macintosh; Intel Mac OS X 10_15_7) AppleWebKit/537.36', N'2025-05-25 16:04:27'),
(N'3E345872-2839-4452-B897-23592ADBA4E9', N'84E55A19-7959-4C81-A5C7-035EDB045AA7', N'UPDATE', N'user', N'5D376D08-BE6F-424B-87E8-894E8CAFE4C6', NULL, N'{"status": "updated"}', N'210.179.74.18', N'Mozilla/5.0 (X11; Linux x86_64) AppleWebKit/537.36', N'2025-04-11 16:04:27'),
(N'ACACC463-8FB3-49C7-BC42-3A4E7590B62D', N'B612B279-965D-4A7D-9B5F-00B6640DD220', N'UPDATE', N'user', N'6FA952E6-2A1E-403B-BA94-117B58735291', NULL, N'{"status": "updated"}', N'244.229.136.65', N'Mozilla/5.0 (Macintosh; Intel Mac OS X 10_15_7) AppleWebKit/537.36', N'2025-07-01 16:04:27'),
(N'CD66940D-65B1-4FAD-9642-F963432A1E57', N'94E550B5-E351-4C55-9928-16DA10151D67', N'INSERT', N'user', N'E4E15B26-FA2F-498F-9E64-6EEB980C1C60', NULL, NULL, N'254.189.125.50', N'Mozilla/5.0 (Windows NT 10.0; Win64; x64) AppleWebKit/537.36', N'2025-04-25 16:04:27'),
(N'7F0D9A0F-40D0-4E14-9630-AAD8C12F765F', N'4D04AB34-E2B9-4395-AD58-717E68C49745', N'SELECT', N'student', N'5CBD1E1A-36A1-43D9-94C1-BEF139ED93D9', NULL, NULL, N'205.202.136.58', N'Mozilla/5.0 (Windows NT 10.0; Win64; x64) AppleWebKit/537.36', N'2025-10-19 16:04:27'),
(N'0F498C7B-5689-48D8-9A78-E4F47A12E839', N'1D0B1605-8F12-484D-BCDA-1DED73F57EAB', N'DELETE', N'system_configuration', N'BBD45DE2-3C22-40C9-A692-32CFE17AEFCF', NULL, NULL, N'215.238.216.124', N'Mozilla/5.0 (Macintosh; Intel Mac OS X 10_15_7) AppleWebKit/537.36', N'2025-06-19 16:04:27'),
(N'8D05A7A8-ECDA-49E5-A17C-2595F385EAD5', N'10A3C250-3D43-4BF0-B06A-AF8DF7CE2C80', N'DELETE', N'staff', N'20E762DE-A8BF-4E1B-A4B8-197452137859', NULL, NULL, N'213.172.5.234', N'Mozilla/5.0 (Macintosh; Intel Mac OS X 10_15_7) AppleWebKit/537.36', N'2025-10-24 16:04:27'),
(N'F11869AA-95A0-4D35-8D52-57583451F26A', N'62DC0669-E900-4AB7-8EB9-30AF519543CE', N'INSERT', N'print_job', N'D4A91B3F-E1B1-42D1-8A8D-620E34A030D8', NULL, NULL, N'227.225.238.124', N'Mozilla/5.0 (Macintosh; Intel Mac OS X 10_15_7) AppleWebKit/537.36', N'2025-10-25 16:04:27'),
(N'A4CF2837-2478-49AF-B680-A4174B86E552', N'DFBB99D6-AA69-41F2-958D-B4D8428DC0EB', N'UPDATE', N'system_configuration', N'18E7AB95-5905-4BCC-8E5D-E849E8D4D8CC', NULL, N'{"status": "updated"}', N'244.188.240.105', N'Mozilla/5.0 (Macintosh; Intel Mac OS X 10_15_7) AppleWebKit/537.36', N'2025-07-19 16:04:27'),
(N'1F936D78-49B8-4143-BDF6-8670B08234C8', N'DA4259F4-4CCC-450C-B6BE-8B983033EDD9', N'DELETE', N'print_job', N'091739DB-92D2-4E68-96FB-721B76DAD6F8', NULL, NULL, N'242.228.4.233', N'Mozilla/5.0 (X11; Linux x86_64) AppleWebKit/537.36', N'2025-05-29 16:04:27'),
(N'DC79B36F-5C2F-472D-A56F-0016B1148ED8', N'5B28E772-EF28-4A6D-B5E7-9950F81E33C7', N'DELETE', N'system_configuration', N'57F816D0-7C8D-42EE-9DA2-6A8D1F560C97', NULL, NULL, N'218.172.252.67', N'Mozilla/5.0 (Macintosh; Intel Mac OS X 10_15_7) AppleWebKit/537.36', N'2025-01-31 16:04:27'),
(N'DA6A634A-D7F3-440A-918C-B7DC4B95F255', N'745E6461-C292-46A6-80D3-1D8526022FB6', N'SELECT', N'print_job', N'7416A6FC-C58E-4A84-B46C-E342F611CD18', NULL, NULL, N'225.244.230.74', N'Mozilla/5.0 (Windows NT 10.0; Win64; x64) AppleWebKit/537.36', N'2025-03-03 16:04:27'),
(N'A3358457-E598-459E-A2AD-19D241D6339E', N'7A3CBBA8-05C2-44D9-8E1A-634D9F14E8BF', N'DELETE', N'user', N'7E6E8CB8-781B-471D-97FB-E86DCF4E1C49', NULL, NULL, N'234.247.249.201', N'Mozilla/5.0 (X11; Linux x86_64) AppleWebKit/537.36', N'2025-08-20 16:04:27'),
(N'31B73B55-6633-4324-A3D2-742390B32FE3', N'58ACD54C-A625-49EE-AD71-7DCF3FF14E98', N'SELECT', N'user', N'B61A6399-127C-4829-92E3-12DFF6C69DB4', NULL, NULL, N'223.201.109.138', N'Mozilla/5.0 (Windows NT 10.0; Win64; x64) AppleWebKit/537.36', N'2025-10-12 16:04:27'),
(N'48B70426-0BBF-44E7-912E-B0251352EDC1', N'6AF12348-2C4F-446A-96BA-864B9EAC32A2', N'SELECT', N'student', N'1F2C2B24-2540-452D-96D0-40C548BF100E', NULL, NULL, N'232.249.144.133', N'Mozilla/5.0 (Macintosh; Intel Mac OS X 10_15_7) AppleWebKit/537.36', N'2025-11-05 16:04:27'),
(N'7A986A7D-1875-4DA6-8F75-AAFBA430172C', N'0C18EE20-B812-4001-B47D-D5AAEA636743', N'SELECT', N'student', N'4B4EFAA9-3EFA-48EE-933A-99E4F22C09EF', NULL, NULL, N'192.189.187.154', N'Mozilla/5.0 (X11; Linux x86_64) AppleWebKit/537.36', N'2025-10-18 16:04:27'),
(N'AC22EA2A-5704-4093-ABD6-F131B61FC99C', N'BC3BF08F-547C-4367-84F0-A14347C4102C', N'INSERT', N'staff', N'CD033401-B28B-4950-AFB7-E1ED42D1E9AA', NULL, NULL, N'197.190.57.41', N'Mozilla/5.0 (X11; Linux x86_64) AppleWebKit/537.36', N'2025-02-05 16:04:27'),
(N'8932851E-CE42-4A4C-8D76-370FF4217BCF', N'DA4259F4-4CCC-450C-B6BE-8B983033EDD9', N'SELECT', N'staff', N'4DD14969-0A20-4A3F-BB1A-FDD722A82947', NULL, NULL, N'221.207.86.116', N'Mozilla/5.0 (X11; Linux x86_64) AppleWebKit/537.36', N'2025-03-03 16:04:27'),
(N'D88884EC-695E-4A15-B834-20513A6824CC', N'FE009364-19E0-4F5B-A5FE-B5C3458EDAB8', N'INSERT', N'print_job', N'DBE704CB-DBA3-438B-98B6-4308970814AC', NULL, NULL, N'242.230.247.189', N'Mozilla/5.0 (X11; Linux x86_64) AppleWebKit/537.36', N'2025-07-24 16:04:27'),
(N'DF84CF5B-1B9F-44EC-8FD8-5BD8E6F6FD63', N'11E45469-7927-455F-B9CE-569E20738D1C', N'INSERT', N'student', N'7E392A5D-2992-4140-A33C-BD57C02FBCCB', NULL, NULL, N'255.212.156.22', N'Mozilla/5.0 (X11; Linux x86_64) AppleWebKit/537.36', N'2025-06-19 16:04:27'),
(N'94C7B693-49AE-4559-91D3-55387A1886E0', N'94E8878D-BC0C-4BF3-B16A-CC93CC888B2F', N'SELECT', N'user', N'7E01AA94-B926-492A-BEB5-0C53CB47900D', NULL, NULL, N'204.233.101.28', N'Mozilla/5.0 (Windows NT 10.0; Win64; x64) AppleWebKit/537.36', N'2025-06-26 16:04:27'),
(N'D4A98E91-E52B-4EF4-9B53-78E787D4A7DA', N'DE7A82E2-3348-42BD-85A8-3BACC599E571', N'DELETE', N'print_job', N'10E90FC0-30DA-45EA-8049-9C58F38D74CA', NULL, NULL, N'251.179.135.45', N'Mozilla/5.0 (Windows NT 10.0; Win64; x64) AppleWebKit/537.36', N'2025-01-23 16:04:27'),
(N'5F925AA1-476F-4F02-B39F-A21A6A364658', N'62DC0669-E900-4AB7-8EB9-30AF519543CE', N'DELETE', N'staff', N'DF3AEA2B-DBA7-4A74-8936-FF01C65CD1C1', NULL, NULL, N'232.239.226.158', N'Mozilla/5.0 (Macintosh; Intel Mac OS X 10_15_7) AppleWebKit/537.36', N'2025-08-15 16:04:27'),
(N'55D26A42-AB9F-43B4-B62A-5EFA9167FF8B', N'84E55A19-7959-4C81-A5C7-035EDB045AA7', N'DELETE', N'user', N'43ABFAF0-229B-4B72-A8FA-96BF38098522', NULL, NULL, N'239.172.125.104', N'Mozilla/5.0 (Windows NT 10.0; Win64; x64) AppleWebKit/537.36', N'2025-01-09 16:04:27'),
(N'4B664F8C-3D23-4B86-8EFE-B5B3029EF25B', N'EC6F16C8-E5AB-4498-9439-5DE9D9D5CCB0', N'SELECT', N'student', N'128F7FC4-9E16-4B6D-8BE4-18C85064D7BC', NULL, NULL, N'242.199.254.32', N'Mozilla/5.0 (Macintosh; Intel Mac OS X 10_15_7) AppleWebKit/537.36', N'2025-06-16 16:04:27'),
(N'8A2DC341-8BC2-4C81-96A8-D768719E4C00', N'F46F2EA2-CB0C-43BB-A0E6-64AE74DF6F34', N'SELECT', N'student', N'AB33A01F-14AE-4158-807A-CC471A949222', NULL, NULL, N'197.195.72.52', N'Mozilla/5.0 (Macintosh; Intel Mac OS X 10_15_7) AppleWebKit/537.36', N'2025-05-18 16:04:27'),
(N'0F0407D3-A1AC-4865-83AF-58007D1261CC', N'6D8BB00D-C895-4F95-879E-4ABE36E7C4A2', N'DELETE', N'print_job', N'F31D0A01-CD6A-4D4C-BEC1-E62870165EDB', NULL, NULL, N'193.176.160.99', N'Mozilla/5.0 (X11; Linux x86_64) AppleWebKit/537.36', N'2025-05-21 16:04:27'),
(N'93429054-C468-4708-9A99-C971FE2B1C9A', N'0A0377EC-F5AC-4DC1-B9B9-94DA7F70DDD0', N'UPDATE', N'system_configuration', N'8306C64A-9DD8-451C-8696-3E3BFD15921B', NULL, N'{"status": "updated"}', N'240.214.22.173', N'Mozilla/5.0 (Macintosh; Intel Mac OS X 10_15_7) AppleWebKit/537.36', N'2025-12-14 16:04:27'),
(N'A203BD14-E5AF-46F8-BB6E-7E60EE9748E4', N'022C2233-8975-4DAE-9C01-15D06D2D4473', N'SELECT', N'staff', N'DB700323-2A82-4BB6-8088-60B1FFF37330', NULL, NULL, N'194.196.145.142', N'Mozilla/5.0 (Macintosh; Intel Mac OS X 10_15_7) AppleWebKit/537.36', N'2025-06-01 16:04:27'),
(N'D5765D01-C4E6-4DD3-A763-3C47E2C3FD15', N'14DBDF83-2717-4A87-92E9-E34551496916', N'INSERT', N'staff', N'E93395B0-D9E4-4523-87C3-FB26072F01FF', NULL, NULL, N'208.218.64.239', N'Mozilla/5.0 (Windows NT 10.0; Win64; x64) AppleWebKit/537.36', N'2025-04-08 16:04:27'),
(N'AED9E12C-023E-4BF3-9E48-82784DB7F1E0', N'0C18EE20-B812-4001-B47D-D5AAEA636743', N'INSERT', N'user', N'EB116C5F-E87E-47D0-9061-C2295205E6F1', NULL, NULL, N'208.237.182.51', N'Mozilla/5.0 (X11; Linux x86_64) AppleWebKit/537.36', N'2025-02-23 16:04:27'),
(N'2E651126-19CC-4059-8AA5-5F5465DBFA1E', N'29CF77E6-258C-4A86-B78D-2A94DE508564', N'INSERT', N'staff', N'9AF67331-48D3-464C-B3C5-9B750689C3D4', NULL, NULL, N'246.180.123.84', N'Mozilla/5.0 (Windows NT 10.0; Win64; x64) AppleWebKit/537.36', N'2025-01-18 16:04:27'),
(N'420631C1-78E1-4595-BE9F-7F63C40EBECA', N'A4A2DDD4-2722-4DA3-B861-81FF3ECE59F5', N'SELECT', N'staff', N'4F09613B-9527-4389-B71B-5BE642B14F63', NULL, NULL, N'193.223.106.103', N'Mozilla/5.0 (Windows NT 10.0; Win64; x64) AppleWebKit/537.36', N'2025-05-27 16:04:27'),
(N'9392809D-58B0-4752-B228-71B3322748AF', N'7F9A1D1F-7619-4155-8049-ECE8770E04B1', N'UPDATE', N'student', N'00954AD9-B808-425B-BFA9-662B27B4B673', NULL, N'{"status": "updated"}', N'232.193.152.78', N'Mozilla/5.0 (X11; Linux x86_64) AppleWebKit/537.36', N'2025-02-22 16:04:27'),
(N'30E4AC23-C533-46BC-A84E-81E25254468B', N'BC3BF08F-547C-4367-84F0-A14347C4102C', N'DELETE', N'user', N'71C974C5-51D1-46C7-ACC6-608B255AC875', NULL, NULL, N'199.250.35.224', N'Mozilla/5.0 (Windows NT 10.0; Win64; x64) AppleWebKit/537.36', N'2025-02-13 16:04:27'),
(N'6DC1225E-81E9-4EB3-9536-D32A3EE7C9B7', N'B612B279-965D-4A7D-9B5F-00B6640DD220', N'INSERT', N'student', N'FC4564F0-954B-408F-832A-53CAFECF7A15', NULL, NULL, N'198.219.49.185', N'Mozilla/5.0 (X11; Linux x86_64) AppleWebKit/537.36', N'2025-10-06 16:04:27'),
(N'6EE8C922-CC5B-4313-9544-DE5D6A9B4A89', N'8E6349C1-5A68-498B-A573-62EA95164278', N'INSERT', N'student', N'D2DD41C5-C909-4CC0-95A4-636F648384E0', NULL, NULL, N'231.172.220.222', N'Mozilla/5.0 (Windows NT 10.0; Win64; x64) AppleWebKit/537.36', N'2025-10-16 16:04:27'),
(N'E992D5CC-B1DF-4E4A-BE41-2FD0A88C99E8', N'0C18EE20-B812-4001-B47D-D5AAEA636743', N'DELETE', N'print_job', N'09D46C50-C7AE-43AE-A121-1646B9F57E19', NULL, NULL, N'210.239.187.72', N'Mozilla/5.0 (Macintosh; Intel Mac OS X 10_15_7) AppleWebKit/537.36', N'2025-04-07 16:04:27'),
(N'6C1D28C6-C69E-478B-B096-221CDDE6503B', N'BDDFAEA1-E79B-401B-AE0C-34F60939BDEF', N'UPDATE', N'print_job', N'2885AD89-DA31-4BD7-AEE8-8E60B0FB88D9', NULL, N'{"status": "updated"}', N'245.195.252.202', N'Mozilla/5.0 (X11; Linux x86_64) AppleWebKit/537.36', N'2025-02-28 16:04:27'),
(N'DB5B4E48-B1E7-4CB1-974C-F7A2C155BD92', N'DDDCA755-3EBA-4BA7-81C1-AABFCB58AF70', N'DELETE', N'print_job', N'72472071-E33F-434F-9CEF-00EFAD92CDAE', NULL, NULL, N'241.171.129.250', N'Mozilla/5.0 (Windows NT 10.0; Win64; x64) AppleWebKit/537.36', N'2025-03-03 16:04:27'),
(N'2ACA20DB-F2EB-4725-BF84-C890E4C74BC7', N'0C18EE20-B812-4001-B47D-D5AAEA636743', N'DELETE', N'user', N'59ECC669-787C-47D6-89FD-0A0EF08A6DA5', NULL, NULL, N'235.218.78.111', N'Mozilla/5.0 (Macintosh; Intel Mac OS X 10_15_7) AppleWebKit/537.36', N'2025-03-13 16:04:27'),
(N'860D123B-1B26-4315-ABFE-E88C11D24193', N'84E55A19-7959-4C81-A5C7-035EDB045AA7', N'INSERT', N'print_job', N'5155C587-C10D-4483-B5EB-BB38F4DA89F8', NULL, NULL, N'237.197.149.228', N'Mozilla/5.0 (Macintosh; Intel Mac OS X 10_15_7) AppleWebKit/537.36', N'2025-09-10 16:04:27'),
(N'29B5F28A-B7AA-4003-9218-BE88E46BDC83', N'28A24306-65C3-4488-9AB9-D79C3F6DE766', N'UPDATE', N'user', N'2996F16B-0205-40FC-99CF-747DDA9F71E2', NULL, N'{"status": "updated"}', N'206.171.130.62', N'Mozilla/5.0 (X11; Linux x86_64) AppleWebKit/537.36', N'2025-04-30 16:04:27'),
(N'6DA4F44D-89F9-4FAD-9EC0-6C947B67687E', N'9614180A-0320-4E14-B8B6-E2B5A931782A', N'UPDATE', N'print_job', N'1A625C20-4C0D-4CA3-8684-7B98CF6D349B', NULL, N'{"status": "updated"}', N'208.252.150.18', N'Mozilla/5.0 (Windows NT 10.0; Win64; x64) AppleWebKit/537.36', N'2025-08-18 16:04:27'),
(N'3E2A6B22-E300-43A8-8688-7DF3D7FF94BD', N'8EACA602-F11F-4F3F-AC0B-7555924DC5C0', N'UPDATE', N'print_job', N'12E99CCD-6D0B-4868-BBCA-C03DAF79CB98', NULL, N'{"status": "updated"}', N'192.177.200.147', N'Mozilla/5.0 (X11; Linux x86_64) AppleWebKit/537.36', N'2025-10-19 16:04:27'),
(N'4D7F3615-B14E-42EC-9405-0C481ABF6FB3', N'7822534D-94AE-4CBA-AA77-A11465843A35', N'SELECT', N'print_job', N'AD5A8037-5233-4C25-A44B-020BAA481A75', NULL, NULL, N'255.235.202.213', N'Mozilla/5.0 (X11; Linux x86_64) AppleWebKit/537.36', N'2025-04-16 16:04:27'),
(N'5EE2A2AD-69D0-4CE0-A817-13DEC315DAE5', N'5EE4B9D5-C23C-4D00-9AAD-73D4C60CCB93', N'INSERT', N'student', N'4643AABF-C8CB-49CE-A090-4139A460B035', NULL, NULL, N'255.192.181.75', N'Mozilla/5.0 (Macintosh; Intel Mac OS X 10_15_7) AppleWebKit/537.36', N'2025-05-29 16:04:27'),
(N'E5C5DC37-FE2B-4C30-9A06-35D02C015637', N'ADD17B53-2776-4990-A615-A34533E20701', N'INSERT', N'staff', N'FD237DCC-F48F-405F-94EB-7593E88C7473', NULL, NULL, N'202.176.251.180', N'Mozilla/5.0 (Windows NT 10.0; Win64; x64) AppleWebKit/537.36', N'2025-01-25 16:04:27'),
(N'73F3BE56-3AB7-423C-95BF-A014C330E8C4', N'4D04AB34-E2B9-4395-AD58-717E68C49745', N'UPDATE', N'user', N'7D433A98-ACA8-4F28-BBC0-5F44E430E724', NULL, N'{"status": "updated"}', N'232.202.161.249', N'Mozilla/5.0 (X11; Linux x86_64) AppleWebKit/537.36', N'2025-12-05 16:04:27'),
(N'527EFD95-AEB9-4D92-890B-7CB32A5B9BD6', N'36BE0EAB-9BD6-473D-8BA0-536A42BC465E', N'SELECT', N'staff', N'0B1CB535-E057-449F-8699-47193F633DBA', NULL, NULL, N'237.233.253.244', N'Mozilla/5.0 (Macintosh; Intel Mac OS X 10_15_7) AppleWebKit/537.36', N'2025-09-27 16:04:27'),
(N'38D87DDA-BC6B-4E06-9B75-8B66772D643E', N'E15E457D-7E6B-4678-8F33-7143E0048299', N'UPDATE', N'system_configuration', N'8E0CD7CB-B738-4BF3-B5EF-3A6A50A49E82', NULL, N'{"status": "updated"}', N'205.178.184.185', N'Mozilla/5.0 (Windows NT 10.0; Win64; x64) AppleWebKit/537.36', N'2025-06-22 16:04:27'),
(N'51880DC4-03B0-41CF-B6B3-DDABCC12471E', N'9A048112-0810-4FCB-83A2-D099D7818BF2', N'UPDATE', N'student', N'BB3D920A-E6B9-4C60-9F8D-A07279544797', NULL, N'{"status": "updated"}', N'226.251.150.159', N'Mozilla/5.0 (Macintosh; Intel Mac OS X 10_15_7) AppleWebKit/537.36', N'2025-06-18 16:04:27'),
(N'4DE0C8A6-A0A9-4793-9136-ACAA6E6827A8', N'ADD17B53-2776-4990-A615-A34533E20701', N'SELECT', N'staff', N'FEF299C9-0657-4BE8-9AB7-2954A8118B5B', NULL, NULL, N'247.231.114.91', N'Mozilla/5.0 (Macintosh; Intel Mac OS X 10_15_7) AppleWebKit/537.36', N'2025-02-05 16:04:27'),
(N'29602163-E167-4351-93A6-26F539F32544', N'10A3C250-3D43-4BF0-B06A-AF8DF7CE2C80', N'UPDATE', N'staff', N'117B2B0D-262A-44B5-8F7E-1E6D30FFB1C2', NULL, N'{"status": "updated"}', N'208.205.159.87', N'Mozilla/5.0 (Windows NT 10.0; Win64; x64) AppleWebKit/537.36', N'2025-06-16 16:04:27'),
(N'2A34ABBC-6733-469F-B618-6E014B39DC94', N'A3CA59C1-180A-428A-9CB4-18B4298AF71A', N'UPDATE', N'staff', N'5C553ED6-8E1C-4734-AC4E-8AAC6FAAD851', NULL, N'{"status": "updated"}', N'226.250.246.198', N'Mozilla/5.0 (X11; Linux x86_64) AppleWebKit/537.36', N'2025-07-13 16:04:27'),
(N'3E1CDE3C-A868-4DC1-A2B3-DC7925592ACF', N'7F9763C0-89B6-436C-9A7F-7C9F82A74081', N'UPDATE', N'student', N'A2A5E256-9E08-4771-8BF1-C9956B105C49', NULL, N'{"status": "updated"}', N'251.255.159.112', N'Mozilla/5.0 (X11; Linux x86_64) AppleWebKit/537.36', N'2025-04-30 16:04:27'),
(N'DFEC1FEB-5616-4F26-B42F-2E9D7420F73A', N'7822534D-94AE-4CBA-AA77-A11465843A35', N'DELETE', N'user', N'179A9330-75CB-4347-A49D-2B420121CD34', NULL, NULL, N'199.198.69.138', N'Mozilla/5.0 (Macintosh; Intel Mac OS X 10_15_7) AppleWebKit/537.36', N'2025-07-05 16:04:27'),
(N'D9F25A27-BD10-415A-8C36-B1986CEDFE1D', N'0D3E62E8-B8DC-4723-8801-D54BFE39772D', N'DELETE', N'staff', N'58DB569F-E3DE-4860-AA40-8595024A7636', NULL, NULL, N'253.205.251.204', N'Mozilla/5.0 (Windows NT 10.0; Win64; x64) AppleWebKit/537.36', N'2025-10-19 16:04:27'),
(N'7BF5B204-7C1A-4C3F-84DA-9980E44583A4', N'E7734040-EA11-4499-B971-8D5B916161C8', N'SELECT', N'staff', N'19084F8B-AA3F-434D-82A3-91763FAF7BBD', NULL, NULL, N'248.209.88.193', N'Mozilla/5.0 (Macintosh; Intel Mac OS X 10_15_7) AppleWebKit/537.36', N'2025-08-23 16:04:27'),
(N'54E00BC3-FBD8-4F14-85E9-DCB82F03298F', N'18C717AB-83F3-4D15-AA08-6E19B2552B24', N'UPDATE', N'system_configuration', N'065C9506-875A-4B62-BF87-7E56B80A0727', NULL, N'{"status": "updated"}', N'237.231.75.33', N'Mozilla/5.0 (Windows NT 10.0; Win64; x64) AppleWebKit/537.36', N'2025-11-11 16:04:27'),
(N'671117F8-E683-4796-9BAE-6F96075DB57D', N'2E033DAE-3E8D-48B8-9F38-AD2EED30EC61', N'UPDATE', N'staff', N'9E28FF35-523C-43CA-8FDF-158006C65B80', NULL, N'{"status": "updated"}', N'209.213.202.10', N'Mozilla/5.0 (Windows NT 10.0; Win64; x64) AppleWebKit/537.36', N'2025-11-15 16:04:27'),
(N'6806C635-BDA5-41EF-B27E-EB10CFF918A1', N'80D39BEC-34F8-4D3F-9190-DC06506B1A6E', N'DELETE', N'system_configuration', N'4753A512-C53D-4894-A1C0-FCB7DFE2DFD6', NULL, NULL, N'217.204.44.157', N'Mozilla/5.0 (Windows NT 10.0; Win64; x64) AppleWebKit/537.36', N'2025-01-10 16:04:27'),
(N'1837C76C-81CF-400C-9382-1A890B5BAA7B', N'253AC6A0-038C-4FE5-B9CF-441A0BA152E2', N'DELETE', N'student', N'8D6E4737-DB50-4FF4-843A-975652395033', NULL, NULL, N'227.209.188.80', N'Mozilla/5.0 (X11; Linux x86_64) AppleWebKit/537.36', N'2025-06-26 16:04:27'),
(N'2565BE02-DDCD-47D0-B592-6AC8C8263D1D', N'13A20AB2-05DB-44A8-AE8F-061849A096F1', N'DELETE', N'student', N'8F61B0A1-F7D5-43E1-B297-3308FD7967D0', NULL, NULL, N'231.241.59.125', N'Mozilla/5.0 (Windows NT 10.0; Win64; x64) AppleWebKit/537.36', N'2025-10-01 16:04:27'),
(N'E8B39A9C-FF21-4267-9415-EB6A3A22E607', N'85C56CA9-3921-4FDF-8E4D-13DC504FB953', N'UPDATE', N'staff', N'121F7B45-CEB4-4B91-9A20-F2707EF60E80', NULL, N'{"status": "updated"}', N'250.224.54.179', N'Mozilla/5.0 (X11; Linux x86_64) AppleWebKit/537.36', N'2025-09-09 16:04:27'),
(N'6151AA10-86F3-429A-9AA4-D1AB7D31A14A', N'8E6349C1-5A68-498B-A573-62EA95164278', N'DELETE', N'student', N'C0E7E054-0483-46EF-ADEC-C2A71BEDCA0C', NULL, NULL, N'253.228.184.38', N'Mozilla/5.0 (X11; Linux x86_64) AppleWebKit/537.36', N'2025-10-05 16:04:27'),
(N'89DF2FCD-3D8A-4C48-B6FE-F1CDFF42EDC4', N'14DBDF83-2717-4A87-92E9-E34551496916', N'INSERT', N'staff', N'BC371522-6823-4A9D-A6C1-3C755E6DD47C', NULL, NULL, N'193.185.152.120', N'Mozilla/5.0 (X11; Linux x86_64) AppleWebKit/537.36', N'2025-02-13 16:04:27'),
(N'8481EA0F-36D7-4025-BE8D-D0D79872113D', N'6D8BB00D-C895-4F95-879E-4ABE36E7C4A2', N'SELECT', N'staff', N'D987964D-50A5-44E2-AD37-D536A4B24883', NULL, NULL, N'204.211.226.114', N'Mozilla/5.0 (Windows NT 10.0; Win64; x64) AppleWebKit/537.36', N'2025-01-13 16:04:27'),
(N'15CD090C-688F-4C48-B7AC-E509E969680E', N'46B4C675-CA42-4565-93C6-A6E9C27F77DB', N'UPDATE', N'user', N'2C02D43C-537A-42ED-97AD-AD8EF50EF6F3', NULL, N'{"status": "updated"}', N'244.173.97.77', N'Mozilla/5.0 (Windows NT 10.0; Win64; x64) AppleWebKit/537.36', N'2025-07-09 16:04:27'),
(N'CBADCC21-6F8A-4B19-9DCA-9E5B8A4E0B77', N'13A20AB2-05DB-44A8-AE8F-061849A096F1', N'SELECT', N'staff', N'C731236F-B991-4117-9EBB-9B7B70785845', NULL, NULL, N'200.173.184.21', N'Mozilla/5.0 (Windows NT 10.0; Win64; x64) AppleWebKit/537.36', N'2025-11-14 16:04:27'),
(N'F07DEA9F-E52A-4223-9BE9-6AB277B8648B', N'E40DA9EA-5268-4A2C-A1D4-B5BDC37EE86A', N'UPDATE', N'staff', N'0E37A846-A3DA-4297-BEAD-AFA70322EB8C', NULL, N'{"status": "updated"}', N'206.245.48.137', N'Mozilla/5.0 (Macintosh; Intel Mac OS X 10_15_7) AppleWebKit/537.36', N'2025-09-27 16:04:27'),
(N'64E30796-5A1D-4DA5-9B40-95CED63ABA01', N'36BE0EAB-9BD6-473D-8BA0-536A42BC465E', N'INSERT', N'system_configuration', N'02B23F50-1C4E-4F54-9668-C2D71B6189ED', NULL, NULL, N'204.254.14.155', N'Mozilla/5.0 (Macintosh; Intel Mac OS X 10_15_7) AppleWebKit/537.36', N'2025-04-05 16:04:27'),
(N'8F9E9F9A-910F-4266-8882-05C869B317A1', N'7F9763C0-89B6-436C-9A7F-7C9F82A74081', N'DELETE', N'print_job', N'8AC609CF-6EE8-4B89-B308-1FFE4A8FE760', NULL, NULL, N'227.240.144.203', N'Mozilla/5.0 (X11; Linux x86_64) AppleWebKit/537.36', N'2025-07-27 16:04:27'),
(N'DFA6FACB-3638-4E2B-9AC1-579FFCB562D0', N'29CF77E6-258C-4A86-B78D-2A94DE508564', N'UPDATE', N'system_configuration', N'F72D3ADE-31EE-47D0-A849-328869DAC5BB', NULL, N'{"status": "updated"}', N'252.243.145.95', N'Mozilla/5.0 (Macintosh; Intel Mac OS X 10_15_7) AppleWebKit/537.36', N'2025-07-04 16:04:27'),
(N'9043AA7D-7B08-4543-943D-9031A6B3970E', N'694027FC-8213-4365-BE48-E6BEF174483D', N'DELETE', N'student', N'029FAA66-774E-48EC-A480-31D719FB2329', NULL, NULL, N'240.175.253.134', N'Mozilla/5.0 (Windows NT 10.0; Win64; x64) AppleWebKit/537.36', N'2025-11-05 16:04:27'),
(N'5D6CF9EC-CE3A-451C-9FDA-8BFB8205E22D', N'22261F46-CC7E-4CD0-9ECD-1CDE8BAA53A2', N'SELECT', N'student', N'435929D5-EEEB-4765-9CC4-B7FC8A6FD655', NULL, NULL, N'203.238.46.216', N'Mozilla/5.0 (Windows NT 10.0; Win64; x64) AppleWebKit/537.36', N'2025-03-13 16:04:27'),
(N'F3E3FBE5-CBD3-4D0B-9240-367673AD9C5B', N'5B28E772-EF28-4A6D-B5E7-9950F81E33C7', N'DELETE', N'student', N'696D279E-943A-4833-B721-451D5C15A3B3', NULL, NULL, N'242.229.45.184', N'Mozilla/5.0 (Macintosh; Intel Mac OS X 10_15_7) AppleWebKit/537.36', N'2025-01-19 16:04:27'),
(N'779B5B9B-E2BB-474E-B246-38B4DDF06250', N'AF8A77B4-8B80-4CE4-8EB6-E22EA5AF073E', N'SELECT', N'print_job', N'6BA37DDE-F95F-41DF-AC6B-155836CC237D', NULL, NULL, N'202.178.174.201', N'Mozilla/5.0 (Macintosh; Intel Mac OS X 10_15_7) AppleWebKit/537.36', N'2025-04-08 16:04:27'),
(N'51912528-0FB4-4336-8378-46EF9F3ED6C4', N'EC6F16C8-E5AB-4498-9439-5DE9D9D5CCB0', N'INSERT', N'student', N'0C64C132-0011-40AE-86CA-E51105FE7BBE', NULL, NULL, N'253.198.156.247', N'Mozilla/5.0 (Macintosh; Intel Mac OS X 10_15_7) AppleWebKit/537.36', N'2025-10-13 16:04:27'),
(N'0DA7EC98-EA34-4DDA-91E1-598BD25CC52B', N'80347045-0410-4857-8AB3-3688B4AC7863', N'UPDATE', N'student', N'85521A2B-31BD-4CC0-A16B-25E59B6088AD', NULL, N'{"status": "updated"}', N'206.199.38.180', N'Mozilla/5.0 (Macintosh; Intel Mac OS X 10_15_7) AppleWebKit/537.36', N'2025-09-20 16:04:27'),
(N'61F104E7-ED90-4359-A247-B5DD0690260C', N'46CC4A7B-6317-4111-8E4B-34EE404264FD', N'SELECT', N'staff', N'65C93013-108E-4192-9080-783F8E8867FD', NULL, NULL, N'213.208.127.72', N'Mozilla/5.0 (Windows NT 10.0; Win64; x64) AppleWebKit/537.36', N'2025-05-27 16:04:27'),
(N'47DB15E1-F752-4061-9E22-85549AC1FAA1', N'641724A7-ADC2-43E1-B951-E3965949520D', N'UPDATE', N'system_configuration', N'5EB2F11E-C768-4171-A8BD-42CE78D9474F', NULL, N'{"status": "updated"}', N'226.249.157.146', N'Mozilla/5.0 (X11; Linux x86_64) AppleWebKit/537.36', N'2025-05-16 16:04:27'),
(N'21EBF59F-2385-483C-B6BE-55988F8B1301', N'4D04AB34-E2B9-4395-AD58-717E68C49745', N'DELETE', N'student', N'60813819-8992-4AAB-BC26-0B9A14328915', NULL, NULL, N'222.240.122.204', N'Mozilla/5.0 (X11; Linux x86_64) AppleWebKit/537.36', N'2025-12-23 16:04:27'),
(N'7D97C614-BFFF-436E-9E93-5C6C00BF7E03', N'8F8CE87D-775A-430E-BFF5-3951D723082C', N'SELECT', N'student', N'CBBD8C29-F828-4823-8173-8DA9873D9836', NULL, NULL, N'216.195.5.31', N'Mozilla/5.0 (Windows NT 10.0; Win64; x64) AppleWebKit/537.36', N'2025-04-08 16:04:27'),
(N'BAD8FB7C-D914-4A40-834A-4F832B7CDCB9', N'36BE0EAB-9BD6-473D-8BA0-536A42BC465E', N'DELETE', N'student', N'29682389-55CA-4C8F-9027-89A277BC8A1C', NULL, NULL, N'216.215.224.92', N'Mozilla/5.0 (X11; Linux x86_64) AppleWebKit/537.36', N'2025-11-09 16:04:27'),
(N'D9C07161-FC2D-4AAD-BDB5-7ABEE7F644CC', N'D95BE64B-13B1-4FA8-93B4-9E590A7C33DE', N'DELETE', N'user', N'68C206F1-AA72-4491-9EAF-C4FB05BE72E4', NULL, NULL, N'223.226.10.179', N'Mozilla/5.0 (Windows NT 10.0; Win64; x64) AppleWebKit/537.36', N'2025-06-05 16:04:27'),
(N'078DFED0-3D08-4633-967C-2829C7153301', N'E01F9537-78ED-4286-902C-FC570E17621F', N'DELETE', N'staff', N'D9D09EB9-A5C6-4D67-9A75-EA42DB1A44E7', NULL, NULL, N'210.184.145.126', N'Mozilla/5.0 (X11; Linux x86_64) AppleWebKit/537.36', N'2025-02-25 16:04:27'),
(N'9D6CC17D-C8B1-4CC1-931E-B1E587079419', N'C5BA98C9-DA7B-4BD9-9149-AEEE1CF272F9', N'SELECT', N'user', N'D6578629-2CA0-4297-A5C7-211592EC647A', NULL, NULL, N'217.209.188.84', N'Mozilla/5.0 (Macintosh; Intel Mac OS X 10_15_7) AppleWebKit/537.36', N'2025-08-30 16:04:27'),
(N'8FD3E8DC-EE37-474B-AEC4-34335243E47F', N'009704E0-7C9D-48E7-B3CE-82BC680F4260', N'INSERT', N'student', N'37CBF44E-756C-4821-945D-A11379993A2C', NULL, NULL, N'216.207.82.236', N'Mozilla/5.0 (Macintosh; Intel Mac OS X 10_15_7) AppleWebKit/537.36', N'2025-01-04 16:04:27'),
(N'49C4289E-29AF-48FE-9E01-59DEAF35B6E0', N'31D2D649-4E09-43FD-9466-889A68D8A711', N'UPDATE', N'student', N'F3AB214A-1282-4C40-8B97-9F8C5832A8AE', NULL, N'{"status": "updated"}', N'221.188.238.45', N'Mozilla/5.0 (X11; Linux x86_64) AppleWebKit/537.36', N'2025-02-08 16:04:27'),
(N'221E0122-01A8-459C-AA7D-FAA6030DDBAB', N'EC9AE4E2-E127-438C-9914-DBBD58F81F24', N'UPDATE', N'student', N'1C14143D-08F0-4C5C-955A-BB12957B8CB3', NULL, N'{"status": "updated"}', N'212.204.44.40', N'Mozilla/5.0 (Windows NT 10.0; Win64; x64) AppleWebKit/537.36', N'2025-09-21 16:04:27'),
(N'5EA5D726-05C4-4FBC-8177-3BEBDEDE8A02', N'9614180A-0320-4E14-B8B6-E2B5A931782A', N'SELECT', N'system_configuration', N'E0391372-3CF3-4A08-A20F-0CA10579B9FC', NULL, NULL, N'234.173.182.73', N'Mozilla/5.0 (X11; Linux x86_64) AppleWebKit/537.36', N'2025-05-29 16:04:27'),
(N'52069338-21AD-4C48-B250-34497F08EA64', N'EC6F16C8-E5AB-4498-9439-5DE9D9D5CCB0', N'SELECT', N'staff', N'2511681F-775F-4740-A413-A95B56DF6749', NULL, NULL, N'233.255.135.63', N'Mozilla/5.0 (Macintosh; Intel Mac OS X 10_15_7) AppleWebKit/537.36', N'2025-05-27 16:04:27'),
(N'8EE51F1D-622E-4C2A-89E1-70C439E1FAFD', N'BDB12CD8-6740-4198-A5F2-389A52B8F6B0', N'INSERT', N'staff', N'EC30A928-BE0B-4BE5-9A5E-A128E0B83F43', NULL, NULL, N'253.184.151.6', N'Mozilla/5.0 (Macintosh; Intel Mac OS X 10_15_7) AppleWebKit/537.36', N'2025-02-18 16:04:27'),
(N'74185D79-4C17-4056-8DAE-FE03AB6A2BA9', N'7C738365-5A0A-486F-AD02-85D22A431855', N'INSERT', N'student', N'4BECC769-703C-4705-853B-CE8CA8409F22', NULL, NULL, N'195.186.183.188', N'Mozilla/5.0 (Macintosh; Intel Mac OS X 10_15_7) AppleWebKit/537.36', N'2025-06-16 16:04:27'),
(N'D7FB5413-90C6-47FA-AA43-561FD3E01F5A', N'5EE4B9D5-C23C-4D00-9AAD-73D4C60CCB93', N'DELETE', N'student', N'7D3BC734-8BE4-4411-AABD-E570D90B3C30', NULL, NULL, N'218.243.150.7', N'Mozilla/5.0 (X11; Linux x86_64) AppleWebKit/537.36', N'2025-05-21 16:04:27'),
(N'E4714C94-1835-4978-A924-31DECF1A1919', N'7F9763C0-89B6-436C-9A7F-7C9F82A74081', N'DELETE', N'user', N'BDD80733-8A6E-4385-A722-16F1B06A12DE', NULL, NULL, N'226.205.151.115', N'Mozilla/5.0 (Macintosh; Intel Mac OS X 10_15_7) AppleWebKit/537.36', N'2025-06-24 16:04:27'),
(N'2EBF8260-CFF4-414D-82A1-82008BD3E383', N'AF8A77B4-8B80-4CE4-8EB6-E22EA5AF073E', N'UPDATE', N'print_job', N'5762E0BA-CD1E-4513-94AC-39F7B3CE8780', NULL, N'{"status": "updated"}', N'243.173.212.115', N'Mozilla/5.0 (Windows NT 10.0; Win64; x64) AppleWebKit/537.36', N'2025-08-03 16:04:27'),
(N'45C70923-DD8B-4959-814F-383D6852D24C', N'B612B279-965D-4A7D-9B5F-00B6640DD220', N'SELECT', N'print_job', N'E20EB636-FB31-4805-95B0-15A7C9C70B07', NULL, NULL, N'252.239.124.193', N'Mozilla/5.0 (Macintosh; Intel Mac OS X 10_15_7) AppleWebKit/537.36', N'2025-07-25 16:04:27'),
(N'647F6CC8-EB52-40B9-BB33-07A16BB42A58', N'82BA62AB-5DFE-4DF7-ADDF-586A173444E0', N'UPDATE', N'user', N'439DE8CB-39F1-4FF9-AD32-F0D1142196B9', NULL, N'{"status": "updated"}', N'218.203.160.24', N'Mozilla/5.0 (Macintosh; Intel Mac OS X 10_15_7) AppleWebKit/537.36', N'2025-10-07 16:04:27'),
(N'D48A30BD-433D-4045-91C1-9ADCD5A3AC98', N'0A0377EC-F5AC-4DC1-B9B9-94DA7F70DDD0', N'UPDATE', N'student', N'C44A8135-5D92-4A11-81FF-2B84B5FCAEC5', NULL, N'{"status": "updated"}', N'196.185.88.214', N'Mozilla/5.0 (X11; Linux x86_64) AppleWebKit/537.36', N'2024-12-29 16:04:27'),
(N'CA551279-0A8A-43A8-A9F0-406CC6BC3EE3', N'B612B279-965D-4A7D-9B5F-00B6640DD220', N'SELECT', N'user', N'7926184A-DCFF-41A7-8642-B0D0AAE09CFB', NULL, NULL, N'236.204.66.161', N'Mozilla/5.0 (X11; Linux x86_64) AppleWebKit/537.36', N'2025-06-25 16:04:27'),
(N'CA28E0BE-7095-46E8-9138-B7D063021780', N'11E45469-7927-455F-B9CE-569E20738D1C', N'UPDATE', N'print_job', N'145B67C9-6468-4F51-9B68-76F6BD4DB79B', NULL, N'{"status": "updated"}', N'214.255.253.219', N'Mozilla/5.0 (X11; Linux x86_64) AppleWebKit/537.36', N'2025-03-06 16:04:27'),
(N'27F592B7-8D34-4A4E-9174-1394A1E59B2B', N'D5A476BC-1880-49F4-A0DE-82E780E3EBC9', N'SELECT', N'system_configuration', N'03F7598F-23F9-4C90-A453-BBD595D434EE', NULL, NULL, N'240.202.148.180', N'Mozilla/5.0 (Macintosh; Intel Mac OS X 10_15_7) AppleWebKit/537.36', N'2025-09-06 16:04:27'),
(N'E8A54770-DF43-47DB-A44B-99D526B78565', N'1D0B1605-8F12-484D-BCDA-1DED73F57EAB', N'INSERT', N'staff', N'4FC8856B-5F33-4DBF-A576-4A83027A48C8', NULL, NULL, N'235.249.21.6', N'Mozilla/5.0 (Windows NT 10.0; Win64; x64) AppleWebKit/537.36', N'2025-06-19 16:04:27'),
(N'BABCE72F-45DF-4DFD-8A09-46C473F96CFD', N'FE009364-19E0-4F5B-A5FE-B5C3458EDAB8', N'SELECT', N'system_configuration', N'CA558BF0-1CA7-42A9-B547-2B7DBB4F4AD5', NULL, NULL, N'242.198.88.68', N'Mozilla/5.0 (Windows NT 10.0; Win64; x64) AppleWebKit/537.36', N'2025-09-14 16:04:27'),
(N'4D4B0227-D3C4-4702-9FA7-3706F1DA6104', N'5C057E90-AC49-46EB-A079-EACFB4990C06', N'UPDATE', N'system_configuration', N'102DA393-FB32-4953-A1A6-E313561F92C4', NULL, N'{"status": "updated"}', N'254.187.106.65', N'Mozilla/5.0 (Windows NT 10.0; Win64; x64) AppleWebKit/537.36', N'2025-04-13 16:04:27'),
(N'D8443986-B0D3-4231-95CC-0357FBE71C5C', N'AF8A77B4-8B80-4CE4-8EB6-E22EA5AF073E', N'INSERT', N'system_configuration', N'D978D46E-94AC-4521-B845-35A1FAECA80F', NULL, NULL, N'254.241.227.8', N'Mozilla/5.0 (X11; Linux x86_64) AppleWebKit/537.36', N'2025-11-03 16:04:27'),
(N'08DEC7C2-BC52-411F-AA34-B115B939A3F8', N'641724A7-ADC2-43E1-B951-E3965949520D', N'DELETE', N'student', N'7EFA736A-8855-4CF0-95EC-BB095091AB8C', NULL, NULL, N'203.182.142.185', N'Mozilla/5.0 (Windows NT 10.0; Win64; x64) AppleWebKit/537.36', N'2025-06-13 16:04:27'),
(N'FD84410D-FDAB-4F5E-B817-5F4D1DB32090', N'9A048112-0810-4FCB-83A2-D099D7818BF2', N'INSERT', N'user', N'21614C42-1749-4C78-AB59-9EDF61F03949', NULL, NULL, N'212.204.177.170', N'Mozilla/5.0 (Windows NT 10.0; Win64; x64) AppleWebKit/537.36', N'2025-09-14 16:04:27'),
(N'CD6F222A-8C25-4798-A439-097598C5E161', N'AF8A77B4-8B80-4CE4-8EB6-E22EA5AF073E', N'INSERT', N'staff', N'61B704AF-BC8E-4BCB-8DA1-DB84BE3F893E', NULL, NULL, N'245.251.99.89', N'Mozilla/5.0 (Windows NT 10.0; Win64; x64) AppleWebKit/537.36', N'2025-04-22 16:04:27'),
(N'8E11708E-7A96-4124-A776-4F70D441E056', N'5961D952-48A0-46F5-94C7-40EDC2BD02C2', N'UPDATE', N'print_job', N'425DE812-43A5-45E6-B049-9972FD7A79CA', NULL, N'{"status": "updated"}', N'248.255.251.237', N'Mozilla/5.0 (Windows NT 10.0; Win64; x64) AppleWebKit/537.36', N'2025-04-23 16:04:27'),
(N'D77C4CF0-DB40-40C0-854B-EA43381BAA67', N'03D849FA-749F-423B-BFA7-CE692C45FFFC', N'DELETE', N'student', N'7958D14F-620B-4D44-B241-B14581F3B13F', NULL, NULL, N'193.171.155.15', N'Mozilla/5.0 (Macintosh; Intel Mac OS X 10_15_7) AppleWebKit/537.36', N'2025-06-26 16:04:27'),
(N'EC072A8A-7EF5-46B0-9BB8-1BF9FBA8EA6F', N'5451F6A1-2B46-4359-9DBA-62C17704B917', N'DELETE', N'student', N'FEA4D3F8-3E29-4FD3-8135-A19F78EC6BB2', NULL, NULL, N'201.210.225.19', N'Mozilla/5.0 (Macintosh; Intel Mac OS X 10_15_7) AppleWebKit/537.36', N'2025-03-27 16:04:27'),
(N'2C62D47A-1F9A-46E0-8773-AC4C35B88DD3', N'29CF77E6-258C-4A86-B78D-2A94DE508564', N'DELETE', N'system_configuration', N'BC665273-5EAC-4E95-9718-8B36E89B4475', NULL, NULL, N'217.241.75.66', N'Mozilla/5.0 (Macintosh; Intel Mac OS X 10_15_7) AppleWebKit/537.36', N'2025-02-20 16:04:27'),
(N'61FD5A96-DD79-4DF1-B4EA-5DBA7920CDEB', N'A7991284-B499-4F1A-8132-CF07FADDA01E', N'DELETE', N'staff', N'53C25248-66CC-4B0B-9A9E-F6A7F36CB2A2', NULL, NULL, N'254.217.236.147', N'Mozilla/5.0 (Windows NT 10.0; Win64; x64) AppleWebKit/537.36', N'2025-06-17 16:04:27'),
(N'0C4427F8-80BC-4D32-AA2E-61B3F0CC8615', N'7643C449-AB14-4D11-80A4-050680AD76BE', N'INSERT', N'student', N'E16818EF-0132-4C4B-A6EB-3A7BD9770F16', NULL, NULL, N'204.218.3.101', N'Mozilla/5.0 (X11; Linux x86_64) AppleWebKit/537.36', N'2025-09-23 16:04:27'),
(N'77244DA8-42AF-44CD-AAEA-B434D2FE86B3', N'85C56CA9-3921-4FDF-8E4D-13DC504FB953', N'INSERT', N'print_job', N'2DA4E826-B644-44F9-8EDF-72E497815848', NULL, NULL, N'213.174.43.250', N'Mozilla/5.0 (Windows NT 10.0; Win64; x64) AppleWebKit/537.36', N'2025-07-21 16:04:27'),
(N'062FBE17-4EA2-4766-A99F-AEC3083D5869', N'B612B279-965D-4A7D-9B5F-00B6640DD220', N'INSERT', N'print_job', N'8389D881-A238-44EC-B795-D81A9ADD8182', NULL, NULL, N'199.186.97.254', N'Mozilla/5.0 (Windows NT 10.0; Win64; x64) AppleWebKit/537.36', N'2025-08-12 16:04:27'),
(N'E1E11D7A-B078-4CC8-B04C-CC90D1375EFE', N'14DBDF83-2717-4A87-92E9-E34551496916', N'UPDATE', N'user', N'44D098D7-88D4-433C-8E49-D071DF7A08E3', NULL, N'{"status": "updated"}', N'226.208.108.240', N'Mozilla/5.0 (X11; Linux x86_64) AppleWebKit/537.36', N'2025-10-01 16:04:27'),
(N'238AB28C-1938-427C-BC04-44D14D0E7955', N'C1707BAF-F87F-4CEB-B656-EEE0D63FB524', N'DELETE', N'student', N'DFDC32E4-6BA3-4B6C-828F-65FCF4106BEA', NULL, NULL, N'215.253.98.140', N'Mozilla/5.0 (Windows NT 10.0; Win64; x64) AppleWebKit/537.36', N'2025-04-20 16:04:27'),
(N'01F5A0EA-8B9D-4FA7-88E2-10E8C9666061', N'BC3BF08F-547C-4367-84F0-A14347C4102C', N'UPDATE', N'staff', N'E4FB9AAF-32EE-4861-B1E3-908EE6A361B5', NULL, N'{"status": "updated"}', N'242.239.52.199', N'Mozilla/5.0 (Macintosh; Intel Mac OS X 10_15_7) AppleWebKit/537.36', N'2025-04-26 16:04:27'),
(N'EBE53974-0CD1-42C8-9E87-73CD7D8E27D7', N'58ACD54C-A625-49EE-AD71-7DCF3FF14E98', N'UPDATE', N'print_job', N'7438FDFB-C189-4186-88CF-AB6F22BF262E', NULL, N'{"status": "updated"}', N'198.254.198.149', N'Mozilla/5.0 (Macintosh; Intel Mac OS X 10_15_7) AppleWebKit/537.36', N'2025-12-05 16:04:27'),
(N'24894A7F-D0CE-470D-989C-41EB97092C94', N'617BE97D-2A5A-4477-A738-D19F47B6D598', N'INSERT', N'print_job', N'9C3E881C-3BCA-4234-A7C2-C29686C3ABC5', NULL, NULL, N'234.197.65.195', N'Mozilla/5.0 (Windows NT 10.0; Win64; x64) AppleWebKit/537.36', N'2025-11-19 16:04:27'),
(N'D40251E3-E847-4ED5-A48A-7A581AEB1A15', N'BDDFAEA1-E79B-401B-AE0C-34F60939BDEF', N'INSERT', N'user', N'3B8206E4-6E4F-4905-B6D1-6BCC1145B3CC', NULL, NULL, N'254.200.162.94', N'Mozilla/5.0 (Windows NT 10.0; Win64; x64) AppleWebKit/537.36', N'2025-11-06 16:04:27'),
(N'06EF5F6C-3586-4F45-AE3D-CE475DBB3C79', N'7643C449-AB14-4D11-80A4-050680AD76BE', N'INSERT', N'staff', N'DE32D333-8021-4460-993B-B4F71D173462', NULL, NULL, N'212.169.86.102', N'Mozilla/5.0 (X11; Linux x86_64) AppleWebKit/537.36', N'2025-02-11 16:04:27'),
(N'53B2F7CA-7004-4E19-91F2-2A1A683F1779', N'86425D44-C804-4D52-8282-AD1DC71093F7', N'INSERT', N'user', N'CF5F4678-3E8B-4252-B2F1-94A677F7C1C4', NULL, NULL, N'236.254.154.139', N'Mozilla/5.0 (X11; Linux x86_64) AppleWebKit/537.36', N'2025-07-18 16:04:27'),
(N'D30EEB26-F560-41E5-A9F4-05278C6D665E', N'58ACD54C-A625-49EE-AD71-7DCF3FF14E98', N'INSERT', N'user', N'EC1D3F2C-4307-40EF-9E06-74484C0C0E25', NULL, NULL, N'221.190.82.135', N'Mozilla/5.0 (X11; Linux x86_64) AppleWebKit/537.36', N'2025-03-17 16:04:27'),
(N'0A2AD7BD-1379-4056-ACDE-6C6059EA0BAD', N'E7734040-EA11-4499-B971-8D5B916161C8', N'DELETE', N'staff', N'3F1ED2ED-7857-4C46-AA02-0A271755AAD4', NULL, NULL, N'230.198.47.8', N'Mozilla/5.0 (Windows NT 10.0; Win64; x64) AppleWebKit/537.36', N'2025-01-30 16:04:27'),
(N'710CDCBA-B7CC-41C7-B1CE-F1FA3D2A999A', N'12732482-1A4C-4E9F-A0C6-09B65B7268E8', N'SELECT', N'print_job', N'0BFC963D-878B-4267-81F4-8A64974F5889', NULL, NULL, N'197.213.57.163', N'Mozilla/5.0 (Windows NT 10.0; Win64; x64) AppleWebKit/537.36', N'2025-07-19 16:04:27'),
(N'AE524A76-4F4A-455C-9B7F-DB6A24C69708', N'10A3C250-3D43-4BF0-B06A-AF8DF7CE2C80', N'INSERT', N'staff', N'BC8BBF50-6D27-4DE3-8445-180D99ED819D', NULL, NULL, N'231.171.64.106', N'Mozilla/5.0 (Macintosh; Intel Mac OS X 10_15_7) AppleWebKit/537.36', N'2025-04-24 16:04:27'),
(N'5B4E5C18-387A-4B3C-B6EE-B3FD0E10AE00', N'840B6566-9FC7-4E30-AD0F-C47A3C877F46', N'DELETE', N'user', N'28FD3FAC-62E9-4377-AFD6-8833EEFCA5D3', NULL, NULL, N'245.193.105.134', N'Mozilla/5.0 (X11; Linux x86_64) AppleWebKit/537.36', N'2025-02-11 16:04:27'),
(N'5B4BCE06-A02F-43B8-9A39-1A7823D83B74', N'EC6F16C8-E5AB-4498-9439-5DE9D9D5CCB0', N'INSERT', N'user', N'FEE9D95E-8F06-4060-95CE-076AA97371E6', NULL, NULL, N'245.210.55.200', N'Mozilla/5.0 (Macintosh; Intel Mac OS X 10_15_7) AppleWebKit/537.36', N'2025-06-16 16:04:27'),
(N'1FB81649-F0C0-4C0D-BCDA-876D5811A252', N'745E6461-C292-46A6-80D3-1D8526022FB6', N'DELETE', N'user', N'1896B8E2-7315-400F-BD7C-1137D040A516', NULL, NULL, N'235.210.218.251', N'Mozilla/5.0 (Macintosh; Intel Mac OS X 10_15_7) AppleWebKit/537.36', N'2025-01-30 16:04:27'),
(N'E0942AA9-AE9F-4F9C-8311-D0F6F8A570B7', N'14DBDF83-2717-4A87-92E9-E34551496916', N'SELECT', N'student', N'F23BE0B7-BC51-4530-A47E-F600C8622270', NULL, NULL, N'205.183.131.83', N'Mozilla/5.0 (Macintosh; Intel Mac OS X 10_15_7) AppleWebKit/537.36', N'2025-02-14 16:04:27'),
(N'7585DE3E-4925-4235-B304-49EA50A31758', N'694027FC-8213-4365-BE48-E6BEF174483D', N'UPDATE', N'system_configuration', N'84C2587B-A331-427D-AD9B-7C41D5D704BD', NULL, N'{"status": "updated"}', N'197.193.171.179', N'Mozilla/5.0 (X11; Linux x86_64) AppleWebKit/537.36', N'2025-10-09 16:04:27'),
(N'1DE04217-980C-44AA-B743-1FA3F2C1909B', N'1D0B1605-8F12-484D-BCDA-1DED73F57EAB', N'UPDATE', N'system_configuration', N'E6DEA740-7B32-4E1B-90D4-43AE959C771A', NULL, N'{"status": "updated"}', N'250.230.213.211', N'Mozilla/5.0 (X11; Linux x86_64) AppleWebKit/537.36', N'2025-07-30 16:04:27'),
(N'F7C9F639-453B-46EC-BD72-D0F7C2B25E7A', N'542A50ED-0F9E-47C2-9216-07C0D29FFF50', N'UPDATE', N'print_job', N'39AF0073-798E-4403-B0BC-986EB8A125C5', NULL, N'{"status": "updated"}', N'224.195.27.139', N'Mozilla/5.0 (Macintosh; Intel Mac OS X 10_15_7) AppleWebKit/537.36', N'2025-01-04 16:04:27'),
(N'EF91FFAC-026E-4000-A132-2F9EEC6F4D35', N'A3CA59C1-180A-428A-9CB4-18B4298AF71A', N'UPDATE', N'system_configuration', N'23A1BD75-885C-44EC-850A-639D5978CA9E', NULL, N'{"status": "updated"}', N'204.224.114.98', N'Mozilla/5.0 (Windows NT 10.0; Win64; x64) AppleWebKit/537.36', N'2025-07-20 16:04:27'),
(N'02F32D56-6DA6-497F-A466-F047A8524F6B', N'BBB2CA33-7D39-480D-80D6-4D69BB31A80C', N'INSERT', N'student', N'D3660A58-0035-4EC2-A7B2-1A3CE54D89EB', NULL, NULL, N'244.212.8.36', N'Mozilla/5.0 (X11; Linux x86_64) AppleWebKit/537.36', N'2025-03-03 16:04:27'),
(N'BF0D8339-B72F-43D5-9778-CE0A0CCECB0F', N'94E8878D-BC0C-4BF3-B16A-CC93CC888B2F', N'SELECT', N'user', N'FAAD0178-12B5-442F-9568-C6D92463EE9D', NULL, NULL, N'228.201.212.233', N'Mozilla/5.0 (X11; Linux x86_64) AppleWebKit/537.36', N'2025-09-27 16:04:27'),
(N'5CA895CC-B291-40B4-BAA7-A05C36552095', N'542A50ED-0F9E-47C2-9216-07C0D29FFF50', N'INSERT', N'student', N'AC0EBCE8-F35C-4273-B843-097C8B553AAD', NULL, NULL, N'208.201.87.232', N'Mozilla/5.0 (Windows NT 10.0; Win64; x64) AppleWebKit/537.36', N'2025-04-12 16:04:27'),
(N'FE940193-B0E0-45F7-B613-11F5E12EA656', N'6AF12348-2C4F-446A-96BA-864B9EAC32A2', N'SELECT', N'print_job', N'EE038F5F-0371-430C-A477-483EA3924D07', NULL, NULL, N'222.225.160.22', N'Mozilla/5.0 (Macintosh; Intel Mac OS X 10_15_7) AppleWebKit/537.36', N'2025-05-10 16:04:27'),
(N'54F26142-25F3-4A0F-8CAC-047A813C894A', N'D95BE64B-13B1-4FA8-93B4-9E590A7C33DE', N'INSERT', N'print_job', N'0814AC45-43E9-48A0-817B-A8B5F6AB598D', NULL, NULL, N'220.207.15.167', N'Mozilla/5.0 (Windows NT 10.0; Win64; x64) AppleWebKit/537.36', N'2025-07-07 16:04:27'),
(N'DB7724D6-2F3F-4BDD-A38F-A6B21B627D63', N'7E8DC29D-EBE9-435B-A8BD-30328B21CD66', N'INSERT', N'print_job', N'431C2774-3DBE-4661-849E-283155031BDB', NULL, NULL, N'196.225.240.111', N'Mozilla/5.0 (Windows NT 10.0; Win64; x64) AppleWebKit/537.36', N'2025-10-22 16:04:27'),
(N'859BA434-2E47-4EE6-8F7F-C7C45C29DF25', N'10A3C250-3D43-4BF0-B06A-AF8DF7CE2C80', N'DELETE', N'user', N'187CC61D-9E4A-4D52-9D80-D80BFCC84D9D', NULL, NULL, N'236.248.18.223', N'Mozilla/5.0 (Macintosh; Intel Mac OS X 10_15_7) AppleWebKit/537.36', N'2025-05-10 16:04:27'),
(N'EA739B76-8733-4FB1-9228-423ACA3D1315', N'1D0B1605-8F12-484D-BCDA-1DED73F57EAB', N'SELECT', N'student', N'16D6B227-FA9B-4D30-83D1-05C66B84FD6C', NULL, NULL, N'229.223.27.82', N'Mozilla/5.0 (X11; Linux x86_64) AppleWebKit/537.36', N'2025-10-13 16:04:27'),
(N'2BE37CDD-8706-408B-9AD2-1061613000D2', N'022C2233-8975-4DAE-9C01-15D06D2D4473', N'SELECT', N'user', N'092F56C7-C3BF-4650-8832-9DD4F34E8EB6', NULL, NULL, N'249.217.251.195', N'Mozilla/5.0 (Windows NT 10.0; Win64; x64) AppleWebKit/537.36', N'2025-10-01 16:04:27'),
(N'E07F8514-652A-49CF-BCFE-CE946463D2AA', N'82BA62AB-5DFE-4DF7-ADDF-586A173444E0', N'INSERT', N'user', N'0D11B5CA-0C8D-4F3A-9809-5FA235221DC0', NULL, NULL, N'238.236.204.85', N'Mozilla/5.0 (Macintosh; Intel Mac OS X 10_15_7) AppleWebKit/537.36', N'2025-05-07 16:04:27'),
(N'B81D9071-2DBD-4CFB-B727-F166BA479195', N'1D0B1605-8F12-484D-BCDA-1DED73F57EAB', N'DELETE', N'student', N'8AF7D186-A565-4B47-8E70-28367FE2C586', NULL, NULL, N'194.221.10.139', N'Mozilla/5.0 (Macintosh; Intel Mac OS X 10_15_7) AppleWebKit/537.36', N'2025-07-27 16:04:27'),
(N'D2941867-F71B-43BF-849B-78261CBABB6B', N'CF9D301F-D85C-45A8-AFF5-AA94157E0265', N'DELETE', N'student', N'2412C48B-AD9F-4B94-9C81-12E80D413040', NULL, NULL, N'228.200.191.80', N'Mozilla/5.0 (Windows NT 10.0; Win64; x64) AppleWebKit/537.36', N'2025-08-06 16:04:27'),
(N'C4EAE902-F422-4280-B394-33A208C908E8', N'0C18EE20-B812-4001-B47D-D5AAEA636743', N'INSERT', N'staff', N'28F23E0D-258E-4EA5-A49F-A340D8C0D950', NULL, NULL, N'206.227.33.59', N'Mozilla/5.0 (Windows NT 10.0; Win64; x64) AppleWebKit/537.36', N'2025-04-19 16:04:27'),
(N'6FEC09C3-97E8-4EBD-BCC7-1367D95AA262', N'2FACAAFB-7371-4FAE-9F58-4C0B3B1AD9D0', N'INSERT', N'student', N'02EA6811-B16B-4273-B673-824B77B579DB', NULL, NULL, N'230.253.221.152', N'Mozilla/5.0 (Macintosh; Intel Mac OS X 10_15_7) AppleWebKit/537.36', N'2025-11-05 16:04:27'),
(N'2A6CA7C7-C80F-4802-AF80-05AFB2C49D3D', N'03D849FA-749F-423B-BFA7-CE692C45FFFC', N'INSERT', N'print_job', N'0FB27A7A-BB07-4EBD-A5A3-79BE7F7714CD', NULL, NULL, N'228.214.74.40', N'Mozilla/5.0 (Macintosh; Intel Mac OS X 10_15_7) AppleWebKit/537.36', N'2025-10-14 16:04:27'),
(N'177ECE53-02CD-496E-8A3C-115B8FAB8097', N'62DC0669-E900-4AB7-8EB9-30AF519543CE', N'SELECT', N'student', N'7E18B516-97F2-4016-B5AD-B362E3D29D38', NULL, NULL, N'220.227.1.158', N'Mozilla/5.0 (X11; Linux x86_64) AppleWebKit/537.36', N'2025-10-01 16:04:27'),
(N'44FDB3E0-6E96-4FF9-884A-AAA6571073D8', N'542A50ED-0F9E-47C2-9216-07C0D29FFF50', N'UPDATE', N'user', N'9A376514-82F1-43A9-BBAB-1A4734ECFFF4', NULL, N'{"status": "updated"}', N'205.233.118.73', N'Mozilla/5.0 (Macintosh; Intel Mac OS X 10_15_7) AppleWebKit/537.36', N'2025-07-26 16:04:27'),
(N'8F49F506-5BB6-4D69-AF2F-C95B244A05D2', N'840B6566-9FC7-4E30-AD0F-C47A3C877F46', N'SELECT', N'user', N'8B239942-2487-42C0-9E4D-714DE74ED6A2', NULL, NULL, N'207.248.244.116', N'Mozilla/5.0 (X11; Linux x86_64) AppleWebKit/537.36', N'2025-07-10 16:04:27'),
(N'E8E700E6-1E67-4465-A47B-BB24C1202775', N'B0689F50-4E63-4559-BD50-CFC7B567A022', N'DELETE', N'student', N'FC5E0DF2-2B57-44A1-9366-E18FA921CCAD', NULL, NULL, N'236.170.124.213', N'Mozilla/5.0 (Macintosh; Intel Mac OS X 10_15_7) AppleWebKit/537.36', N'2025-08-10 16:04:27'),
(N'4C1E2BC9-3486-4564-84D9-99E6662695A7', N'13A20AB2-05DB-44A8-AE8F-061849A096F1', N'DELETE', N'system_configuration', N'79A3CF43-EDB4-4097-AB30-66684538C870', NULL, NULL, N'231.220.101.84', N'Mozilla/5.0 (Windows NT 10.0; Win64; x64) AppleWebKit/537.36', N'2025-06-01 16:04:27'),
(N'54A30CAE-72FB-4B4F-A80A-353255F7F4A8', N'12732482-1A4C-4E9F-A0C6-09B65B7268E8', N'SELECT', N'user', N'DDD39F11-B8C7-48FC-9834-F0F3A9E56089', NULL, NULL, N'240.240.10.217', N'Mozilla/5.0 (Windows NT 10.0; Win64; x64) AppleWebKit/537.36', N'2025-08-27 16:04:27'),
(N'638A9084-74A0-498B-B75A-346D7ACB10D8', N'74BD4758-4944-44DB-993D-BDBA558A0EEF', N'UPDATE', N'student', N'47A16B5B-8849-45C9-83D9-9278496CECA7', NULL, N'{"status": "updated"}', N'223.221.142.115', N'Mozilla/5.0 (X11; Linux x86_64) AppleWebKit/537.36', N'2025-08-26 16:04:27'),
(N'78A82FEB-8EAA-4507-8A6C-78994A6B0A58', N'14DBDF83-2717-4A87-92E9-E34551496916', N'DELETE', N'staff', N'BD23333D-48BE-4537-8975-5088042E328D', NULL, NULL, N'253.184.179.37', N'Mozilla/5.0 (Windows NT 10.0; Win64; x64) AppleWebKit/537.36', N'2025-06-20 16:04:27'),
(N'C91736CE-EA09-4103-A8E3-CA4A514C4562', N'03D849FA-749F-423B-BFA7-CE692C45FFFC', N'DELETE', N'system_configuration', N'1716532C-9516-4E91-BD7B-4BBED6DB562E', NULL, NULL, N'250.214.189.71', N'Mozilla/5.0 (Windows NT 10.0; Win64; x64) AppleWebKit/537.36', N'2025-12-13 16:04:27'),
(N'42758ACA-2094-4EE0-B5EF-E98C1CBE8E07', N'A341A0D8-57FE-4CF1-A57C-62CD2094DC26', N'UPDATE', N'print_job', N'539AE933-C6B2-4C16-8960-F539A185D037', NULL, N'{"status": "updated"}', N'207.218.109.56', N'Mozilla/5.0 (X11; Linux x86_64) AppleWebKit/537.36', N'2025-09-14 16:04:27'),
(N'C5426C03-ADE4-486C-A863-872939ADF30E', N'5EE4B9D5-C23C-4D00-9AAD-73D4C60CCB93', N'INSERT', N'student', N'F40A6342-8737-48B1-BB0F-949A62A8275E', NULL, NULL, N'223.172.165.158', N'Mozilla/5.0 (X11; Linux x86_64) AppleWebKit/537.36', N'2025-05-15 16:04:27'),
(N'A37A30A9-E977-4A91-AEEC-9FF1A771027D', N'5C057E90-AC49-46EB-A079-EACFB4990C06', N'UPDATE', N'staff', N'BEAD6764-21E0-44DE-8D35-3DFA9B6E978F', NULL, N'{"status": "updated"}', N'205.237.45.118', N'Mozilla/5.0 (Windows NT 10.0; Win64; x64) AppleWebKit/537.36', N'2025-04-28 16:04:27'),
(N'4E524BC3-49D9-4DF3-8CBB-59ACEF11B953', N'80347045-0410-4857-8AB3-3688B4AC7863', N'SELECT', N'system_configuration', N'1B61DA96-8C06-42A8-AA10-6E0CF3B87D93', NULL, NULL, N'237.245.91.228', N'Mozilla/5.0 (X11; Linux x86_64) AppleWebKit/537.36', N'2025-12-13 16:04:27'),
(N'532B799B-7F66-4C82-9FC8-1BFCD1F8D747', N'EC9AE4E2-E127-438C-9914-DBBD58F81F24', N'INSERT', N'staff', N'0F75D923-6DE4-40FE-8100-CD571CCD6864', NULL, NULL, N'247.211.139.249', N'Mozilla/5.0 (Macintosh; Intel Mac OS X 10_15_7) AppleWebKit/537.36', N'2025-07-25 16:04:27'),
(N'1709C924-791F-45FF-B51C-FA67EEADD142', N'12732482-1A4C-4E9F-A0C6-09B65B7268E8', N'DELETE', N'student', N'63CE899F-70CD-4D44-A5BB-B5907910E893', NULL, NULL, N'217.203.203.221', N'Mozilla/5.0 (X11; Linux x86_64) AppleWebKit/537.36', N'2025-12-03 16:04:27'),
(N'CA059B18-E0D2-4854-BC0E-F13C88051030', N'A87DACDD-DBFE-4CBE-90ED-92BA096A0319', N'INSERT', N'system_configuration', N'BC6DB2DF-FAEF-457F-BAF0-F607EE768893', NULL, NULL, N'226.227.247.107', N'Mozilla/5.0 (X11; Linux x86_64) AppleWebKit/537.36', N'2025-08-27 16:04:27'),
(N'B270779E-E009-4447-B6FC-4AE0C99C55D8', N'8E6349C1-5A68-498B-A573-62EA95164278', N'UPDATE', N'print_job', N'69FA03C1-F470-4918-9F09-972776D2A054', NULL, N'{"status": "updated"}', N'235.225.207.17', N'Mozilla/5.0 (Macintosh; Intel Mac OS X 10_15_7) AppleWebKit/537.36', N'2025-02-19 16:04:27'),
(N'4E5622E8-145D-4C88-A13E-F3F22F253E41', N'E2A979AB-773C-4DBD-BAD5-65943EDC5F50', N'DELETE', N'print_job', N'651BD93B-DF8C-48EA-94DA-4B2C327FC4F9', NULL, NULL, N'239.200.176.3', N'Mozilla/5.0 (Windows NT 10.0; Win64; x64) AppleWebKit/537.36', N'2025-06-05 16:04:27'),
(N'6F08FD9E-9A0E-44AA-8B65-81E8C7C83DB9', N'A87DACDD-DBFE-4CBE-90ED-92BA096A0319', N'DELETE', N'print_job', N'CDD57B52-6752-44E4-94B9-55452C716881', NULL, NULL, N'208.245.73.232', N'Mozilla/5.0 (X11; Linux x86_64) AppleWebKit/537.36', N'2025-05-06 16:04:27'),
(N'0C00E759-BF0D-4E20-ACDD-C59D3BAC2875', N'10A3C250-3D43-4BF0-B06A-AF8DF7CE2C80', N'UPDATE', N'system_configuration', N'B9A91F25-0A49-429A-8CD8-1943322FA68A', NULL, N'{"status": "updated"}', N'192.221.161.27', N'Mozilla/5.0 (Macintosh; Intel Mac OS X 10_15_7) AppleWebKit/537.36', N'2025-08-14 16:04:27'),
(N'B874BA41-6213-4087-ADC4-20EB322946EF', N'E15E457D-7E6B-4678-8F33-7143E0048299', N'SELECT', N'user', N'69D77DF4-6EB8-44C6-99BB-8C1ADEEA72BD', NULL, NULL, N'251.176.12.158', N'Mozilla/5.0 (X11; Linux x86_64) AppleWebKit/537.36', N'2025-01-26 16:04:27'),
(N'94AFFACB-42EB-4EA2-A40E-CE060033C0C9', N'1882BF3F-F76F-4D48-8319-DF05A22FFE07', N'INSERT', N'student', N'C4A8D597-D1AB-42C6-9892-E6369E275DE7', NULL, NULL, N'233.238.55.43', N'Mozilla/5.0 (Windows NT 10.0; Win64; x64) AppleWebKit/537.36', N'2025-03-25 16:04:27'),
(N'2D926724-F514-4EE3-8154-81180A8A893D', N'840B6566-9FC7-4E30-AD0F-C47A3C877F46', N'INSERT', N'staff', N'E306CDE7-6675-4579-B35E-F3E221BD95E8', NULL, NULL, N'238.169.34.160', N'Mozilla/5.0 (X11; Linux x86_64) AppleWebKit/537.36', N'2025-11-18 16:04:27'),
(N'E8EB47E6-6338-4698-A4B6-728427440487', N'9ACAE340-69E5-465A-93D3-69E0D781820A', N'INSERT', N'print_job', N'787CBDFB-8A24-4F31-B1F6-BCD2494F67CF', NULL, NULL, N'227.241.39.207', N'Mozilla/5.0 (Macintosh; Intel Mac OS X 10_15_7) AppleWebKit/537.36', N'2025-09-20 16:04:27'),
(N'219906FB-EEAC-4310-A224-AA55488C5F2B', N'7822534D-94AE-4CBA-AA77-A11465843A35', N'UPDATE', N'staff', N'06F43451-E9D2-421F-AD82-BF420989C657', NULL, N'{"status": "updated"}', N'244.180.80.7', N'Mozilla/5.0 (Macintosh; Intel Mac OS X 10_15_7) AppleWebKit/537.36', N'2025-11-11 16:04:27'),
(N'CB3463D4-CB05-4D60-9CF5-8B9F383FFF8C', N'9ACAE340-69E5-465A-93D3-69E0D781820A', N'INSERT', N'user', N'7A1B66C6-E738-4EFF-99CD-F83F02E06E6D', NULL, NULL, N'246.211.173.125', N'Mozilla/5.0 (Macintosh; Intel Mac OS X 10_15_7) AppleWebKit/537.36', N'2025-05-30 16:04:27'),
(N'AF10B752-DAE6-4576-8159-CD7752B14AE6', N'18C717AB-83F3-4D15-AA08-6E19B2552B24', N'UPDATE', N'user', N'8A6D5746-E961-4F3E-86E2-7BAE353A7024', NULL, N'{"status": "updated"}', N'253.254.40.22', N'Mozilla/5.0 (X11; Linux x86_64) AppleWebKit/537.36', N'2025-05-18 16:04:27'),
(N'704F3D64-F6B2-4200-BE1D-A10E8257E310', N'DA4259F4-4CCC-450C-B6BE-8B983033EDD9', N'SELECT', N'user', N'D6C27DCA-A832-457A-A0C7-FA9F5F3CDC52', NULL, NULL, N'250.230.245.150', N'Mozilla/5.0 (Macintosh; Intel Mac OS X 10_15_7) AppleWebKit/537.36', N'2025-08-24 16:04:27'),
(N'0E5B326C-EE75-46B1-8908-BBC06559DD9F', N'58ACD54C-A625-49EE-AD71-7DCF3FF14E98', N'SELECT', N'system_configuration', N'3E747752-5841-4748-B9A3-2E66A82C2E88', NULL, NULL, N'232.178.139.229', N'Mozilla/5.0 (Macintosh; Intel Mac OS X 10_15_7) AppleWebKit/537.36', N'2025-10-28 16:04:27'),
(N'D5B00C64-D98F-433C-8272-9F6B32257657', N'10A3C250-3D43-4BF0-B06A-AF8DF7CE2C80', N'DELETE', N'staff', N'E29A2320-4AFA-44AA-A6AC-0DA49D9617CC', NULL, NULL, N'223.228.255.51', N'Mozilla/5.0 (Windows NT 10.0; Win64; x64) AppleWebKit/537.36', N'2025-06-03 16:04:27'),
(N'750553D5-9ECC-42B1-98FD-FF8E08014449', N'FE009364-19E0-4F5B-A5FE-B5C3458EDAB8', N'UPDATE', N'student', N'9E6CDB5B-9D79-46CD-86CD-5E769AABC85B', NULL, N'{"status": "updated"}', N'253.222.57.178', N'Mozilla/5.0 (Windows NT 10.0; Win64; x64) AppleWebKit/537.36', N'2025-05-06 16:04:27'),
(N'D087E74D-C8FD-4285-BEC7-EB6C0A870531', N'6D8BB00D-C895-4F95-879E-4ABE36E7C4A2', N'DELETE', N'staff', N'C0DB177F-4704-4927-8715-482A4B173747', NULL, NULL, N'213.235.183.91', N'Mozilla/5.0 (Macintosh; Intel Mac OS X 10_15_7) AppleWebKit/537.36', N'2025-11-19 16:04:27'),
(N'EF442C4A-C0BB-4D86-9ECF-9C9A91320F84', N'0A0377EC-F5AC-4DC1-B9B9-94DA7F70DDD0', N'DELETE', N'print_job', N'41282B0D-5E43-4854-8C61-FAAF86BA1F16', NULL, NULL, N'235.168.183.8', N'Mozilla/5.0 (Macintosh; Intel Mac OS X 10_15_7) AppleWebKit/537.36', N'2025-03-17 16:04:27'),
(N'73A2F98B-077B-4FCE-8BF6-BFDC75B16F72', N'A87DACDD-DBFE-4CBE-90ED-92BA096A0319', N'INSERT', N'print_job', N'FBEF67AA-0006-42DA-885B-342A4763B222', NULL, NULL, N'221.228.255.90', N'Mozilla/5.0 (Windows NT 10.0; Win64; x64) AppleWebKit/537.36', N'2025-04-06 16:04:27'),
(N'75CFCADD-4B0C-4D33-811C-4CD5E605A16E', N'E40DA9EA-5268-4A2C-A1D4-B5BDC37EE86A', N'DELETE', N'staff', N'0FB7F9EB-D0E3-4B22-A34B-07EE62A9C43F', NULL, NULL, N'233.201.120.132', N'Mozilla/5.0 (Macintosh; Intel Mac OS X 10_15_7) AppleWebKit/537.36', N'2025-09-02 16:04:27'),
(N'70D6F3E5-BBAA-49FE-B94F-5B121FC5774D', N'A3CA59C1-180A-428A-9CB4-18B4298AF71A', N'SELECT', N'user', N'29FF8BF8-A530-48E1-86DB-FAAB6C0AEEA2', NULL, NULL, N'231.236.205.206', N'Mozilla/5.0 (Windows NT 10.0; Win64; x64) AppleWebKit/537.36', N'2025-09-09 16:04:27'),
(N'0D58BE56-CFFA-4F78-8C7A-E7C546D4A004', N'28A24306-65C3-4488-9AB9-D79C3F6DE766', N'INSERT', N'staff', N'D2F9D214-26FF-4D19-AD2D-EB9CFD0B53BD', NULL, NULL, N'193.213.228.46', N'Mozilla/5.0 (Macintosh; Intel Mac OS X 10_15_7) AppleWebKit/537.36', N'2025-02-06 16:04:27'),
(N'9AE9310A-2288-4C0A-8A55-5E1CFE7A367E', N'C5BA98C9-DA7B-4BD9-9149-AEEE1CF272F9', N'DELETE', N'student', N'8D13FA47-8CEE-4B6D-A503-18277985A6AD', NULL, NULL, N'232.212.255.36', N'Mozilla/5.0 (X11; Linux x86_64) AppleWebKit/537.36', N'2025-07-18 16:04:27'),
(N'30228DF0-E600-4992-9CED-5D474801D22D', N'CD46E053-C9E8-4E92-B267-09D50A2F233B', N'UPDATE', N'print_job', N'82E0445E-F8A7-4052-8CBF-A1D16A7B430E', NULL, N'{"status": "updated"}', N'239.173.221.1', N'Mozilla/5.0 (X11; Linux x86_64) AppleWebKit/537.36', N'2025-03-15 16:04:27'),
(N'3859CA49-3AB9-4292-903C-7847E5270805', N'B0689F50-4E63-4559-BD50-CFC7B567A022', N'SELECT', N'system_configuration', N'F2D429DB-D8AC-4177-A524-F840E884F736', NULL, NULL, N'219.187.31.204', N'Mozilla/5.0 (X11; Linux x86_64) AppleWebKit/537.36', N'2025-04-17 16:04:27'),
(N'3E0D705E-7419-455F-BF9E-49CEB96C8714', N'7F7B0661-EE04-47EA-99B7-AA7FEC43AD1E', N'INSERT', N'staff', N'C13B8ECC-480C-437E-836B-551B7330BCF4', NULL, NULL, N'205.187.70.63', N'Mozilla/5.0 (X11; Linux x86_64) AppleWebKit/537.36', N'2025-01-17 16:04:27'),
(N'9AF6500F-B499-4E1C-913D-958F1C834F06', N'C1707BAF-F87F-4CEB-B656-EEE0D63FB524', N'DELETE', N'user', N'2598CDCF-B958-4F06-B638-A1477B6DA50F', NULL, NULL, N'205.180.145.173', N'Mozilla/5.0 (X11; Linux x86_64) AppleWebKit/537.36', N'2025-07-26 16:04:27'),
(N'5A76AF56-0B6F-47D8-92E7-167F8CA5FD22', N'5471A457-799E-45F5-A584-0A9AB14A4B9A', N'UPDATE', N'staff', N'3F0A7859-BF8C-4296-8692-2BE3E3C2506E', NULL, N'{"status": "updated"}', N'230.215.125.207', N'Mozilla/5.0 (Macintosh; Intel Mac OS X 10_15_7) AppleWebKit/537.36', N'2025-10-19 16:04:27'),
(N'35BC6023-03C0-409F-A493-6385E15BF237', N'C1707BAF-F87F-4CEB-B656-EEE0D63FB524', N'INSERT', N'staff', N'231B238D-9503-499C-BFAB-61CA5A5D511A', NULL, NULL, N'253.206.52.103', N'Mozilla/5.0 (Windows NT 10.0; Win64; x64) AppleWebKit/537.36', N'2025-11-03 16:04:27'),
(N'B55AC84B-A8EA-46C4-9DCD-B01E41D905A5', N'EC9AE4E2-E127-438C-9914-DBBD58F81F24', N'SELECT', N'student', N'72039A6F-62BA-4EBD-8A07-FFB664F96433', NULL, NULL, N'196.249.187.72', N'Mozilla/5.0 (X11; Linux x86_64) AppleWebKit/537.36', N'2025-05-15 16:04:27'),
(N'F564F27E-E276-4F7D-AE00-795D243362B6', N'009704E0-7C9D-48E7-B3CE-82BC680F4260', N'DELETE', N'staff', N'A802E739-83AD-4854-8A9C-5E001A9295D9', NULL, NULL, N'228.193.89.122', N'Mozilla/5.0 (Windows NT 10.0; Win64; x64) AppleWebKit/537.36', N'2025-06-17 16:04:27'),
(N'86F9B083-DD11-4B95-9C0F-FF0BF4CB9CAA', N'13A20AB2-05DB-44A8-AE8F-061849A096F1', N'UPDATE', N'system_configuration', N'25984D97-435A-48FE-8BD3-136E13FE0EF1', NULL, N'{"status": "updated"}', N'237.170.109.153', N'Mozilla/5.0 (Macintosh; Intel Mac OS X 10_15_7) AppleWebKit/537.36', N'2025-04-07 16:04:27'),
(N'5B632014-457D-4DB2-B35F-5DD38F60E3E8', N'571F7E25-679A-4F7F-847B-65B854899561', N'DELETE', N'system_configuration', N'0ADAAA50-0D92-4712-818A-F2B86571E431', NULL, NULL, N'221.220.163.62', N'Mozilla/5.0 (Windows NT 10.0; Win64; x64) AppleWebKit/537.36', N'2025-02-28 16:04:27'),
(N'EE744617-5969-420B-B0B5-1EB0C0251B55', N'86425D44-C804-4D52-8282-AD1DC71093F7', N'DELETE', N'print_job', N'D961AAC8-F7F1-4E88-BCA3-DB4A489DB3A6', NULL, NULL, N'217.174.99.98', N'Mozilla/5.0 (Windows NT 10.0; Win64; x64) AppleWebKit/537.36', N'2025-10-04 16:04:27'),
(N'D8875EB0-8B6C-42EA-92CB-FCDF8D124A5F', N'4A0EEA51-4A27-4064-A103-4B89E7FFCE6F', N'SELECT', N'print_job', N'ED23B3A0-7E40-4AEE-89A5-D03861AB19E1', NULL, NULL, N'221.202.240.58', N'Mozilla/5.0 (Macintosh; Intel Mac OS X 10_15_7) AppleWebKit/537.36', N'2025-12-24 16:04:27'),
(N'231F4F58-7B0D-4D65-8194-3DD8DA0B875B', N'B6A04916-DE9E-4705-A185-AF90719B6C8B', N'SELECT', N'print_job', N'E4710231-6766-4C11-A3CA-F25E3CBE1CC9', NULL, NULL, N'249.195.1.166', N'Mozilla/5.0 (Macintosh; Intel Mac OS X 10_15_7) AppleWebKit/537.36', N'2025-04-23 16:04:27'),
(N'00FE406F-AE48-4461-9D53-AB45D9EBD76B', N'BB9E9339-7C45-48F2-95C2-7E0CB6B7F9FF', N'DELETE', N'system_configuration', N'52FC5F81-85AA-4CEF-8DA5-A64B589080D5', NULL, NULL, N'236.222.187.22', N'Mozilla/5.0 (Windows NT 10.0; Win64; x64) AppleWebKit/537.36', N'2025-09-21 16:04:27'),
(N'D75B021C-BF7F-4C05-8681-B164C19F5D96', N'62DC0669-E900-4AB7-8EB9-30AF519543CE', N'INSERT', N'student', N'372B24F2-E9CC-48AA-9F52-B89CD74A17DA', NULL, NULL, N'211.236.22.197', N'Mozilla/5.0 (X11; Linux x86_64) AppleWebKit/537.36', N'2025-08-01 16:04:27'),
(N'0DA7616D-7593-431C-ABF6-7D3FDE7C1C92', N'7F7B0661-EE04-47EA-99B7-AA7FEC43AD1E', N'INSERT', N'staff', N'ACBA22B5-DE70-405B-A0F0-11DB851BF312', NULL, NULL, N'235.202.201.168', N'Mozilla/5.0 (Macintosh; Intel Mac OS X 10_15_7) AppleWebKit/537.36', N'2025-07-14 16:04:27'),
(N'DC1AF991-1BFD-446C-AB7B-6471D6C66F8F', N'840B6566-9FC7-4E30-AD0F-C47A3C877F46', N'SELECT', N'staff', N'4E11672D-653F-40FE-AED1-87135115C069', NULL, NULL, N'248.193.137.232', N'Mozilla/5.0 (X11; Linux x86_64) AppleWebKit/537.36', N'2025-01-21 16:04:27'),
(N'DBFBBC8D-691E-4CBA-8BA5-A36762AF9377', N'C1707BAF-F87F-4CEB-B656-EEE0D63FB524', N'UPDATE', N'print_job', N'363B9A3C-1D62-4268-937C-C08935BB101A', NULL, N'{"status": "updated"}', N'206.245.52.128', N'Mozilla/5.0 (X11; Linux x86_64) AppleWebKit/537.36', N'2025-11-30 16:04:27'),
(N'F47A8351-1805-492D-9833-04886998EA9B', N'F59E973A-F086-49D1-A11E-139D9A617C64', N'UPDATE', N'student', N'3CFEFBE5-7EAB-4337-8B49-6AE297B4FE48', NULL, N'{"status": "updated"}', N'234.187.7.46', N'Mozilla/5.0 (Windows NT 10.0; Win64; x64) AppleWebKit/537.36', N'2025-11-12 16:04:27'),
(N'E1AE9863-D3FB-46C8-B0D0-B57545A24364', N'29CF77E6-258C-4A86-B78D-2A94DE508564', N'UPDATE', N'user', N'657DB680-5B75-4EC6-BF2E-85D7B2EA6009', NULL, N'{"status": "updated"}', N'192.198.210.28', N'Mozilla/5.0 (Macintosh; Intel Mac OS X 10_15_7) AppleWebKit/537.36', N'2025-01-27 16:04:27'),
(N'033739D4-9F4F-4858-A50F-B37AF896B39A', N'7822534D-94AE-4CBA-AA77-A11465843A35', N'SELECT', N'student', N'7DC0F140-B67E-4FB9-A9A6-E49801A3E2D5', NULL, NULL, N'229.221.237.174', N'Mozilla/5.0 (Macintosh; Intel Mac OS X 10_15_7) AppleWebKit/537.36', N'2025-08-16 16:04:27'),
(N'1CF8D3E0-CC66-43C9-8986-1F5F74656D26', N'2E033DAE-3E8D-48B8-9F38-AD2EED30EC61', N'SELECT', N'print_job', N'5817B0D9-34ED-4A8F-8DE2-CB1CD31EAEAC', NULL, NULL, N'218.182.255.88', N'Mozilla/5.0 (Macintosh; Intel Mac OS X 10_15_7) AppleWebKit/537.36', N'2025-01-11 16:04:27'),
(N'F7C9E8F1-0597-4D16-978B-32ACACCE7854', N'80D39BEC-34F8-4D3F-9190-DC06506B1A6E', N'SELECT', N'system_configuration', N'DDD80381-FE2E-4325-982E-4E687DE9ECB7', NULL, NULL, N'204.198.241.81', N'Mozilla/5.0 (Macintosh; Intel Mac OS X 10_15_7) AppleWebKit/537.36', N'2025-02-06 16:04:27'),
(N'B96B5084-93DB-4F26-A66F-2B8C483672FA', N'1D0B1605-8F12-484D-BCDA-1DED73F57EAB', N'DELETE', N'student', N'51C03721-13FF-4F92-BBBD-F7AE59D79608', NULL, NULL, N'251.196.2.108', N'Mozilla/5.0 (Windows NT 10.0; Win64; x64) AppleWebKit/537.36', N'2025-09-23 16:04:27'),
(N'EF9DC54B-E81F-416F-8FFC-C763D89017DD', N'C1707BAF-F87F-4CEB-B656-EEE0D63FB524', N'UPDATE', N'staff', N'7298610C-2249-4072-8DAE-5A9CF12F39D9', NULL, N'{"status": "updated"}', N'252.225.39.142', N'Mozilla/5.0 (Windows NT 10.0; Win64; x64) AppleWebKit/537.36', N'2025-04-18 16:04:27'),
(N'552E75C2-D9C3-4E0C-88DB-38ECFD0475A2', N'253AC6A0-038C-4FE5-B9CF-441A0BA152E2', N'DELETE', N'student', N'677B05B4-25F9-4ED8-902C-4D825178A8AD', NULL, NULL, N'238.246.235.254', N'Mozilla/5.0 (Macintosh; Intel Mac OS X 10_15_7) AppleWebKit/537.36', N'2025-05-18 16:04:27'),
(N'CB59ED41-93C9-4DC1-B08F-C81C08EA0DCD', N'1D0B1605-8F12-484D-BCDA-1DED73F57EAB', N'INSERT', N'user', N'AF48A8EB-D4FA-4D95-9C9C-8226F93DCEDE', NULL, NULL, N'218.248.53.173', N'Mozilla/5.0 (Macintosh; Intel Mac OS X 10_15_7) AppleWebKit/537.36', N'2025-09-23 16:04:27'),
(N'B5EE39A6-EDD4-4C3C-8CD1-AA948615B10D', N'46CC4A7B-6317-4111-8E4B-34EE404264FD', N'UPDATE', N'student', N'C11A90FD-6EA3-4833-B799-D772035D1FD9', NULL, N'{"status": "updated"}', N'254.207.69.220', N'Mozilla/5.0 (Macintosh; Intel Mac OS X 10_15_7) AppleWebKit/537.36', N'2025-09-07 16:04:27'),
(N'EE29D8E4-0139-467A-994D-FF8C9C75BA95', N'EA58FE44-247B-405E-9900-0C336296A53F', N'UPDATE', N'user', N'194A769C-F51A-445E-9C7C-E911B0C2F4D8', NULL, N'{"status": "updated"}', N'254.246.223.43', N'Mozilla/5.0 (X11; Linux x86_64) AppleWebKit/537.36', N'2025-12-15 16:04:27'),
(N'9BCFE357-5E31-4DEA-9CDA-D8B098DBCD20', N'DFBB99D6-AA69-41F2-958D-B4D8428DC0EB', N'INSERT', N'staff', N'9926B53A-30E7-40E2-AAAD-44DECDBA2A72', NULL, NULL, N'199.240.131.174', N'Mozilla/5.0 (Windows NT 10.0; Win64; x64) AppleWebKit/537.36', N'2025-12-08 16:04:27'),
(N'6B455F10-524A-4126-AEF9-A38F4A8FB00B', N'94E550B5-E351-4C55-9928-16DA10151D67', N'DELETE', N'student', N'3DBC76E4-592D-4543-8263-A1C806DB22A5', NULL, NULL, N'211.181.137.197', N'Mozilla/5.0 (X11; Linux x86_64) AppleWebKit/537.36', N'2025-06-23 16:04:27'),
(N'26B233C6-4228-4D06-9776-63F13716E6A1', N'18C717AB-83F3-4D15-AA08-6E19B2552B24', N'UPDATE', N'system_configuration', N'89ADE47E-D380-44AA-BF93-E1B8C17991EC', NULL, N'{"status": "updated"}', N'197.190.158.8', N'Mozilla/5.0 (X11; Linux x86_64) AppleWebKit/537.36', N'2025-06-06 16:04:27'),
(N'5A1FEE51-BE3A-4FA2-A0C5-42BB85E8DD9D', N'B0689F50-4E63-4559-BD50-CFC7B567A022', N'DELETE', N'staff', N'1597259C-B6FD-47D8-9E6B-F105B763534A', NULL, NULL, N'235.180.246.48', N'Mozilla/5.0 (X11; Linux x86_64) AppleWebKit/537.36', N'2025-02-19 16:04:27'),
(N'7DE202A9-38B5-4E0A-BC58-BCF4740EA3DC', N'9ACAE340-69E5-465A-93D3-69E0D781820A', N'INSERT', N'student', N'FD865628-90DA-4ACC-9CA9-2D37FDB1DCB4', NULL, NULL, N'233.204.238.15', N'Mozilla/5.0 (Macintosh; Intel Mac OS X 10_15_7) AppleWebKit/537.36', N'2025-03-11 16:04:27'),
(N'0A00E7DC-6828-4890-B254-45B3CFE3B47D', N'253AC6A0-038C-4FE5-B9CF-441A0BA152E2', N'DELETE', N'student', N'A1F2492B-E4BD-454B-9869-61604EAEDA42', NULL, NULL, N'230.242.125.52', N'Mozilla/5.0 (X11; Linux x86_64) AppleWebKit/537.36', N'2025-11-11 16:04:27'),
(N'0F7EF20E-5C26-411B-8387-26071949CF87', N'A7991284-B499-4F1A-8132-CF07FADDA01E', N'UPDATE', N'user', N'4925674E-AAB8-46A8-9D41-3BF7BB830833', NULL, N'{"status": "updated"}', N'244.177.14.170', N'Mozilla/5.0 (Macintosh; Intel Mac OS X 10_15_7) AppleWebKit/537.36', N'2025-05-22 16:04:27'),
(N'294B44DA-F864-47EA-94C5-6243063ED1C2', N'DFBB99D6-AA69-41F2-958D-B4D8428DC0EB', N'UPDATE', N'student', N'19CFA08F-592C-4781-8EB0-D7B1B9CC28F4', NULL, N'{"status": "updated"}', N'218.245.251.255', N'Mozilla/5.0 (X11; Linux x86_64) AppleWebKit/537.36', N'2025-09-25 16:04:27'),
(N'AAD5ADCA-374A-4580-92CB-1056EA804EAB', N'22261F46-CC7E-4CD0-9ECD-1CDE8BAA53A2', N'SELECT', N'student', N'3DE696F7-5D25-454C-8E27-1AE70B7E93C7', NULL, NULL, N'215.207.252.36', N'Mozilla/5.0 (X11; Linux x86_64) AppleWebKit/537.36', N'2025-07-05 16:04:27'),
(N'D49CAC2C-A840-4B87-B2E2-0C636D1E342A', N'C1707BAF-F87F-4CEB-B656-EEE0D63FB524', N'DELETE', N'student', N'68D2E90E-E5F4-4965-8FED-C505600F2B93', NULL, NULL, N'229.200.88.192', N'Mozilla/5.0 (Macintosh; Intel Mac OS X 10_15_7) AppleWebKit/537.36', N'2025-11-30 16:04:27'),
(N'84DBE06B-DD6A-4E54-A2DA-ED6A0F170523', N'D5A476BC-1880-49F4-A0DE-82E780E3EBC9', N'DELETE', N'student', N'9AFD6C73-E341-4169-987F-31F00E8D3CB2', NULL, NULL, N'254.199.121.129', N'Mozilla/5.0 (X11; Linux x86_64) AppleWebKit/537.36', N'2025-03-20 16:04:27'),
(N'00CB42BE-D6BA-4277-9A3C-B26A2ECAD26D', N'6F2728BB-C88D-40E2-BAB0-FE54AD7DD97F', N'SELECT', N'system_configuration', N'5A94986B-9C6B-4BAB-B3E4-7843D39D860E', NULL, NULL, N'200.228.144.180', N'Mozilla/5.0 (Windows NT 10.0; Win64; x64) AppleWebKit/537.36', N'2025-02-20 16:04:27'),
(N'8833B543-6FA1-4B70-B972-9750F5BB7BDC', N'5C057E90-AC49-46EB-A079-EACFB4990C06', N'DELETE', N'print_job', N'27C55DF7-C70A-44B7-9F54-A1AD0CC98958', NULL, NULL, N'197.169.141.246', N'Mozilla/5.0 (X11; Linux x86_64) AppleWebKit/537.36', N'2025-05-12 16:04:27'),
(N'A932CAEB-35E7-4F57-BBE7-0F1B9E9205C2', N'7F9763C0-89B6-436C-9A7F-7C9F82A74081', N'DELETE', N'print_job', N'752ADEA4-57C0-46D3-9E18-FEDFA0AF449A', NULL, NULL, N'233.200.254.197', N'Mozilla/5.0 (Macintosh; Intel Mac OS X 10_15_7) AppleWebKit/537.36', N'2025-12-03 16:04:27'),
(N'0EA05A84-3A69-4324-ADDD-9EEB8CD6E6EF', N'6D8BB00D-C895-4F95-879E-4ABE36E7C4A2', N'INSERT', N'user', N'C29617F3-1A4E-456D-AB75-94B3E0481794', NULL, NULL, N'224.210.252.11', N'Mozilla/5.0 (Macintosh; Intel Mac OS X 10_15_7) AppleWebKit/537.36', N'2025-10-29 16:04:27'),
(N'E04213E3-E764-40A1-A17E-28D98E73AF02', N'6AF12348-2C4F-446A-96BA-864B9EAC32A2', N'DELETE', N'system_configuration', N'960C73A6-E91A-4388-ADD7-B82885526BA6', NULL, NULL, N'218.193.37.39', N'Mozilla/5.0 (Macintosh; Intel Mac OS X 10_15_7) AppleWebKit/537.36', N'2025-12-16 16:04:27'),
(N'B45ACF90-5E2E-4C7A-A54D-407F2868F5FF', N'84E55A19-7959-4C81-A5C7-035EDB045AA7', N'DELETE', N'staff', N'CCC959A6-5549-4767-B156-98D7E6B325EF', NULL, NULL, N'229.245.15.77', N'Mozilla/5.0 (Macintosh; Intel Mac OS X 10_15_7) AppleWebKit/537.36', N'2025-10-30 16:04:27'),
(N'797CE8CB-BB13-4F0B-90D6-0C661D6685D0', N'8EACA602-F11F-4F3F-AC0B-7555924DC5C0', N'DELETE', N'staff', N'1552987B-617A-4171-8C90-36D33D83237B', NULL, NULL, N'241.206.205.24', N'Mozilla/5.0 (Windows NT 10.0; Win64; x64) AppleWebKit/537.36', N'2025-03-10 16:04:27'),
(N'24BBCDD8-CD2A-402C-BFC3-DAA63B248D3F', N'B0689F50-4E63-4559-BD50-CFC7B567A022', N'DELETE', N'student', N'23B48442-26AA-4D53-9D1F-F3116E1148F0', NULL, NULL, N'251.190.225.167', N'Mozilla/5.0 (Windows NT 10.0; Win64; x64) AppleWebKit/537.36', N'2025-10-16 16:04:27'),
(N'9C9031ED-5FFD-476D-828B-92FBED6D63CD', N'AF8A77B4-8B80-4CE4-8EB6-E22EA5AF073E', N'INSERT', N'print_job', N'DB3D9302-CA60-4C8F-89C0-62C5CD19F11B', NULL, NULL, N'208.241.50.4', N'Mozilla/5.0 (Macintosh; Intel Mac OS X 10_15_7) AppleWebKit/537.36', N'2025-08-27 16:04:27'),
(N'2D08A338-F126-48AD-9980-90DA07C4A978', N'13A20AB2-05DB-44A8-AE8F-061849A096F1', N'SELECT', N'user', N'12F7F145-5625-4BC6-AA0F-DEAC2BFC0BE2', NULL, NULL, N'245.181.103.218', N'Mozilla/5.0 (X11; Linux x86_64) AppleWebKit/537.36', N'2025-11-14 16:04:27'),
(N'1F13035D-A068-4B2F-B372-35A0EFB5DD34', N'FE9241F9-DB5F-4B7F-B6BA-DE4987C911C6', N'INSERT', N'system_configuration', N'3538B74F-4B85-4D9E-861C-AB5DF2E3CCB7', NULL, NULL, N'207.221.182.245', N'Mozilla/5.0 (X11; Linux x86_64) AppleWebKit/537.36', N'2024-12-30 16:04:27'),
(N'8E2DEED6-0F7E-49CC-AC7D-032245AF037A', N'46CC4A7B-6317-4111-8E4B-34EE404264FD', N'UPDATE', N'staff', N'7C7CC6C1-3936-4353-98DA-01622E4A956E', NULL, N'{"status": "updated"}', N'253.171.184.214', N'Mozilla/5.0 (Windows NT 10.0; Win64; x64) AppleWebKit/537.36', N'2025-01-27 16:04:27'),
(N'304E11C3-3CEC-424A-870A-1BEF4AE93EB0', N'E7734040-EA11-4499-B971-8D5B916161C8', N'INSERT', N'staff', N'B117AA6E-CEA7-45E8-9370-069FA7DB6476', NULL, NULL, N'192.180.243.235', N'Mozilla/5.0 (Windows NT 10.0; Win64; x64) AppleWebKit/537.36', N'2025-01-10 16:04:27'),
(N'88EF024F-98FB-402B-A379-AEE60BEC8EFB', N'7F9763C0-89B6-436C-9A7F-7C9F82A74081', N'UPDATE', N'student', N'983A96FA-E1A5-4B83-9505-DB358F109526', NULL, N'{"status": "updated"}', N'192.225.237.194', N'Mozilla/5.0 (X11; Linux x86_64) AppleWebKit/537.36', N'2025-11-16 16:04:27'),
(N'1FB61620-6046-421F-8A41-AC71CFB7B3C9', N'03D849FA-749F-423B-BFA7-CE692C45FFFC', N'UPDATE', N'student', N'8496A61A-D71B-4F60-8E68-772CAC20DAE6', NULL, N'{"status": "updated"}', N'217.202.231.174', N'Mozilla/5.0 (Macintosh; Intel Mac OS X 10_15_7) AppleWebKit/537.36', N'2025-09-04 16:04:27'),
(N'CE4FB1C8-401D-4E3B-9979-3632E455CD3E', N'A3CA59C1-180A-428A-9CB4-18B4298AF71A', N'INSERT', N'staff', N'CA6C08E7-2F54-46F7-8227-74BCA64929BA', NULL, NULL, N'237.187.179.79', N'Mozilla/5.0 (X11; Linux x86_64) AppleWebKit/537.36', N'2025-01-31 16:04:27'),
(N'2078760B-2184-4273-A8F7-A4EA677F7322', N'84E55A19-7959-4C81-A5C7-035EDB045AA7', N'INSERT', N'user', N'393C42D9-0861-435B-9414-90AA8EEDDFFC', NULL, NULL, N'247.191.69.194', N'Mozilla/5.0 (X11; Linux x86_64) AppleWebKit/537.36', N'2025-03-25 16:04:27'),
(N'4D270A2B-9C04-417E-90A1-C2537B758584', N'94E8878D-BC0C-4BF3-B16A-CC93CC888B2F', N'SELECT', N'user', N'6556F195-823B-45DA-9E6F-4E4D598FA577', NULL, NULL, N'240.227.99.147', N'Mozilla/5.0 (Windows NT 10.0; Win64; x64) AppleWebKit/537.36', N'2025-01-23 16:04:27'),
(N'0DA30BB5-26DF-4619-975B-855D60649BA7', N'46B4C675-CA42-4565-93C6-A6E9C27F77DB', N'INSERT', N'staff', N'4EBC2FA9-0B82-4908-9661-E0437A0DC227', NULL, NULL, N'227.225.59.18', N'Mozilla/5.0 (Macintosh; Intel Mac OS X 10_15_7) AppleWebKit/537.36', N'2025-03-10 16:04:27'),
(N'1A5CDA92-D3B4-45D1-90C3-8D91EBEDF390', N'62DC0669-E900-4AB7-8EB9-30AF519543CE', N'SELECT', N'print_job', N'CFA369A8-F6A9-42C0-BEC0-1DBD775F0C66', NULL, NULL, N'215.242.70.66', N'Mozilla/5.0 (X11; Linux x86_64) AppleWebKit/537.36', N'2025-08-21 16:04:27'),
(N'9DD6396E-2622-4921-B144-E632EE4AC596', N'DDDCA755-3EBA-4BA7-81C1-AABFCB58AF70', N'SELECT', N'student', N'C1609B44-ADF1-40DF-95AB-5D0B145D7F26', NULL, NULL, N'203.239.148.65', N'Mozilla/5.0 (Windows NT 10.0; Win64; x64) AppleWebKit/537.36', N'2025-08-06 16:04:27'),
(N'CA0223F4-9689-417E-A453-71EA39C008B7', N'FE009364-19E0-4F5B-A5FE-B5C3458EDAB8', N'INSERT', N'system_configuration', N'6918ECE7-88DE-4DB6-B30A-4A4704DC13A3', NULL, NULL, N'205.189.16.97', N'Mozilla/5.0 (Windows NT 10.0; Win64; x64) AppleWebKit/537.36', N'2025-06-16 16:04:27'),
(N'8C7F2303-1416-4F89-8420-281EC1D0F7FF', N'745E6461-C292-46A6-80D3-1D8526022FB6', N'DELETE', N'student', N'2F0FA3EF-F48E-4592-9AB4-E39D26139636', NULL, NULL, N'202.219.236.124', N'Mozilla/5.0 (Macintosh; Intel Mac OS X 10_15_7) AppleWebKit/537.36', N'2025-07-18 16:04:27'),
(N'94AA7DDC-D264-4873-962A-63A0EDF0B649', N'DE7A82E2-3348-42BD-85A8-3BACC599E571', N'UPDATE', N'user', N'2A3EB84B-6F6D-442E-8BB0-6109F3E8F21F', NULL, N'{"status": "updated"}', N'194.230.48.78', N'Mozilla/5.0 (X11; Linux x86_64) AppleWebKit/537.36', N'2025-12-02 16:04:27'),
(N'48382C11-BE3F-40AF-8227-5E97FC5449EB', N'BBB2CA33-7D39-480D-80D6-4D69BB31A80C', N'SELECT', N'student', N'AEAB9CA9-45A1-48E7-AE4E-75824FC8D8F6', NULL, NULL, N'223.176.171.180', N'Mozilla/5.0 (Macintosh; Intel Mac OS X 10_15_7) AppleWebKit/537.36', N'2025-03-24 16:04:27'),
(N'F5783FB2-D6CC-486F-A103-DC857005874E', N'7E56FC0C-00CB-4985-BBB6-E55774566010', N'DELETE', N'student', N'E9EE6885-EA39-4A72-B8E7-ADD659A90C15', NULL, NULL, N'210.223.238.186', N'Mozilla/5.0 (X11; Linux x86_64) AppleWebKit/537.36', N'2025-01-31 16:04:27'),
(N'E188DE59-5A85-43B4-AE0A-77BFEF2FA413', N'14DBDF83-2717-4A87-92E9-E34551496916', N'DELETE', N'system_configuration', N'E050ABD2-C44B-4A9B-9EDE-D38BD94DD4D0', NULL, NULL, N'251.242.52.71', N'Mozilla/5.0 (Windows NT 10.0; Win64; x64) AppleWebKit/537.36', N'2025-08-02 16:04:27'),
(N'4807FE0F-18EC-4EB7-9BA9-BBA3B0AA660C', N'46CC4A7B-6317-4111-8E4B-34EE404264FD', N'DELETE', N'user', N'B5FDB194-4AA7-4730-9034-79FCC4166627', NULL, NULL, N'211.231.176.154', N'Mozilla/5.0 (Macintosh; Intel Mac OS X 10_15_7) AppleWebKit/537.36', N'2025-12-08 16:04:27'),
(N'D1228AEB-5D0B-4AD6-8480-5FB31B1B8ED7', N'9ACAE340-69E5-465A-93D3-69E0D781820A', N'SELECT', N'system_configuration', N'43C87C61-8355-49D8-BA01-833238840278', NULL, NULL, N'226.176.91.40', N'Mozilla/5.0 (Windows NT 10.0; Win64; x64) AppleWebKit/537.36', N'2025-03-16 16:04:27'),
(N'C51073D6-C723-480F-9903-17B6B01104FA', N'BC3BF08F-547C-4367-84F0-A14347C4102C', N'INSERT', N'user', N'2B79E8B5-2B1A-4893-8E15-3492211D87F4', NULL, NULL, N'241.225.250.77', N'Mozilla/5.0 (Macintosh; Intel Mac OS X 10_15_7) AppleWebKit/537.36', N'2025-05-23 16:04:27'),
(N'00D8F0E2-1580-4B57-B097-E173E37067CC', N'7E8DC29D-EBE9-435B-A8BD-30328B21CD66', N'SELECT', N'student', N'441F6000-85DD-4751-B244-F9D54C2C9F56', NULL, NULL, N'209.218.169.164', N'Mozilla/5.0 (Windows NT 10.0; Win64; x64) AppleWebKit/537.36', N'2025-07-17 16:04:27'),
(N'212E61E8-724B-439C-A1DD-4661527CCE6F', N'36BE0EAB-9BD6-473D-8BA0-536A42BC465E', N'UPDATE', N'student', N'6DFA6140-7373-4D14-B21F-4B2CDE3FB996', NULL, N'{"status": "updated"}', N'198.186.44.241', N'Mozilla/5.0 (Windows NT 10.0; Win64; x64) AppleWebKit/537.36', N'2025-05-01 16:04:27'),
(N'4BAF10CB-DA5B-466B-AC23-42D76AA536CF', N'36BE0EAB-9BD6-473D-8BA0-536A42BC465E', N'DELETE', N'staff', N'32203438-18A4-4A78-B45F-B40C1A8DD365', NULL, NULL, N'199.187.3.109', N'Mozilla/5.0 (Windows NT 10.0; Win64; x64) AppleWebKit/537.36', N'2025-03-23 16:04:27'),
(N'DC5F279A-21BE-48C0-8EF5-FB12B9BB92FF', N'BC3BF08F-547C-4367-84F0-A14347C4102C', N'UPDATE', N'print_job', N'97D41420-E10C-45C2-8F3A-6184214FF51E', NULL, N'{"status": "updated"}', N'250.204.33.194', N'Mozilla/5.0 (Windows NT 10.0; Win64; x64) AppleWebKit/537.36', N'2025-05-17 16:04:27'),
(N'6FF1B656-164D-4261-A3C5-C406C857FB37', N'A8394F12-87AD-48E1-985B-121DC04F4EAB', N'UPDATE', N'print_job', N'DA3860B8-91CB-4776-8A8C-00DB4A18EEC6', NULL, N'{"status": "updated"}', N'247.247.77.184', N'Mozilla/5.0 (X11; Linux x86_64) AppleWebKit/537.36', N'2025-05-31 16:04:27'),
(N'63B06575-B446-4137-83B8-03B134083D6D', N'12732482-1A4C-4E9F-A0C6-09B65B7268E8', N'DELETE', N'user', N'36BC643F-63F7-44E6-BB2C-D000B2E5F230', NULL, NULL, N'216.194.189.178', N'Mozilla/5.0 (Windows NT 10.0; Win64; x64) AppleWebKit/537.36', N'2025-02-24 16:04:27'),
(N'05B46F75-6E2A-427D-8E2A-1B08DCEA48FB', N'EC9AE4E2-E127-438C-9914-DBBD58F81F24', N'DELETE', N'user', N'2A783B17-97BE-480E-965B-61EF13EC549C', NULL, NULL, N'228.214.81.65', N'Mozilla/5.0 (Macintosh; Intel Mac OS X 10_15_7) AppleWebKit/537.36', N'2025-07-07 16:04:27'),
(N'B3D7A0E8-BEC6-43B6-ABAC-64F13FE69AC8', N'D5A476BC-1880-49F4-A0DE-82E780E3EBC9', N'DELETE', N'user', N'D6E477C2-342D-48A0-B2BB-2EC8B5FBE38A', NULL, NULL, N'233.206.58.95', N'Mozilla/5.0 (Macintosh; Intel Mac OS X 10_15_7) AppleWebKit/537.36', N'2025-11-30 16:04:27'),
(N'3DC1A31A-00FD-4A79-85B1-E0E6F9B61F60', N'B0689F50-4E63-4559-BD50-CFC7B567A022', N'INSERT', N'staff', N'7EE5AAD8-B426-4BF1-A380-6AE0904ACACA', NULL, NULL, N'203.194.253.28', N'Mozilla/5.0 (Macintosh; Intel Mac OS X 10_15_7) AppleWebKit/537.36', N'2025-09-22 16:04:27'),
(N'E51385FF-3ABA-4ECE-B303-FFD8981F5A53', N'86425D44-C804-4D52-8282-AD1DC71093F7', N'UPDATE', N'user', N'8E5BD390-3B92-48D2-94B8-C78482C3B847', NULL, N'{"status": "updated"}', N'255.236.24.206', N'Mozilla/5.0 (Macintosh; Intel Mac OS X 10_15_7) AppleWebKit/537.36', N'2025-03-15 16:04:27'),
(N'EFED5613-132D-4EE7-8285-FE96231C0E3B', N'E40DA9EA-5268-4A2C-A1D4-B5BDC37EE86A', N'UPDATE', N'system_configuration', N'CB535F48-8F90-45EE-9475-606344F6C409', NULL, N'{"status": "updated"}', N'206.196.85.110', N'Mozilla/5.0 (Windows NT 10.0; Win64; x64) AppleWebKit/537.36', N'2025-06-18 16:04:27'),
(N'7264D2EA-BF5B-44D9-BA05-05C1B7E82670', N'46B4C675-CA42-4565-93C6-A6E9C27F77DB', N'SELECT', N'print_job', N'9BE24C81-9CA7-420A-B5B5-064D141E4973', NULL, NULL, N'249.201.206.11', N'Mozilla/5.0 (X11; Linux x86_64) AppleWebKit/537.36', N'2025-12-26 16:04:27'),
(N'1484A034-9553-4166-8AD7-152E1BD56366', N'8A8B82C0-4190-42AD-BDAE-E4BCEF8653E5', N'INSERT', N'user', N'A226F4C4-3E57-4048-A5C0-D470DBED18BF', NULL, NULL, N'201.173.53.95', N'Mozilla/5.0 (Windows NT 10.0; Win64; x64) AppleWebKit/537.36', N'2025-11-11 16:04:27'),
(N'90DE751D-E5F0-4CBD-BF81-6504AF0CD6CE', N'0D75B841-E1E0-4529-A6DC-5791B4900BB9', N'UPDATE', N'user', N'C7564AB6-6993-4D7D-A284-A32533A9DEBE', NULL, N'{"status": "updated"}', N'241.196.204.79', N'Mozilla/5.0 (X11; Linux x86_64) AppleWebKit/537.36', N'2025-10-15 16:04:27'),
(N'3CA9E616-C12D-463B-836B-B2D37C71F0FF', N'B612B279-965D-4A7D-9B5F-00B6640DD220', N'UPDATE', N'system_configuration', N'FA9DB439-0364-41F9-BEE0-539AB440B730', NULL, N'{"status": "updated"}', N'230.244.134.45', N'Mozilla/5.0 (X11; Linux x86_64) AppleWebKit/537.36', N'2025-11-26 16:04:27'),
(N'52849469-FC59-40E5-9808-53E6C0DBFB8E', N'BBB2CA33-7D39-480D-80D6-4D69BB31A80C', N'SELECT', N'student', N'C2F9F89B-6625-481B-AB9C-C7025D6FE626', NULL, NULL, N'208.219.46.200', N'Mozilla/5.0 (Windows NT 10.0; Win64; x64) AppleWebKit/537.36', N'2025-02-01 16:04:27'),
(N'4009D180-3F16-46BB-A26F-09517F94B45E', N'EC6F16C8-E5AB-4498-9439-5DE9D9D5CCB0', N'SELECT', N'user', N'B0963B7D-2710-47FE-97DE-8A997C14E377', NULL, NULL, N'219.221.38.30', N'Mozilla/5.0 (Windows NT 10.0; Win64; x64) AppleWebKit/537.36', N'2025-04-20 16:04:27'),
(N'0C015CF9-9767-455B-8BB8-B1590FDF6309', N'46B4C675-CA42-4565-93C6-A6E9C27F77DB', N'SELECT', N'student', N'AA5282A7-7A98-476F-98CB-4BDC3E841919', NULL, NULL, N'200.169.158.48', N'Mozilla/5.0 (Macintosh; Intel Mac OS X 10_15_7) AppleWebKit/537.36', N'2025-03-14 16:04:27'),
(N'FB094944-7AD7-4650-8598-5079A40E8A8A', N'5C057E90-AC49-46EB-A079-EACFB4990C06', N'UPDATE', N'staff', N'453D1E78-714A-4854-B011-CAEDF846FF29', NULL, N'{"status": "updated"}', N'218.249.52.239', N'Mozilla/5.0 (Windows NT 10.0; Win64; x64) AppleWebKit/537.36', N'2025-08-11 16:04:27'),
(N'BA3F1A6C-9577-4DB5-BB8A-CAE822D1F30C', N'36BE0EAB-9BD6-473D-8BA0-536A42BC465E', N'DELETE', N'print_job', N'E12F0884-ED12-460B-B205-762E089BF409', NULL, NULL, N'238.246.136.252', N'Mozilla/5.0 (Macintosh; Intel Mac OS X 10_15_7) AppleWebKit/537.36', N'2025-11-15 16:04:27'),
(N'4769E03A-7B0D-4443-8C54-A36A079D6B2E', N'11E45469-7927-455F-B9CE-569E20738D1C', N'INSERT', N'system_configuration', N'2CC9C184-4A0F-4FAE-981A-4A451BF4EF97', NULL, NULL, N'249.220.114.254', N'Mozilla/5.0 (Windows NT 10.0; Win64; x64) AppleWebKit/537.36', N'2025-12-09 16:04:27'),
(N'B90AC7D3-B813-42EB-9616-6F3E47F48991', N'E7734040-EA11-4499-B971-8D5B916161C8', N'SELECT', N'print_job', N'3E7CB044-45DE-4967-9099-ECA02E5F9F05', NULL, NULL, N'223.204.221.70', N'Mozilla/5.0 (Macintosh; Intel Mac OS X 10_15_7) AppleWebKit/537.36', N'2025-10-09 16:04:27'),
(N'4D01B621-4C2E-4434-8531-7A046F03D2A1', N'542A50ED-0F9E-47C2-9216-07C0D29FFF50', N'UPDATE', N'user', N'8C9A5A31-20BC-46B9-A82B-E84E2E0254CA', NULL, N'{"status": "updated"}', N'192.208.247.26', N'Mozilla/5.0 (Windows NT 10.0; Win64; x64) AppleWebKit/537.36', N'2025-02-05 16:04:27'),
(N'26198760-1D18-440D-AFA8-5EEDAE90768B', N'C5BA98C9-DA7B-4BD9-9149-AEEE1CF272F9', N'DELETE', N'print_job', N'399145FA-6585-46CC-8900-52AF7DDF9FBF', NULL, NULL, N'243.215.226.187', N'Mozilla/5.0 (Macintosh; Intel Mac OS X 10_15_7) AppleWebKit/537.36', N'2025-10-01 16:04:27'),
(N'5077AE2B-1E14-42EE-9660-03B5796922DD', N'022C2233-8975-4DAE-9C01-15D06D2D4473', N'SELECT', N'system_configuration', N'C886D1A6-F226-4E30-A041-E19D6F9B7151', NULL, NULL, N'225.172.56.109', N'Mozilla/5.0 (Windows NT 10.0; Win64; x64) AppleWebKit/537.36', N'2025-06-26 16:04:27'),
(N'3D64A4C3-A314-4F89-AF75-FAD6BF14D17B', N'6AF12348-2C4F-446A-96BA-864B9EAC32A2', N'SELECT', N'staff', N'1C3C2B0B-3DF2-4B29-94E3-0D77C27F7E77', NULL, NULL, N'200.243.94.120', N'Mozilla/5.0 (Windows NT 10.0; Win64; x64) AppleWebKit/537.36', N'2025-08-04 16:04:27'),
(N'9AF9CA19-8300-41CD-9D94-1E41F6EE7BD8', N'1D0B1605-8F12-484D-BCDA-1DED73F57EAB', N'DELETE', N'print_job', N'135636E6-FE43-4977-B252-A11E76AECAE5', NULL, NULL, N'209.244.219.215', N'Mozilla/5.0 (Macintosh; Intel Mac OS X 10_15_7) AppleWebKit/537.36', N'2025-10-03 16:04:27'),
(N'854671AA-CC72-4051-90B5-6D8B4C632042', N'E15E457D-7E6B-4678-8F33-7143E0048299', N'INSERT', N'student', N'B0643CAC-1721-40A7-9F54-5814198A507C', NULL, NULL, N'218.230.246.160', N'Mozilla/5.0 (Macintosh; Intel Mac OS X 10_15_7) AppleWebKit/537.36', N'2025-07-25 16:04:27'),
(N'E2E333D2-4F3D-43F7-BFED-B4280DB232CE', N'5B28E772-EF28-4A6D-B5E7-9950F81E33C7', N'DELETE', N'student', N'5F78DAFE-13C1-40B6-9567-A381143C8223', NULL, NULL, N'217.247.253.240', N'Mozilla/5.0 (Macintosh; Intel Mac OS X 10_15_7) AppleWebKit/537.36', N'2025-07-11 16:04:27'),
(N'71E229E2-C049-48D4-9B56-73898A33F6FC', N'571F7E25-679A-4F7F-847B-65B854899561', N'DELETE', N'user', N'2B1E1E37-60E7-425B-907E-66C0EA5875DD', NULL, NULL, N'207.212.76.52', N'Mozilla/5.0 (Macintosh; Intel Mac OS X 10_15_7) AppleWebKit/537.36', N'2025-09-05 16:04:27'),
(N'E6FDFDCC-C1C4-4BA7-9501-60FAC5C68648', N'94E8878D-BC0C-4BF3-B16A-CC93CC888B2F', N'INSERT', N'print_job', N'0F565C28-B9AC-418C-B49B-3ED34A63DE67', NULL, NULL, N'236.250.14.121', N'Mozilla/5.0 (Macintosh; Intel Mac OS X 10_15_7) AppleWebKit/537.36', N'2025-09-08 16:04:27'),
(N'3D327F6F-345B-4EAA-94CD-A9FEB14F2F27', N'0A0377EC-F5AC-4DC1-B9B9-94DA7F70DDD0', N'SELECT', N'print_job', N'44C548EE-2DF9-482D-AEF2-FB375B0A5A77', NULL, NULL, N'199.174.106.121', N'Mozilla/5.0 (X11; Linux x86_64) AppleWebKit/537.36', N'2025-01-18 16:04:27'),
(N'9B3D8A0E-0B65-4741-AB7E-4DB7E3623A44', N'E7734040-EA11-4499-B971-8D5B916161C8', N'UPDATE', N'staff', N'F2E38A8D-507F-4678-8763-A2567FAB96B1', NULL, N'{"status": "updated"}', N'252.182.227.148', N'Mozilla/5.0 (Macintosh; Intel Mac OS X 10_15_7) AppleWebKit/537.36', N'2025-06-19 16:04:27'),
(N'EC12B526-7133-47B3-935F-7449502350AB', N'8EACA602-F11F-4F3F-AC0B-7555924DC5C0', N'SELECT', N'print_job', N'16FA52F0-3D5D-4AD6-B1F0-196ACBCB508B', NULL, NULL, N'225.253.169.211', N'Mozilla/5.0 (Windows NT 10.0; Win64; x64) AppleWebKit/537.36', N'2025-07-13 16:04:27'),
(N'9FBAB237-E059-41AD-A754-318E3AE2E621', N'5471A457-799E-45F5-A584-0A9AB14A4B9A', N'UPDATE', N'staff', N'8C75D9CA-EE39-4C54-9511-F34A82D988CA', NULL, N'{"status": "updated"}', N'206.171.69.180', N'Mozilla/5.0 (Macintosh; Intel Mac OS X 10_15_7) AppleWebKit/537.36', N'2025-02-02 16:04:27'),
(N'A9B41B61-1CE5-4F39-8491-2D6A38F4BFD1', N'A341A0D8-57FE-4CF1-A57C-62CD2094DC26', N'DELETE', N'staff', N'0B9AD5C7-32AA-48F3-A507-60620E55482A', NULL, NULL, N'214.205.86.35', N'Mozilla/5.0 (X11; Linux x86_64) AppleWebKit/537.36', N'2025-02-18 16:04:27'),
(N'34432A85-BE16-4F0D-829D-288295F7AB7A', N'80347045-0410-4857-8AB3-3688B4AC7863', N'UPDATE', N'student', N'188C75D4-03F8-4C1F-8CEE-416978588149', NULL, N'{"status": "updated"}', N'239.245.149.54', N'Mozilla/5.0 (Windows NT 10.0; Win64; x64) AppleWebKit/537.36', N'2025-07-03 16:04:27'),
(N'A41A21AB-05F3-4E4D-9EF0-A2710C6DBA47', N'10A3C250-3D43-4BF0-B06A-AF8DF7CE2C80', N'INSERT', N'system_configuration', N'2167550A-4391-44F2-8FD5-3E0E7D24DD36', NULL, NULL, N'221.242.220.21', N'Mozilla/5.0 (X11; Linux x86_64) AppleWebKit/537.36', N'2025-12-08 16:04:27'),
(N'DE434141-A843-4F7A-BB14-2579C3A8A3B9', N'7A3CBBA8-05C2-44D9-8E1A-634D9F14E8BF', N'SELECT', N'system_configuration', N'29C746DF-A954-4366-9069-2519E9063F74', NULL, NULL, N'243.213.189.17', N'Mozilla/5.0 (X11; Linux x86_64) AppleWebKit/537.36', N'2025-09-23 16:04:27'),
(N'0B4B2487-B8D7-412D-96B9-AC4614CDC92B', N'7E8DC29D-EBE9-435B-A8BD-30328B21CD66', N'UPDATE', N'student', N'48FBB89E-5099-4286-9181-96B2C60D3D8B', NULL, N'{"status": "updated"}', N'243.244.20.239', N'Mozilla/5.0 (Macintosh; Intel Mac OS X 10_15_7) AppleWebKit/537.36', N'2025-08-30 16:04:27'),
(N'7CF65645-E420-44A9-B1ED-098E64C49FF0', N'9614180A-0320-4E14-B8B6-E2B5A931782A', N'DELETE', N'system_configuration', N'C96006A0-5D27-4C9D-B939-D0835F4EFDBE', NULL, NULL, N'192.197.51.63', N'Mozilla/5.0 (Windows NT 10.0; Win64; x64) AppleWebKit/537.36', N'2025-02-05 16:04:27'),
(N'431B16DF-1AA5-42F7-A1FB-E02D6E21520D', N'5B28E772-EF28-4A6D-B5E7-9950F81E33C7', N'INSERT', N'user', N'7364E5B6-B11F-4AB3-B878-622526F523C0', NULL, NULL, N'226.255.133.157', N'Mozilla/5.0 (Windows NT 10.0; Win64; x64) AppleWebKit/537.36', N'2025-07-19 16:04:27'),
(N'DD2CBF12-EE02-4D1E-8C66-C70A76DD71A4', N'7E56FC0C-00CB-4985-BBB6-E55774566010', N'INSERT', N'user', N'950FBA03-DA57-4635-A23C-68833DCAA7B3', NULL, NULL, N'255.252.10.110', N'Mozilla/5.0 (Windows NT 10.0; Win64; x64) AppleWebKit/537.36', N'2025-01-06 16:04:27'),
(N'FA4F91FD-C2E9-4E84-A988-5BB98FC794CB', N'9A1B8304-F8BD-46A9-98D6-610532B7D223', N'SELECT', N'print_job', N'7B2889E5-C700-4829-91AF-BFDE37F9CB92', NULL, NULL, N'207.218.134.90', N'Mozilla/5.0 (Macintosh; Intel Mac OS X 10_15_7) AppleWebKit/537.36', N'2025-04-29 16:04:27'),
(N'3A930497-B5FF-4E93-AE00-41F5BF7302FA', N'31D2D649-4E09-43FD-9466-889A68D8A711', N'INSERT', N'print_job', N'835515AD-C046-40D3-8999-D5FE03ED461B', NULL, NULL, N'234.195.188.69', N'Mozilla/5.0 (X11; Linux x86_64) AppleWebKit/537.36', N'2025-09-01 16:04:27'),
(N'52441A19-D99C-4C56-B9AE-DF9B249D7B8D', N'F46F2EA2-CB0C-43BB-A0E6-64AE74DF6F34', N'UPDATE', N'system_configuration', N'DC09ED9C-9295-48FB-A23F-E0B8420F8193', NULL, N'{"status": "updated"}', N'222.199.73.161', N'Mozilla/5.0 (Macintosh; Intel Mac OS X 10_15_7) AppleWebKit/537.36', N'2025-02-09 16:04:27'),
(N'86079851-B363-4737-843D-E853C3C8DE57', N'AF8A77B4-8B80-4CE4-8EB6-E22EA5AF073E', N'UPDATE', N'staff', N'B0196604-E6A4-485A-89BD-630B3DB875C9', NULL, N'{"status": "updated"}', N'247.181.73.219', N'Mozilla/5.0 (X11; Linux x86_64) AppleWebKit/537.36', N'2024-12-27 16:04:27'),
(N'5D96237D-59C7-4C48-9DB3-BEA2CC0056D7', N'A4A2DDD4-2722-4DA3-B861-81FF3ECE59F5', N'INSERT', N'system_configuration', N'DD0F1E50-6679-415A-A60D-FEFCD0592EF1', NULL, NULL, N'228.227.239.177', N'Mozilla/5.0 (X11; Linux x86_64) AppleWebKit/537.36', N'2025-02-26 16:04:27'),
(N'4A4E32EA-2435-4BAF-BD53-E9AF9F9023FB', N'58ACD54C-A625-49EE-AD71-7DCF3FF14E98', N'DELETE', N'print_job', N'2C194837-409B-44F4-8A1A-8824759052A3', NULL, NULL, N'235.189.146.251', N'Mozilla/5.0 (X11; Linux x86_64) AppleWebKit/537.36', N'2025-04-23 16:04:27'),
(N'EC4FA36B-880C-4D02-ACC0-2799AA1CF860', N'9614180A-0320-4E14-B8B6-E2B5A931782A', N'INSERT', N'system_configuration', N'63CA1BD0-8CD0-4729-8091-508E53D8B0A8', NULL, NULL, N'253.175.251.105', N'Mozilla/5.0 (X11; Linux x86_64) AppleWebKit/537.36', N'2025-02-22 16:04:27'),
(N'4FC36263-AC8D-4432-A3F6-9A0A322CBBDF', N'694027FC-8213-4365-BE48-E6BEF174483D', N'DELETE', N'system_configuration', N'9D9E9292-7370-4E63-9F78-215A62781FA3', NULL, NULL, N'209.216.156.214', N'Mozilla/5.0 (Windows NT 10.0; Win64; x64) AppleWebKit/537.36', N'2025-05-01 16:04:27'),
(N'9D417D43-D4C3-4A7F-A50A-B54DA5CDF4B9', N'4A0EEA51-4A27-4064-A103-4B89E7FFCE6F', N'INSERT', N'user', N'8B36A33B-8EE6-447D-8A2C-EC96CC5FC247', NULL, NULL, N'246.191.134.119', N'Mozilla/5.0 (X11; Linux x86_64) AppleWebKit/537.36', N'2025-01-13 16:04:27'),
(N'66C18323-D398-4E6D-A6C4-8AA200A5A4AB', N'617BE97D-2A5A-4477-A738-D19F47B6D598', N'SELECT', N'print_job', N'5FEE283C-F2E1-4E3F-9DDA-44EC40027285', NULL, NULL, N'241.174.217.1', N'Mozilla/5.0 (Windows NT 10.0; Win64; x64) AppleWebKit/537.36', N'2025-02-26 16:04:27'),
(N'F4BB4879-95BA-4BBC-8298-C028DB2316A2', N'11E45469-7927-455F-B9CE-569E20738D1C', N'UPDATE', N'user', N'C2337DF9-8E14-492D-8582-0B8CF14C06EE', NULL, N'{"status": "updated"}', N'199.206.185.39', N'Mozilla/5.0 (Windows NT 10.0; Win64; x64) AppleWebKit/537.36', N'2025-02-15 16:04:27'),
(N'D5DA3EFA-8F96-40DF-A5F9-A523C4D90386', N'2FACAAFB-7371-4FAE-9F58-4C0B3B1AD9D0', N'DELETE', N'staff', N'B56ECF42-B995-41DC-97D7-ADA836E3178D', NULL, NULL, N'226.176.211.95', N'Mozilla/5.0 (Macintosh; Intel Mac OS X 10_15_7) AppleWebKit/537.36', N'2025-02-18 16:04:27'),
(N'4B427E5A-6C78-4773-9885-F2D6BE1AC897', N'EC9AE4E2-E127-438C-9914-DBBD58F81F24', N'SELECT', N'system_configuration', N'4FAA4D91-B898-42A4-86C1-DD3D6B4562FC', NULL, NULL, N'234.187.37.140', N'Mozilla/5.0 (X11; Linux x86_64) AppleWebKit/537.36', N'2025-10-09 16:04:27'),
(N'0B4AE873-79BB-410C-91D9-63052416C638', N'80347045-0410-4857-8AB3-3688B4AC7863', N'UPDATE', N'user', N'9EAED4A0-2078-4F8E-AA58-0CC84B2CBC32', NULL, N'{"status": "updated"}', N'204.217.137.132', N'Mozilla/5.0 (Windows NT 10.0; Win64; x64) AppleWebKit/537.36', N'2025-01-08 16:04:27'),
(N'F21D8C51-71D3-4A36-9057-C5074F7039BA', N'BC3BF08F-547C-4367-84F0-A14347C4102C', N'SELECT', N'user', N'2D693DF2-CA8C-44A6-89FA-7EF03C772A3E', NULL, NULL, N'204.207.172.106', N'Mozilla/5.0 (Macintosh; Intel Mac OS X 10_15_7) AppleWebKit/537.36', N'2025-08-17 16:04:27'),
(N'468C0C90-611F-4EFB-9F0C-1CA757769905', N'5961D952-48A0-46F5-94C7-40EDC2BD02C2', N'SELECT', N'print_job', N'21D1589C-1536-4FBA-B6D7-B01E4DAF8CDD', NULL, NULL, N'245.202.51.52', N'Mozilla/5.0 (X11; Linux x86_64) AppleWebKit/537.36', N'2025-07-13 16:04:27'),
(N'DCB0CDF8-5E52-49DD-A95F-2B2FD5E84A3A', N'E15E457D-7E6B-4678-8F33-7143E0048299', N'SELECT', N'user', N'BA8E1418-2C3D-46A8-A477-4C3D72EEFE28', NULL, NULL, N'254.169.95.108', N'Mozilla/5.0 (Macintosh; Intel Mac OS X 10_15_7) AppleWebKit/537.36', N'2025-08-28 16:04:27'),
(N'A621F58F-EFDA-47CC-A968-8D7713AAD630', N'5451F6A1-2B46-4359-9DBA-62C17704B917', N'SELECT', N'print_job', N'F084847E-3807-4BAB-8C11-7EA85054A156', NULL, NULL, N'238.212.23.57', N'Mozilla/5.0 (X11; Linux x86_64) AppleWebKit/537.36', N'2025-07-16 16:04:27'),
(N'3041E2C8-9951-4F2E-A5BD-DA5D779EB4F2', N'2E033DAE-3E8D-48B8-9F38-AD2EED30EC61', N'UPDATE', N'staff', N'D562F06A-D1EC-4B17-A9CC-7081FF25388D', NULL, N'{"status": "updated"}', N'196.225.95.233', N'Mozilla/5.0 (Macintosh; Intel Mac OS X 10_15_7) AppleWebKit/537.36', N'2025-06-13 16:04:27'),
(N'22B6B825-6F04-44F2-974D-0E62DF99F759', N'1C1969D1-34D2-41C6-8B5D-46D8553B7130', N'INSERT', N'system_configuration', N'032A9061-7265-481C-8459-1E9390B39EC7', NULL, NULL, N'248.215.124.136', N'Mozilla/5.0 (Windows NT 10.0; Win64; x64) AppleWebKit/537.36', N'2025-04-06 16:04:27'),
(N'8E11F543-4CB5-4DA3-82FF-6BF955E77018', N'E2A979AB-773C-4DBD-BAD5-65943EDC5F50', N'INSERT', N'system_configuration', N'E8DB16DE-FBDE-449E-A77E-0655EEAC6F2D', NULL, NULL, N'206.198.49.219', N'Mozilla/5.0 (Macintosh; Intel Mac OS X 10_15_7) AppleWebKit/537.36', N'2025-02-12 16:04:27'),
(N'327733FE-F409-4F6B-A6E3-0D51B04020E9', N'DFBB99D6-AA69-41F2-958D-B4D8428DC0EB', N'SELECT', N'print_job', N'040BCEC8-C3DA-40CA-9D38-64008069B9D9', NULL, NULL, N'209.195.216.66', N'Mozilla/5.0 (X11; Linux x86_64) AppleWebKit/537.36', N'2025-09-25 16:04:27'),
(N'34C346E9-7511-4909-8184-861F7FBF69E1', N'E7734040-EA11-4499-B971-8D5B916161C8', N'UPDATE', N'student', N'BDD5BEB6-FA31-462E-934F-EF3AA1BAA836', NULL, N'{"status": "updated"}', N'206.178.83.94', N'Mozilla/5.0 (Macintosh; Intel Mac OS X 10_15_7) AppleWebKit/537.36', N'2025-11-19 16:04:27'),
(N'01F2869B-0B0F-4B3B-B7A8-1AE8A443C4B0', N'11E45469-7927-455F-B9CE-569E20738D1C', N'INSERT', N'student', N'E39AF03A-E97A-4E6B-B4B5-AABE8A6B5E27', NULL, NULL, N'208.177.225.220', N'Mozilla/5.0 (Macintosh; Intel Mac OS X 10_15_7) AppleWebKit/537.36', N'2025-01-25 16:04:27'),
(N'1EEF25CA-4EAE-4306-A430-2CB401BDEFB7', N'57A68D83-59F8-43D3-B3B7-F020FB4D74FE', N'UPDATE', N'print_job', N'9BA26858-CBF9-477A-AD9B-5EEFB521B620', NULL, N'{"status": "updated"}', N'222.213.105.240', N'Mozilla/5.0 (Macintosh; Intel Mac OS X 10_15_7) AppleWebKit/537.36', N'2025-05-22 16:04:27'),
(N'FC424A9F-E2B0-4CB1-8D25-AC37034BF5A0', N'5EE4B9D5-C23C-4D00-9AAD-73D4C60CCB93', N'UPDATE', N'student', N'3F7A0F21-837C-44D8-B4E4-7A7BDA6E5289', NULL, N'{"status": "updated"}', N'244.248.39.47', N'Mozilla/5.0 (Windows NT 10.0; Win64; x64) AppleWebKit/537.36', N'2025-09-25 16:04:27'),
(N'3C5D81F7-5C57-4C09-AF2D-DED855A86903', N'8EACA602-F11F-4F3F-AC0B-7555924DC5C0', N'UPDATE', N'print_job', N'B42A4546-565B-49AC-94F0-9E2F12D1CD5F', NULL, N'{"status": "updated"}', N'202.234.139.199', N'Mozilla/5.0 (Macintosh; Intel Mac OS X 10_15_7) AppleWebKit/537.36', N'2025-12-20 16:04:27'),
(N'83D7F838-098E-4541-8E01-F7A8EA3FADA7', N'009704E0-7C9D-48E7-B3CE-82BC680F4260', N'SELECT', N'student', N'BDFC29FE-2D03-41E8-8A70-7D61E6D30852', NULL, NULL, N'223.241.185.164', N'Mozilla/5.0 (X11; Linux x86_64) AppleWebKit/537.36', N'2025-04-22 16:04:27'),
(N'41BE5284-F689-4A17-A4D6-515FFB01BD44', N'0C18EE20-B812-4001-B47D-D5AAEA636743', N'DELETE', N'user', N'86CE056E-45F4-4478-8FD9-97006E8B39B1', NULL, NULL, N'221.245.246.9', N'Mozilla/5.0 (Macintosh; Intel Mac OS X 10_15_7) AppleWebKit/537.36', N'2025-08-28 16:04:27'),
(N'8B889506-AE0B-48A5-BAFE-613BEBB0460F', N'36BE0EAB-9BD6-473D-8BA0-536A42BC465E', N'INSERT', N'print_job', N'563E8479-2601-4BC4-B2A3-207C8FD9A677', NULL, NULL, N'246.169.205.105', N'Mozilla/5.0 (Macintosh; Intel Mac OS X 10_15_7) AppleWebKit/537.36', N'2025-01-22 16:04:27'),
(N'4AA15901-DDB4-4553-8A2E-157E09552075', N'9A1B8304-F8BD-46A9-98D6-610532B7D223', N'DELETE', N'user', N'3944BFE0-B6D3-4B90-86A6-E6E4F132F550', NULL, NULL, N'196.178.132.196', N'Mozilla/5.0 (X11; Linux x86_64) AppleWebKit/537.36', N'2025-05-16 16:04:27'),
(N'3AD7C8D2-5174-4B34-956A-E9A68CE101D1', N'11E45469-7927-455F-B9CE-569E20738D1C', N'INSERT', N'student', N'50426991-763B-4FF9-9679-67EA94C85AC5', NULL, NULL, N'248.188.163.194', N'Mozilla/5.0 (X11; Linux x86_64) AppleWebKit/537.36', N'2025-11-18 16:04:27'),
(N'5395D3FB-3665-465F-A008-1451288DB9E1', N'6AF12348-2C4F-446A-96BA-864B9EAC32A2', N'UPDATE', N'print_job', N'5C569D3A-BF0F-40CB-892A-CDB1424615AC', NULL, N'{"status": "updated"}', N'250.171.79.160', N'Mozilla/5.0 (Macintosh; Intel Mac OS X 10_15_7) AppleWebKit/537.36', N'2025-01-30 16:04:27'),
(N'6CA3034A-7652-44D1-8ED5-D5A61B2476D5', N'9A1B8304-F8BD-46A9-98D6-610532B7D223', N'INSERT', N'user', N'E3B32FA3-AC40-42BE-B5D3-8ADCC64FE552', NULL, NULL, N'247.198.24.163', N'Mozilla/5.0 (Windows NT 10.0; Win64; x64) AppleWebKit/537.36', N'2025-10-08 16:04:27'),
(N'5960CF00-D6E1-4034-A851-AB79F2E9FFCD', N'9A1B8304-F8BD-46A9-98D6-610532B7D223', N'INSERT', N'staff', N'97D59D7A-F99F-40A9-981B-AFE98C8781B1', NULL, NULL, N'211.170.91.175', N'Mozilla/5.0 (Macintosh; Intel Mac OS X 10_15_7) AppleWebKit/537.36', N'2025-07-10 16:04:27'),
(N'69134B5A-63CD-4A66-B854-AC7A7CF9C51B', N'CB27947D-FB7C-49BA-AC22-3B1A6646996B', N'SELECT', N'system_configuration', N'13C72C94-931D-4F9C-B2FF-EAFBB50C195E', NULL, NULL, N'199.245.91.215', N'Mozilla/5.0 (X11; Linux x86_64) AppleWebKit/537.36', N'2025-11-24 16:04:27'),
(N'6C5B9E8A-514B-4AFC-866C-4FC56F5CF73F', N'8E6349C1-5A68-498B-A573-62EA95164278', N'INSERT', N'staff', N'138523BF-1AC7-48BD-887C-13129E3610FB', NULL, NULL, N'196.204.94.211', N'Mozilla/5.0 (Windows NT 10.0; Win64; x64) AppleWebKit/537.36', N'2025-08-04 16:04:27'),
(N'E7B2AFCB-D71D-4A6A-A4BE-B1FE33498916', N'EC6F16C8-E5AB-4498-9439-5DE9D9D5CCB0', N'SELECT', N'student', N'804BE93B-4EB5-49B5-BAD9-C8E238846B64', NULL, NULL, N'192.220.75.134', N'Mozilla/5.0 (X11; Linux x86_64) AppleWebKit/537.36', N'2025-07-31 16:04:27'),
(N'200C9FF0-07DD-4D31-AC93-EADBE7001A7E', N'03D849FA-749F-423B-BFA7-CE692C45FFFC', N'INSERT', N'system_configuration', N'7EC99F00-48B0-4221-95B2-CBBDD6F83869', NULL, NULL, N'224.204.41.75', N'Mozilla/5.0 (Windows NT 10.0; Win64; x64) AppleWebKit/537.36', N'2025-01-14 16:04:27'),
(N'1C000F35-0BFD-4A2F-943D-0FC8C886FCE8', N'36BE0EAB-9BD6-473D-8BA0-536A42BC465E', N'INSERT', N'system_configuration', N'F4A868B4-CBC3-4A31-AF77-D8A3FAB27EA5', NULL, NULL, N'219.187.246.155', N'Mozilla/5.0 (Windows NT 10.0; Win64; x64) AppleWebKit/537.36', N'2025-04-17 16:04:27'),
(N'ABA783EC-7CC5-44E1-BB9A-46BBA76CD57C', N'62DC0669-E900-4AB7-8EB9-30AF519543CE', N'SELECT', N'print_job', N'11C88848-5CB4-4012-9796-7BA28FA95DCB', NULL, NULL, N'203.253.161.153', N'Mozilla/5.0 (Macintosh; Intel Mac OS X 10_15_7) AppleWebKit/537.36', N'2025-05-04 16:04:27'),
(N'DB3DFA36-6494-4933-A0E7-3E9F206BAED2', N'8EACA602-F11F-4F3F-AC0B-7555924DC5C0', N'SELECT', N'user', N'EEC8AC3E-06AA-48EA-AF06-3BE7AE0DE445', NULL, NULL, N'254.215.5.89', N'Mozilla/5.0 (X11; Linux x86_64) AppleWebKit/537.36', N'2025-05-06 16:04:27'),
(N'EBFB807C-847E-41D2-A0F9-B9CFB31A9EA0', N'58ACD54C-A625-49EE-AD71-7DCF3FF14E98', N'SELECT', N'system_configuration', N'D4FF7BE1-19A9-458F-AE1C-A15D9A0D75DA', NULL, NULL, N'220.205.227.187', N'Mozilla/5.0 (Macintosh; Intel Mac OS X 10_15_7) AppleWebKit/537.36', N'2025-12-11 16:04:27'),
(N'3BD7C4CA-D7C2-4C49-AF8E-2881C1B47488', N'CD46E053-C9E8-4E92-B267-09D50A2F233B', N'INSERT', N'user', N'8EFD6D85-A71B-48F4-8F94-99D9D0EBA286', NULL, NULL, N'194.253.172.133', N'Mozilla/5.0 (Windows NT 10.0; Win64; x64) AppleWebKit/537.36', N'2025-10-31 16:04:27'),
(N'15B1E624-4688-45A0-A437-62FED56E6AFD', N'8EACA602-F11F-4F3F-AC0B-7555924DC5C0', N'DELETE', N'student', N'8F8B9CAC-3D2B-49CA-8A3F-DAA3398F2A16', NULL, NULL, N'237.191.66.172', N'Mozilla/5.0 (X11; Linux x86_64) AppleWebKit/537.36', N'2025-08-21 16:04:27'),
(N'F8AB66F2-ED05-4ADF-BF43-BB2B2FF15D4D', N'694027FC-8213-4365-BE48-E6BEF174483D', N'UPDATE', N'print_job', N'1C76F83E-6AC6-4EC4-8F4F-E856D7423E63', NULL, N'{"status": "updated"}', N'194.224.2.213', N'Mozilla/5.0 (Windows NT 10.0; Win64; x64) AppleWebKit/537.36', N'2025-04-28 16:04:27'),
(N'2B45A5D0-7F1B-440A-94B4-4D51D8A09967', N'1D0B1605-8F12-484D-BCDA-1DED73F57EAB', N'SELECT', N'system_configuration', N'358970FC-A6FE-483E-8660-F3CCB5EBE4A6', NULL, NULL, N'202.245.211.15', N'Mozilla/5.0 (X11; Linux x86_64) AppleWebKit/537.36', N'2025-04-10 16:04:27'),
(N'11C36B08-97A5-4C54-BEF9-4C76258D2631', N'B0689F50-4E63-4559-BD50-CFC7B567A022', N'DELETE', N'student', N'ED9D2CEF-BA11-458E-A8D2-B0F5D081B7AF', NULL, NULL, N'239.206.143.90', N'Mozilla/5.0 (Windows NT 10.0; Win64; x64) AppleWebKit/537.36', N'2025-05-04 16:04:27'),
(N'7963029E-7D4D-4A51-8278-3BB539B5192C', N'8F8CE87D-775A-430E-BFF5-3951D723082C', N'DELETE', N'user', N'27C5BDE5-5427-494E-AB03-3DF4997C9879', NULL, NULL, N'205.251.65.156', N'Mozilla/5.0 (Windows NT 10.0; Win64; x64) AppleWebKit/537.36', N'2025-02-25 16:04:27'),
(N'17CA884B-E234-4D1C-BCF2-6BEF37DE9548', N'9614180A-0320-4E14-B8B6-E2B5A931782A', N'SELECT', N'user', N'DF12552D-45D4-41EA-BA8A-81BE476D4EF8', NULL, NULL, N'248.170.64.119', N'Mozilla/5.0 (Windows NT 10.0; Win64; x64) AppleWebKit/537.36', N'2025-04-21 16:04:27'),
(N'B5325DBB-FC6D-4A18-94BD-03AFE7788B3B', N'80347045-0410-4857-8AB3-3688B4AC7863', N'UPDATE', N'staff', N'44820EF0-25BA-436D-BD76-53CE75A8E277', NULL, N'{"status": "updated"}', N'201.206.229.183', N'Mozilla/5.0 (X11; Linux x86_64) AppleWebKit/537.36', N'2025-11-24 16:04:27'),
(N'845F97FA-FD69-426D-9AB4-2A9AF16B96A6', N'DFBB99D6-AA69-41F2-958D-B4D8428DC0EB', N'UPDATE', N'staff', N'9D9FE4E0-33E8-450F-AE1A-E0EF86895D1A', NULL, N'{"status": "updated"}', N'216.179.9.201', N'Mozilla/5.0 (Macintosh; Intel Mac OS X 10_15_7) AppleWebKit/537.36', N'2025-12-10 16:04:27'),
(N'49575761-B689-43D9-A14D-0D863CB2EBEE', N'80347045-0410-4857-8AB3-3688B4AC7863', N'UPDATE', N'user', N'6630E988-C569-4D8C-BEAB-A412BDFF6818', NULL, N'{"status": "updated"}', N'197.174.91.197', N'Mozilla/5.0 (Windows NT 10.0; Win64; x64) AppleWebKit/537.36', N'2025-11-30 16:04:27'),
(N'964DBC84-8CC4-4D2F-8659-A28F4DEDD6AB', N'28A24306-65C3-4488-9AB9-D79C3F6DE766', N'DELETE', N'print_job', N'E6059D53-B81C-4A6C-8ABA-63D0100A23B1', NULL, NULL, N'222.206.186.77', N'Mozilla/5.0 (X11; Linux x86_64) AppleWebKit/537.36', N'2025-06-12 16:04:27'),
(N'D3FDCB26-7458-4A04-AE02-83C520325751', N'18C717AB-83F3-4D15-AA08-6E19B2552B24', N'SELECT', N'staff', N'A6EDE3D1-4E64-4B3F-8B4B-8F7EED4A2DAE', NULL, NULL, N'220.235.82.114', N'Mozilla/5.0 (X11; Linux x86_64) AppleWebKit/537.36', N'2025-08-12 16:04:27'),
(N'67A909E3-EAED-4125-BA1B-F04F1EF4ED5A', N'530193B5-4708-4993-A914-F453A01A3D39', N'SELECT', N'system_configuration', N'71DFEEF4-B2F4-436C-94B2-1352E4E31A58', NULL, NULL, N'207.191.91.8', N'Mozilla/5.0 (Macintosh; Intel Mac OS X 10_15_7) AppleWebKit/537.36', N'2025-05-25 16:04:27'),
(N'BF6C3297-5DE1-4B69-81B2-4AD90B1D0F1A', N'46B4C675-CA42-4565-93C6-A6E9C27F77DB', N'INSERT', N'student', N'8561F1B6-760A-4C14-AFFF-D9CCE08067BC', NULL, NULL, N'220.237.106.168', N'Mozilla/5.0 (Macintosh; Intel Mac OS X 10_15_7) AppleWebKit/537.36', N'2025-04-03 16:04:27'),
(N'7A567F63-5C22-42BF-8404-077EF9D2D6F6', N'7F9A1D1F-7619-4155-8049-ECE8770E04B1', N'DELETE', N'user', N'8B204B27-155B-4611-851A-53C22DF82A9A', NULL, NULL, N'202.229.91.146', N'Mozilla/5.0 (X11; Linux x86_64) AppleWebKit/537.36', N'2025-06-18 16:04:27'),
(N'CA8362B2-BAED-4ED8-94F9-15B73EA260AA', N'0D3E62E8-B8DC-4723-8801-D54BFE39772D', N'DELETE', N'student', N'97CDC40F-218E-497F-B531-DD9D7C40E9F8', NULL, NULL, N'242.218.175.95', N'Mozilla/5.0 (Windows NT 10.0; Win64; x64) AppleWebKit/537.36', N'2025-03-12 16:04:27'),
(N'150A9631-5706-48AD-9872-39F2E93A5670', N'E40DA9EA-5268-4A2C-A1D4-B5BDC37EE86A', N'UPDATE', N'print_job', N'FC129740-A45C-4DB0-8A47-ADE890933AAD', NULL, N'{"status": "updated"}', N'231.249.126.79', N'Mozilla/5.0 (Windows NT 10.0; Win64; x64) AppleWebKit/537.36', N'2025-10-25 16:04:27'),
(N'B3FD6909-5287-4EEB-A8CB-F27CE6B22566', N'253AC6A0-038C-4FE5-B9CF-441A0BA152E2', N'DELETE', N'staff', N'D7267E3C-9FF5-489F-813B-4ED50E58D19C', NULL, NULL, N'241.243.18.79', N'Mozilla/5.0 (Macintosh; Intel Mac OS X 10_15_7) AppleWebKit/537.36', N'2025-12-03 16:04:27'),
(N'BDD67A1C-D386-4725-A366-BED47A47FE2C', N'FE9241F9-DB5F-4B7F-B6BA-DE4987C911C6', N'UPDATE', N'user', N'3E2C0E40-0461-4646-A93C-0303CE9F870B', NULL, N'{"status": "updated"}', N'255.176.216.136', N'Mozilla/5.0 (Macintosh; Intel Mac OS X 10_15_7) AppleWebKit/537.36', N'2025-06-12 16:04:27'),
(N'C46029AC-1172-4591-AC45-0340D5B38362', N'7E8DC29D-EBE9-435B-A8BD-30328B21CD66', N'DELETE', N'staff', N'85680D6B-E44F-476D-864F-4589623679F4', NULL, NULL, N'234.186.219.45', N'Mozilla/5.0 (Macintosh; Intel Mac OS X 10_15_7) AppleWebKit/537.36', N'2025-04-29 16:04:27'),
(N'2C32C39C-B8A7-48A0-8442-7B62EBC1DE95', N'A8394F12-87AD-48E1-985B-121DC04F4EAB', N'UPDATE', N'student', N'6D41FC69-D326-421C-9052-905F38F4BEB2', NULL, N'{"status": "updated"}', N'225.248.9.170', N'Mozilla/5.0 (Macintosh; Intel Mac OS X 10_15_7) AppleWebKit/537.36', N'2025-12-26 16:04:27'),
(N'C3EE2517-49B1-46C9-9923-3BBC1FA98E86', N'8F8CE87D-775A-430E-BFF5-3951D723082C', N'DELETE', N'user', N'55C420DE-DE2D-470F-859B-20F7CB751C34', NULL, NULL, N'232.197.99.89', N'Mozilla/5.0 (Windows NT 10.0; Win64; x64) AppleWebKit/537.36', N'2025-05-17 16:04:27'),
(N'948FB972-2B91-41B8-9568-72EF3C8E81CA', N'E01F9537-78ED-4286-902C-FC570E17621F', N'UPDATE', N'user', N'AE79B7F2-566F-4F3D-8202-195F3826A35C', NULL, N'{"status": "updated"}', N'212.207.87.207', N'Mozilla/5.0 (Windows NT 10.0; Win64; x64) AppleWebKit/537.36', N'2025-12-13 16:04:27'),
(N'E7203F74-98E7-4FE7-B4A5-4D6EEA9C4982', N'7C738365-5A0A-486F-AD02-85D22A431855', N'SELECT', N'print_job', N'243F1041-AE0A-40E4-B3FB-D420079C515A', NULL, NULL, N'225.188.102.28', N'Mozilla/5.0 (Windows NT 10.0; Win64; x64) AppleWebKit/537.36', N'2025-09-27 16:04:27'),
(N'9825ED87-C9C5-4EBB-A3F0-123030AA0989', N'542A50ED-0F9E-47C2-9216-07C0D29FFF50', N'UPDATE', N'print_job', N'EF9D96F0-143E-46F1-8C8E-D64912BD305C', NULL, N'{"status": "updated"}', N'227.192.57.214', N'Mozilla/5.0 (Macintosh; Intel Mac OS X 10_15_7) AppleWebKit/537.36', N'2025-02-22 16:04:27'),
(N'E2201488-A540-4CA6-8400-5ECDA2C33BED', N'B612B279-965D-4A7D-9B5F-00B6640DD220', N'DELETE', N'system_configuration', N'8B8EF191-5532-4541-AA7E-092511857A72', NULL, NULL, N'254.244.105.53', N'Mozilla/5.0 (X11; Linux x86_64) AppleWebKit/537.36', N'2025-01-04 16:04:27'),
(N'E792F4A7-2F17-4255-BD53-E98B9600F846', N'E40DA9EA-5268-4A2C-A1D4-B5BDC37EE86A', N'SELECT', N'system_configuration', N'4300224E-7D2E-4F3D-A98E-1227A9A857DE', NULL, NULL, N'251.233.240.187', N'Mozilla/5.0 (Windows NT 10.0; Win64; x64) AppleWebKit/537.36', N'2025-05-15 16:04:27'),
(N'F3CC022D-7E7F-47D1-8A30-C8BADB2D243A', N'9614180A-0320-4E14-B8B6-E2B5A931782A', N'UPDATE', N'student', N'7FAE6EC1-2643-44E3-8AE4-D029D53FCDAC', NULL, N'{"status": "updated"}', N'222.229.108.71', N'Mozilla/5.0 (X11; Linux x86_64) AppleWebKit/537.36', N'2025-02-28 16:04:27'),
(N'00880683-6DAA-4CCE-9859-D505B100650F', N'86425D44-C804-4D52-8282-AD1DC71093F7', N'INSERT', N'student', N'B5289D19-2BC6-4079-A92A-3A64080E9954', NULL, NULL, N'240.235.181.105', N'Mozilla/5.0 (Windows NT 10.0; Win64; x64) AppleWebKit/537.36', N'2025-08-16 16:04:27'),
(N'F3E26099-0D3D-4918-AA62-A6DC3B070FD3', N'745E6461-C292-46A6-80D3-1D8526022FB6', N'DELETE', N'system_configuration', N'CC2F46C2-E746-4097-9DB4-A7675EBB231E', NULL, NULL, N'218.248.106.55', N'Mozilla/5.0 (Macintosh; Intel Mac OS X 10_15_7) AppleWebKit/537.36', N'2025-06-19 16:04:27'),
(N'C4A5CF3C-EA06-4CB4-98BF-2BC10C161DE7', N'022C2233-8975-4DAE-9C01-15D06D2D4473', N'UPDATE', N'staff', N'62412077-84AB-4B97-AE13-774F016F2B28', NULL, N'{"status": "updated"}', N'242.181.164.104', N'Mozilla/5.0 (Windows NT 10.0; Win64; x64) AppleWebKit/537.36', N'2025-05-01 16:04:27'),
(N'91AFF0DA-22B8-437B-87E0-DF77DDD64939', N'7A3CBBA8-05C2-44D9-8E1A-634D9F14E8BF', N'UPDATE', N'user', N'EA9EC045-58A4-4ABF-8D47-9ECE2EAF8A63', NULL, N'{"status": "updated"}', N'238.219.169.138', N'Mozilla/5.0 (Macintosh; Intel Mac OS X 10_15_7) AppleWebKit/537.36', N'2025-01-12 16:04:27'),
(N'89DFE95B-E163-4E18-9B4E-C6E67815D03B', N'CF9D301F-D85C-45A8-AFF5-AA94157E0265', N'SELECT', N'print_job', N'23B686B8-CA99-41FA-925D-111A9BB32552', NULL, NULL, N'248.190.97.212', N'Mozilla/5.0 (Windows NT 10.0; Win64; x64) AppleWebKit/537.36', N'2025-03-30 16:04:27'),
(N'2F1A688F-CDD3-44BC-8B81-B6348841A5EA', N'A3CA59C1-180A-428A-9CB4-18B4298AF71A', N'INSERT', N'print_job', N'02A3E972-7202-4B36-B1D2-AB6A2F0F6E04', NULL, NULL, N'227.232.210.161', N'Mozilla/5.0 (X11; Linux x86_64) AppleWebKit/537.36', N'2025-06-29 16:04:27'),
(N'9280C89B-C774-4272-BC80-B4A4DC78389A', N'57A68D83-59F8-43D3-B3B7-F020FB4D74FE', N'SELECT', N'student', N'13B41959-29DE-427E-A897-651E05E5CFA6', NULL, NULL, N'202.203.72.219', N'Mozilla/5.0 (Windows NT 10.0; Win64; x64) AppleWebKit/537.36', N'2025-01-19 16:04:27'),
(N'CC7EDBD9-8C57-4BD1-971F-675E749F133C', N'8F8CE87D-775A-430E-BFF5-3951D723082C', N'SELECT', N'print_job', N'0D58FAF6-F677-4876-8FF7-751990D32D65', NULL, NULL, N'227.251.109.237', N'Mozilla/5.0 (Windows NT 10.0; Win64; x64) AppleWebKit/537.36', N'2025-12-26 16:04:27'),
(N'C350796A-DC92-4C25-ADE3-290227922B07', N'D5A476BC-1880-49F4-A0DE-82E780E3EBC9', N'UPDATE', N'user', N'59946320-4800-4AFC-8430-79170BFF12A6', NULL, N'{"status": "updated"}', N'216.236.32.190', N'Mozilla/5.0 (X11; Linux x86_64) AppleWebKit/537.36', N'2025-05-20 16:04:27'),
(N'6B7B2ED5-1539-4C52-85B3-A13A2F6B30A8', N'7F9A1D1F-7619-4155-8049-ECE8770E04B1', N'DELETE', N'student', N'DDC0B51C-199E-401F-808E-01D643D3ED05', NULL, NULL, N'234.249.109.12', N'Mozilla/5.0 (Windows NT 10.0; Win64; x64) AppleWebKit/537.36', N'2025-08-26 16:04:27'),
(N'69A2C308-2BEB-4853-825B-6650B34EA5D5', N'CD46E053-C9E8-4E92-B267-09D50A2F233B', N'INSERT', N'user', N'0C4F9C71-1F10-4714-B708-E25F9BF56D55', NULL, NULL, N'193.188.102.2', N'Mozilla/5.0 (Windows NT 10.0; Win64; x64) AppleWebKit/537.36', N'2025-09-03 16:04:27'),
(N'09E64AA3-5D88-4060-B831-D0899242547E', N'7643C449-AB14-4D11-80A4-050680AD76BE', N'DELETE', N'student', N'FFA8DF05-D199-4460-A5EF-05E64FD728BB', NULL, NULL, N'253.219.7.96', N'Mozilla/5.0 (Windows NT 10.0; Win64; x64) AppleWebKit/537.36', N'2025-09-24 16:04:27'),
(N'4B4A415E-C0B5-4814-8DCF-AD80BD5ECB31', N'82BA62AB-5DFE-4DF7-ADDF-586A173444E0', N'DELETE', N'user', N'D319A803-7426-4ACA-973D-DE8A8862F607', NULL, NULL, N'192.172.144.43', N'Mozilla/5.0 (Macintosh; Intel Mac OS X 10_15_7) AppleWebKit/537.36', N'2025-08-25 16:04:27'),
(N'DC4A8051-B6AA-467A-9930-5489B1943534', N'A7991284-B499-4F1A-8132-CF07FADDA01E', N'DELETE', N'print_job', N'163E610A-0510-4662-A37F-2D49F2C25BCF', NULL, NULL, N'194.175.11.134', N'Mozilla/5.0 (Windows NT 10.0; Win64; x64) AppleWebKit/537.36', N'2025-03-22 16:04:27'),
(N'02901117-A3D6-4582-BA87-E057F70465DA', N'5EE4B9D5-C23C-4D00-9AAD-73D4C60CCB93', N'DELETE', N'user', N'DD30F453-0310-4CA3-8136-8607AEE62A20', NULL, NULL, N'200.227.191.112', N'Mozilla/5.0 (X11; Linux x86_64) AppleWebKit/537.36', N'2025-07-31 16:04:27'),
(N'418BFFAD-C080-40DA-8044-1A3AF6AFFDE7', N'542A50ED-0F9E-47C2-9216-07C0D29FFF50', N'DELETE', N'system_configuration', N'3DD0A623-DBF4-4EDC-B928-63C2B51606BC', NULL, NULL, N'240.225.228.1', N'Mozilla/5.0 (Macintosh; Intel Mac OS X 10_15_7) AppleWebKit/537.36', N'2025-01-30 16:04:27'),
(N'B7754C54-D98B-4C79-91B3-87BC8E974EA4', N'13A20AB2-05DB-44A8-AE8F-061849A096F1', N'INSERT', N'system_configuration', N'01C89CB4-A8BD-4B83-A5DB-385514205F98', NULL, NULL, N'233.184.150.205', N'Mozilla/5.0 (Windows NT 10.0; Win64; x64) AppleWebKit/537.36', N'2025-07-11 16:04:27'),
(N'C2C0B6AA-DCCB-4938-8A04-AE50768582C4', N'7643C449-AB14-4D11-80A4-050680AD76BE', N'SELECT', N'staff', N'D83EEB46-C038-4BE5-A192-17DE3B1269F0', NULL, NULL, N'224.203.182.10', N'Mozilla/5.0 (X11; Linux x86_64) AppleWebKit/537.36', N'2025-11-21 16:04:27'),
(N'F7E9EB5E-70FD-4823-9503-FEA42549DD55', N'FE9241F9-DB5F-4B7F-B6BA-DE4987C911C6', N'DELETE', N'print_job', N'D3C5EA62-51DC-46E4-97B3-D2303321C704', NULL, NULL, N'232.175.189.226', N'Mozilla/5.0 (Windows NT 10.0; Win64; x64) AppleWebKit/537.36', N'2025-01-19 16:04:27'),
(N'6319D71C-43BE-4BA8-9BAA-25BE7A663103', N'AF8A77B4-8B80-4CE4-8EB6-E22EA5AF073E', N'INSERT', N'system_configuration', N'0C6EB3BF-5E27-4068-B75B-66AD8AD89767', NULL, NULL, N'223.198.76.67', N'Mozilla/5.0 (X11; Linux x86_64) AppleWebKit/537.36', N'2025-08-11 16:04:27'),
(N'2BE43929-28F6-42E1-82AC-95963D5A6571', N'0A0377EC-F5AC-4DC1-B9B9-94DA7F70DDD0', N'DELETE', N'system_configuration', N'80631FA4-0B37-4F4E-8C04-388AC31ADE3C', NULL, NULL, N'224.217.185.173', N'Mozilla/5.0 (X11; Linux x86_64) AppleWebKit/537.36', N'2025-05-08 16:04:27'),
(N'718BD04D-0349-446B-A5BC-E200EB1FEBA2', N'427B2D1B-631A-4771-B311-125B46D0F39F', N'INSERT', N'staff', N'13D07F98-2216-40D5-BD3E-7EDBCF589075', NULL, NULL, N'207.208.135.27', N'Mozilla/5.0 (Macintosh; Intel Mac OS X 10_15_7) AppleWebKit/537.36', N'2025-08-16 16:04:27'),
(N'5058061F-6598-4D39-8E56-F90395F8FD60', N'10A3C250-3D43-4BF0-B06A-AF8DF7CE2C80', N'DELETE', N'print_job', N'58EE5568-38B9-49A1-8949-17F60773079C', NULL, NULL, N'217.226.77.163', N'Mozilla/5.0 (Macintosh; Intel Mac OS X 10_15_7) AppleWebKit/537.36', N'2025-12-23 16:04:27'),
(N'9E50EE2D-7860-457D-A95D-41339145E60F', N'022C2233-8975-4DAE-9C01-15D06D2D4473', N'DELETE', N'user', N'39A206C3-0557-4DA5-83D7-6C284FF04AAB', NULL, NULL, N'235.210.68.162', N'Mozilla/5.0 (Macintosh; Intel Mac OS X 10_15_7) AppleWebKit/537.36', N'2025-07-18 16:04:27'),
(N'E7190DEE-3940-4FF0-A2B9-59798367F434', N'5C057E90-AC49-46EB-A079-EACFB4990C06', N'DELETE', N'user', N'2E737E16-BA5F-4C3B-8BE1-852B34497746', NULL, NULL, N'199.235.139.60', N'Mozilla/5.0 (X11; Linux x86_64) AppleWebKit/537.36', N'2025-01-29 16:04:27');


-- ============================================

-- LANGUAGE AND TRANSLATION DATA

-- ============================================


-- Languages

INSERT INTO language (language_id, language_name, acronym, created_at) VALUES
(N'68D9930C-588D-4FE4-8520-1E2BF0B4F785', N'English', N'en', N'2025-12-27 16:04:27'),
(N'E482D943-04FB-46AE-A56E-C75558132005', N'Vietnamese', N'vi', N'2025-12-27 16:04:27');


-- Name Translations (Vietnamese)

INSERT INTO name_translation (translation_id, table_name, entry_id, column_name, language_id, translation, created_at) VALUES
(N'38D8D435-C3E7-4AAB-8547-DADADDDE59B6', N'faculty', N'11A5E73F-43A3-4561-B7BA-33800432C988', N'faculty_name', N'E482D943-04FB-46AE-A56E-C75558132005', N'Kỹ thuật Cơ khí', N'2025-12-27 16:04:27'),
(N'5B905295-22C6-4109-BAE0-CA9667904EB7', N'faculty', N'11A5E73F-43A3-4561-B7BA-33800432C988', N'description', N'E482D943-04FB-46AE-A56E-C75558132005', N'Khoa Kỹ thuật Cơ khí', N'2025-12-27 16:04:27'),
(N'F953315D-A0C7-401C-9B27-E65A3EA5A9DC', N'department', N'B1354D0F-68FC-46FB-8670-BB4D13C198AE', N'department_name', N'E482D943-04FB-46AE-A56E-C75558132005', N'Khoa học Máy tính', N'2025-12-27 16:04:27'),
(N'7309BDFD-A9E6-44B9-9FCD-891AE8D05392', N'department', N'B1354D0F-68FC-46FB-8670-BB4D13C198AE', N'description', N'E482D943-04FB-46AE-A56E-C75558132005', N'Bộ môn Khoa học Máy tính', N'2025-12-27 16:04:27'),
(N'EBC996AB-B4BB-42DB-98EB-2DFB8933E852', N'department', N'6361E387-B97F-435F-A73A-51DBA2F7B596', N'department_name', N'E482D943-04FB-46AE-A56E-C75558132005', N'Kỹ thuật Máy tính', N'2025-12-27 16:04:27'),
(N'7D32A85A-0CA2-4AEF-9230-DA193A30A1C0', N'department', N'6361E387-B97F-435F-A73A-51DBA2F7B596', N'description', N'E482D943-04FB-46AE-A56E-C75558132005', N'Bộ môn Kỹ thuật Máy tính', N'2025-12-27 16:04:27'),
(N'2BCCC427-2072-4A02-BC81-B785237E5E9D', N'department', N'1889472F-E957-4ED5-B03B-CAC3A07E0425', N'department_name', N'E482D943-04FB-46AE-A56E-C75558132005', N'Kỹ thuật Điện', N'2025-12-27 16:04:27'),
(N'A8972AB4-104C-4ECA-A431-579AEEBF39E1', N'department', N'1889472F-E957-4ED5-B03B-CAC3A07E0425', N'description', N'E482D943-04FB-46AE-A56E-C75558132005', N'Bộ môn Kỹ thuật Điện', N'2025-12-27 16:04:27'),
(N'52488D75-BCF7-46CA-8DFB-BA6734096285', N'department', N'249C8186-D31C-4FBB-A3C6-25D55C13D038', N'department_name', N'E482D943-04FB-46AE-A56E-C75558132005', N'Kỹ thuật Điện tử', N'2025-12-27 16:04:27'),
(N'60FD189B-E89D-4BDC-BFE8-DE4D220C9E71', N'department', N'249C8186-D31C-4FBB-A3C6-25D55C13D038', N'description', N'E482D943-04FB-46AE-A56E-C75558132005', N'Bộ môn Kỹ thuật Điện tử', N'2025-12-27 16:04:27'),
(N'ABCE5770-51DF-4F9D-938F-F37C520BBF80', N'department', N'AB9C26D1-94A3-47FA-B86E-0437F6043093', N'department_name', N'E482D943-04FB-46AE-A56E-C75558132005', N'Kỹ thuật Cơ khí', N'2025-12-27 16:04:27'),
(N'BC0D7ABF-C12A-428E-BC5E-900ECB62818F', N'department', N'AB9C26D1-94A3-47FA-B86E-0437F6043093', N'description', N'E482D943-04FB-46AE-A56E-C75558132005', N'Bộ môn Kỹ thuật Cơ khí', N'2025-12-27 16:04:27'),
(N'6942AB27-5916-433F-B8FB-EDA8F5DA00E3', N'major', N'675EDBA2-9119-44A7-8651-D2A3578F76AD', N'major_name', N'E482D943-04FB-46AE-A56E-C75558132005', N'Khoa học Máy tính', N'2025-12-27 16:04:27'),
(N'99B1E30A-FF63-46A5-8F8F-B3635A67CA1B', N'major', N'675EDBA2-9119-44A7-8651-D2A3578F76AD', N'description', N'E482D943-04FB-46AE-A56E-C75558132005', N'Ngành Khoa học Máy tính', N'2025-12-27 16:04:27'),
(N'F2C1B4A4-6F37-4441-9B01-C347092C4DA2', N'major', N'62145234-21FE-404F-9FBE-2D5F09AD5645', N'major_name', N'E482D943-04FB-46AE-A56E-C75558132005', N'Khoa học Dữ liệu', N'2025-12-27 16:04:27'),
(N'56FA5286-1BBF-44AE-87BB-B381B6761B3A', N'major', N'62145234-21FE-404F-9FBE-2D5F09AD5645', N'description', N'E482D943-04FB-46AE-A56E-C75558132005', N'Ngành Khoa học Dữ liệu', N'2025-12-27 16:04:27'),
(N'625FCC9C-1EE6-43F2-8763-0BF48E71B687', N'major', N'A050906E-DB6B-4B5D-AF56-1D83711515E6', N'major_name', N'E482D943-04FB-46AE-A56E-C75558132005', N'Kỹ thuật Máy tính', N'2025-12-27 16:04:27'),
(N'56BD172C-0BFB-44C4-B9C8-09660DD760BC', N'major', N'A050906E-DB6B-4B5D-AF56-1D83711515E6', N'description', N'E482D943-04FB-46AE-A56E-C75558132005', N'Ngành Kỹ thuật Máy tính', N'2025-12-27 16:04:27'),
(N'27F38F27-7109-4B01-856D-C73EFE37F10D', N'major', N'7CC4E3EA-4AB4-4002-86E2-AF82D108CD5D', N'major_name', N'E482D943-04FB-46AE-A56E-C75558132005', N'Kỹ thuật Phần mềm', N'2025-12-27 16:04:27'),
(N'88EDDF7D-C2B4-4484-B742-E57750193D6B', N'major', N'7CC4E3EA-4AB4-4002-86E2-AF82D108CD5D', N'description', N'E482D943-04FB-46AE-A56E-C75558132005', N'Ngành Kỹ thuật Phần mềm', N'2025-12-27 16:04:27'),
(N'68D43137-BD33-4E29-ACA7-3D2E6C163590', N'major', N'1D0CA21C-C344-4EA7-AD89-B16478BE6631', N'major_name', N'E482D943-04FB-46AE-A56E-C75558132005', N'Hệ thống Thông tin', N'2025-12-27 16:04:27'),
(N'25AAE359-43D3-409A-B0B5-1AE23278CABB', N'major', N'1D0CA21C-C344-4EA7-AD89-B16478BE6631', N'description', N'E482D943-04FB-46AE-A56E-C75558132005', N'Ngành Hệ thống Thông tin', N'2025-12-27 16:04:27'),
(N'940A2D9C-48DC-4CA0-AC72-1DF1E2CD81BA', N'major', N'FAF8F214-B3F8-40D7-83F8-934DEFE447F3', N'major_name', N'E482D943-04FB-46AE-A56E-C75558132005', N'Kỹ thuật Điện', N'2025-12-27 16:04:27'),
(N'87D317AA-A269-4280-B591-6BAB1B85CE4D', N'major', N'FAF8F214-B3F8-40D7-83F8-934DEFE447F3', N'description', N'E482D943-04FB-46AE-A56E-C75558132005', N'Ngành Kỹ thuật Điện', N'2025-12-27 16:04:27'),
(N'FEB9552D-9187-40D9-A0BF-BA728B7BCE3E', N'major', N'954D9B01-C954-46A4-906E-6C4A654E714A', N'major_name', N'E482D943-04FB-46AE-A56E-C75558132005', N'Kỹ thuật Điện tử', N'2025-12-27 16:04:27'),
(N'A2CDB9F4-7FB9-4A39-B5B4-AFCD1E1B4301', N'major', N'954D9B01-C954-46A4-906E-6C4A654E714A', N'description', N'E482D943-04FB-46AE-A56E-C75558132005', N'Ngành Kỹ thuật Điện tử', N'2025-12-27 16:04:27'),
(N'6C78BCDA-8601-4529-830E-1872386D180E', N'major', N'901A40D9-779B-44ED-9785-86275332EFB9', N'major_name', N'E482D943-04FB-46AE-A56E-C75558132005', N'Kỹ thuật Viễn thông', N'2025-12-27 16:04:27'),
(N'CB9C7BBE-75BB-4559-B971-80142B8C5BD5', N'major', N'901A40D9-779B-44ED-9785-86275332EFB9', N'description', N'E482D943-04FB-46AE-A56E-C75558132005', N'Ngành Kỹ thuật Viễn thông', N'2025-12-27 16:04:27'),
(N'7C06C56F-7CE2-43E2-8278-4019BD77CB55', N'major', N'3EDDDF28-82FC-4340-B1EA-ACB28B586ACF', N'major_name', N'E482D943-04FB-46AE-A56E-C75558132005', N'Kỹ thuật Cơ khí', N'2025-12-27 16:04:27'),
(N'B65CE5B8-A3B1-48A1-AB8D-4C2D2EF66E61', N'major', N'3EDDDF28-82FC-4340-B1EA-ACB28B586ACF', N'description', N'E482D943-04FB-46AE-A56E-C75558132005', N'Ngành Kỹ thuật Cơ khí', N'2025-12-27 16:04:27'),
(N'91F9812B-BD93-46F8-9A69-1DFDCB5E62D8', N'major', N'304E45CF-EE74-4E2A-929A-2276436C4EC6', N'major_name', N'E482D943-04FB-46AE-A56E-C75558132005', N'Kỹ thuật Ô tô', N'2025-12-27 16:04:27'),
(N'98628100-2F90-4CB8-B113-B34C9BBFEE63', N'major', N'304E45CF-EE74-4E2A-929A-2276436C4EC6', N'description', N'E482D943-04FB-46AE-A56E-C75558132005', N'Ngành Kỹ thuật Ô tô', N'2025-12-27 16:04:27'),
(N'E6DC62A9-ABDE-460F-A172-1D82E7F29049', N'major', N'0FC0A0CD-69AD-46E1-A1D0-E9F75A2F4D9E', N'major_name', N'E482D943-04FB-46AE-A56E-C75558132005', N'Kỹ thuật Sản xuất', N'2025-12-27 16:04:27'),
(N'8BB1DCA9-6C87-4F83-96C3-8F9662097054', N'major', N'0FC0A0CD-69AD-46E1-A1D0-E9F75A2F4D9E', N'description', N'E482D943-04FB-46AE-A56E-C75558132005', N'Ngành Kỹ thuật Sản xuất', N'2025-12-27 16:04:27'),
(N'9E7A0E0A-06C8-488D-A41C-109392460E19', N'major', N'84A75F51-AFF1-4F7C-AC55-9DF53F362BC8', N'major_name', N'E482D943-04FB-46AE-A56E-C75558132005', N'Kỹ thuật Cơ điện tử', N'2025-12-27 16:04:27'),
(N'37FE3D57-CE6C-4164-BF91-EADB4D07AD4A', N'major', N'84A75F51-AFF1-4F7C-AC55-9DF53F362BC8', N'description', N'E482D943-04FB-46AE-A56E-C75558132005', N'Ngành Kỹ thuật Cơ điện tử', N'2025-12-27 16:04:27'),
(N'4709A06F-69D5-4B90-8AEB-8A742D8043E3', N'building', N'843BB6BB-F68C-42AF-B486-0E432F20EE2E', N'campus_name', N'E482D943-04FB-46AE-A56E-C75558132005', N'Khuôn viên chính', N'2025-12-27 16:04:27'),
(N'1B9B0A18-D4A1-4B0B-864B-D95F7B09330F', N'building', N'8BE2116C-800C-4EE9-84A4-EAB2BBED07B9', N'campus_name', N'E482D943-04FB-46AE-A56E-C75558132005', N'Khuôn viên chính', N'2025-12-27 16:04:27'),
(N'0E58F297-A196-4234-A3B8-F11839D0C4D5', N'building', N'3855B0D5-563F-482E-82AF-64F213D5C0E0', N'campus_name', N'E482D943-04FB-46AE-A56E-C75558132005', N'Khuôn viên chính', N'2025-12-27 16:04:27'),
(N'9EEBC154-A60E-407E-84DC-1AB8CC066BCE', N'room', N'0F8223D8-2663-448B-B4C7-E7D889B25136', N'room_name', N'E482D943-04FB-46AE-A56E-C75558132005', N'Phòng phần mềm', N'2025-12-27 16:04:27'),
(N'E32F80E7-467C-429A-BFE2-9FB6C0417650', N'room', N'120026CF-5900-4F63-8339-3566A7F87856', N'room_name', N'E482D943-04FB-46AE-A56E-C75558132005', N'Hội trường', N'2025-12-27 16:04:27'),
(N'2B02BB12-4C0F-4AEE-9C63-F4D0F12DBA47', N'room', N'6918AFED-A6D5-4DF3-9791-AEFFF5062AF3', N'room_name', N'E482D943-04FB-46AE-A56E-C75558132005', N'Khu học tập', N'2025-12-27 16:04:27'),
(N'E50866D5-95A5-4AD9-A9D1-1381958485DB', N'room', N'21CAB82A-F676-418D-9E69-4DE4CE40A14D', N'room_name', N'E482D943-04FB-46AE-A56E-C75558132005', N'Nhà vệ sinh Nam', N'2025-12-27 16:04:27'),
(N'F41947A3-1968-4FA3-846E-C17E2200AE11', N'room', N'5049FF0E-D438-4F0A-BE6B-E74594EE078C', N'room_name', N'E482D943-04FB-46AE-A56E-C75558132005', N'Nhà vệ sinh Nữ', N'2025-12-27 16:04:27'),
(N'66A11F0D-059C-40BE-B81D-49A404F936AD', N'room', N'2C2501F8-A61F-4188-9DD4-C261CC52AA7F', N'room_name', N'E482D943-04FB-46AE-A56E-C75558132005', N'Văn phòng', N'2025-12-27 16:04:27'),
(N'6828904F-C452-4149-BD84-29BA525D31A2', N'room', N'CFCC8FED-A4EA-4AED-8B90-7BAC341F2161', N'room_name', N'E482D943-04FB-46AE-A56E-C75558132005', N'Phòng học', N'2025-12-27 16:04:27'),
(N'A7FC7419-8292-4A57-A77B-37E9B5C775C5', N'room', N'D6B122F6-3847-4769-AAD0-625883B67547', N'room_name', N'E482D943-04FB-46AE-A56E-C75558132005', N'Phòng máy tính', N'2025-12-27 16:04:27'),
(N'4E747CC3-E74A-43CA-8EA1-A4E8E63284CB', N'room', N'B7A01359-B9BB-4FD5-938A-A7CCBC9D0FC3', N'room_name', N'E482D943-04FB-46AE-A56E-C75558132005', N'Kho vật tư', N'2025-12-27 16:04:27'),
(N'AC1CAF53-AF2C-4A4A-8BE1-65568B24EE38', N'room', N'2636CB37-29E8-44A0-A16D-84275A60D839', N'room_name', N'E482D943-04FB-46AE-A56E-C75558132005', N'Hội trường', N'2025-12-27 16:04:27'),
(N'CCCCEA9C-559E-4F6C-9991-F7335DACFD31', N'room', N'2B452BB0-BF51-498D-8AAF-953E46578F5D', N'room_name', N'E482D943-04FB-46AE-A56E-C75558132005', N'Khu chung', N'2025-12-27 16:04:27'),
(N'7523C1EC-27DC-4D7A-A308-9B524B5244DB', N'room', N'636C6748-A27E-4593-820F-1DA3208A9DE8', N'room_name', N'E482D943-04FB-46AE-A56E-C75558132005', N'Phòng đọc', N'2025-12-27 16:04:27'),
(N'25B08BEC-2FEE-4152-A94B-C55C59BCBC4C', N'room', N'D6BCB6AD-360D-4FA8-A515-1BDC35C5D943', N'room_name', N'E482D943-04FB-46AE-A56E-C75558132005', N'Giảng đường', N'2025-12-27 16:04:27'),
(N'20983610-EEE9-4881-9927-A37AE3303815', N'room', N'8245DF31-DCCD-4B87-9A71-AEAF81A0C0EE', N'room_name', N'E482D943-04FB-46AE-A56E-C75558132005', N'Phòng phần cứng', N'2025-12-27 16:04:27'),
(N'AF4CC7E1-A906-4D0E-8B6B-B4AB2AE195B6', N'room', N'2EBDC7E8-2D80-4104-B1CF-DCF38DB43700', N'room_name', N'E482D943-04FB-46AE-A56E-C75558132005', N'Nhà vệ sinh Nam', N'2025-12-27 16:04:27'),
(N'A4310AE9-EFB2-454E-B689-9849A8CB516E', N'room', N'47F2CA43-9A1C-40D2-BDB4-B94137D9A9AC', N'room_name', N'E482D943-04FB-46AE-A56E-C75558132005', N'Nhà vệ sinh Nữ', N'2025-12-27 16:04:27'),
(N'91474962-1274-4E57-BE0B-01386F12D8CA', N'room', N'2599E322-DBBD-4892-81D9-54F41BDB90FA', N'room_name', N'E482D943-04FB-46AE-A56E-C75558132005', N'Thư viện', N'2025-12-27 16:04:27'),
(N'6D042278-C0C2-4CD4-9762-E879A48636B1', N'room', N'AB36E26D-E1A7-403F-BAB5-B48FE2967C5F', N'room_name', N'E482D943-04FB-46AE-A56E-C75558132005', N'Văn phòng Khoa', N'2025-12-27 16:04:27'),
(N'1A47CA81-8E9E-4536-ADF9-6B3FA62180BE', N'room', N'B9EB076E-3385-4A55-B75D-C0DC8BF77EA6', N'room_name', N'E482D943-04FB-46AE-A56E-C75558132005', N'Phòng hội thảo', N'2025-12-27 16:04:27'),
(N'175649BF-7866-4446-812F-79BBBBB30A39', N'room', N'B5F11EF8-EF94-4FE3-8DBF-1071D86F0A0A', N'room_name', N'E482D943-04FB-46AE-A56E-C75558132005', N'Phòng lập trình', N'2025-12-27 16:04:27'),
(N'7DDF7340-47D4-4456-9C76-A9656D661AF4', N'room', N'C787B209-1F02-4247-8A1A-AD1300D444C5', N'room_name', N'E482D943-04FB-46AE-A56E-C75558132005', N'Phòng nghỉ', N'2025-12-27 16:04:27'),
(N'AD92C663-C737-4378-9B19-9A9D7F19551D', N'room', N'2A993514-1E8D-40CE-9A65-44DBC23B4E7E', N'room_name', N'E482D943-04FB-46AE-A56E-C75558132005', N'Kho', N'2025-12-27 16:04:27'),
(N'0A3EC938-C7C4-4DA9-9D3F-49907DC0C8DB', N'room', N'D4B9AD4B-934F-4A43-BF7B-C42892E3640E', N'room_name', N'E482D943-04FB-46AE-A56E-C75558132005', N'Hội trường', N'2025-12-27 16:04:27'),
(N'0069F57F-DEE0-4CD6-AE51-9938BC89C02B', N'room', N'2BA89D0D-5004-48F3-A205-314D5F0A4756', N'room_name', N'E482D943-04FB-46AE-A56E-C75558132005', N'Khu tham khảo', N'2025-12-27 16:04:27'),
(N'EF60BCDF-8A83-435C-A8BC-4ED1181D9F01', N'room', N'0946755C-0A71-4617-9BEE-C9D6FAA34EA7', N'room_name', N'E482D943-04FB-46AE-A56E-C75558132005', N'Phòng phần mềm', N'2025-12-27 16:04:27'),
(N'87B34C2D-F64D-4DA8-A4FF-7E2D0AEFCB45', N'room', N'34EE7653-8E39-4B3A-AA86-548DEBE30643', N'room_name', N'E482D943-04FB-46AE-A56E-C75558132005', N'Phòng lập trình', N'2025-12-27 16:04:27'),
(N'57869BB3-4F4C-474E-875F-75C31E9A0CAD', N'room', N'922F4C3C-BFB0-436A-AA84-D04466CDB4A7', N'room_name', N'E482D943-04FB-46AE-A56E-C75558132005', N'Hội trường', N'2025-12-27 16:04:27'),
(N'6B6DC7FE-6C71-4E51-B3C8-1124F5CFB8B4', N'room', N'9FF622A3-FDF3-4D78-A281-A29CE8AF7DBF', N'room_name', N'E482D943-04FB-46AE-A56E-C75558132005', N'Phòng đọc', N'2025-12-27 16:04:27'),
(N'B9588ACA-BE67-4B06-811C-9B577AF25E9D', N'room', N'4F823290-8F0F-4FE8-8F8E-F9C9B70C00A0', N'room_name', N'E482D943-04FB-46AE-A56E-C75558132005', N'Nhà vệ sinh Nam', N'2025-12-27 16:04:27'),
(N'E45CBA62-B00A-43E3-9AB5-F33CF603309D', N'room', N'B9FEA77A-ECDE-4C8C-AE8E-E6F0C4101A33', N'room_name', N'E482D943-04FB-46AE-A56E-C75558132005', N'Nhà vệ sinh Nữ', N'2025-12-27 16:04:27'),
(N'A9EBC4B5-22A3-4918-8254-6C7EB8917D4C', N'room', N'16E18F98-61CE-44DC-907F-661540DE1295', N'room_name', N'E482D943-04FB-46AE-A56E-C75558132005', N'Kho vật tư', N'2025-12-27 16:04:27'),
(N'C2FAD975-6AAA-4FD8-8B7E-D769B3D897AA', N'room', N'29F47D9D-0711-40A6-8D9B-623D91BFD4ED', N'room_name', N'E482D943-04FB-46AE-A56E-C75558132005', N'Phòng lập trình', N'2025-12-27 16:04:27'),
(N'6B0F462A-4E94-466A-89A3-B633DA7CCC20', N'room', N'F1EECFF3-2030-4704-A34C-448CABBD796A', N'room_name', N'E482D943-04FB-46AE-A56E-C75558132005', N'Văn phòng Khoa', N'2025-12-27 16:04:27'),
(N'FCA17A6C-9D9B-4C36-93DB-333BADE405CE', N'room', N'BAA09090-1DBD-4244-8A04-3D1FCDEDC90D', N'room_name', N'E482D943-04FB-46AE-A56E-C75558132005', N'Giảng đường', N'2025-12-27 16:04:27'),
(N'700E23B5-F86A-4B59-919A-196388FB8AE8', N'room', N'54562502-8468-47AA-97DB-28EDA2D99210', N'room_name', N'E482D943-04FB-46AE-A56E-C75558132005', N'Phòng nghỉ', N'2025-12-27 16:04:27'),
(N'04B84FD0-48A4-41F2-A616-4601027BD66F', N'room', N'0FAC18F7-2EE7-4C24-98D5-EDB1BF81B67E', N'room_name', N'E482D943-04FB-46AE-A56E-C75558132005', N'Giảng đường', N'2025-12-27 16:04:27'),
(N'0F327B08-9DA2-425F-AAA9-2B69EAC9D12F', N'room', N'CCD3437C-2A55-4072-8179-7BED44B01D9D', N'room_name', N'E482D943-04FB-46AE-A56E-C75558132005', N'Thư viện', N'2025-12-27 16:04:27'),
(N'0D0FBF8D-4896-405F-B311-5FA04DDE2B28', N'room', N'CB06703B-018F-4B6E-AAAC-47FF0E2CCC32', N'room_name', N'E482D943-04FB-46AE-A56E-C75558132005', N'Phòng phần cứng', N'2025-12-27 16:04:27'),
(N'6AD16243-EE87-49A0-A9EF-494E70F24489', N'room', N'36F7E7E9-86B7-4E05-9BC8-C9A8EA1CC44C', N'room_name', N'E482D943-04FB-46AE-A56E-C75558132005', N'Khu học tập', N'2025-12-27 16:04:27'),
(N'E4CE7743-F7BD-4761-B730-04591B7376E2', N'room', N'28B2CF43-3764-498C-993E-A53024F343EB', N'room_name', N'E482D943-04FB-46AE-A56E-C75558132005', N'Phòng học', N'2025-12-27 16:04:27'),
(N'FE2058B1-24D9-4B8B-84AE-7615CB176A83', N'room', N'9D1D3EB6-3EA2-4CB3-BCD5-A5F549CE0645', N'room_name', N'E482D943-04FB-46AE-A56E-C75558132005', N'Phòng phần cứng', N'2025-12-27 16:04:27'),
(N'C4D0657B-0C12-4298-9AEB-08884559B5F1', N'room', N'5EEB43B5-3434-41C7-97CF-C9D6E7BF0B91', N'room_name', N'E482D943-04FB-46AE-A56E-C75558132005', N'Nhà vệ sinh Nam', N'2025-12-27 16:04:27'),
(N'3212F276-2F93-4417-A74E-696DA73FB60E', N'room', N'09040A66-3C72-4782-B824-220CF46CADD1', N'room_name', N'E482D943-04FB-46AE-A56E-C75558132005', N'Nhà vệ sinh Nữ', N'2025-12-27 16:04:27'),
(N'8379766B-AFD5-4B00-B00D-330109AB6AE9', N'room', N'29F16EF9-D783-4145-800F-6553F5833529', N'room_name', N'E482D943-04FB-46AE-A56E-C75558132005', N'Văn phòng', N'2025-12-27 16:04:27'),
(N'32AD132C-FEE2-4436-B0B5-CB27141672E9', N'room', N'0655DA47-2054-45C6-8453-30D6E95474C5', N'room_name', N'E482D943-04FB-46AE-A56E-C75558132005', N'Giảng đường', N'2025-12-27 16:04:27'),
(N'62BD3EF4-E790-4E98-914C-181B55D481AB', N'room', N'AE8A6E82-E4A3-434E-89A5-37422D015458', N'room_name', N'E482D943-04FB-46AE-A56E-C75558132005', N'Phòng phần cứng', N'2025-12-27 16:04:27'),
(N'2469BE18-32F6-4533-815B-E6E9BC97194F', N'room', N'5B8432FD-C520-4E5C-A036-BDD5018A1EFA', N'room_name', N'E482D943-04FB-46AE-A56E-C75558132005', N'Phòng giải trí', N'2025-12-27 16:04:27'),
(N'96E38364-D8D5-42CE-9F45-A8EA407F3E05', N'room', N'65AC9ACF-F1CC-462B-AD03-FD8000642791', N'room_name', N'E482D943-04FB-46AE-A56E-C75558132005', N'Phòng hội thảo', N'2025-12-27 16:04:27'),
(N'A8526A6C-ED50-4BCB-ACC8-9FDBA0C34D4A', N'room', N'D50B606C-164F-4C68-AAA8-F98AF8B8FF7B', N'room_name', N'E482D943-04FB-46AE-A56E-C75558132005', N'Khu học tập', N'2025-12-27 16:04:27'),
(N'F2EA4689-1913-4E4F-B738-330A8C4355BF', N'room', N'EFDAE3DF-E8D9-4B04-8F56-251569EF6788', N'room_name', N'E482D943-04FB-46AE-A56E-C75558132005', N'Kho', N'2025-12-27 16:04:27'),
(N'EAC6AB90-7FEC-4927-BB85-175E4ECA3FC4', N'room', N'D8206770-3299-4AAC-BA89-ABF9D1D4B3B0', N'room_name', N'E482D943-04FB-46AE-A56E-C75558132005', N'Thư viện', N'2025-12-27 16:04:27'),
(N'077350F1-029E-4354-9ED9-D5D1D8ACA357', N'room', N'1AC1918A-4D9A-4114-BB65-621EA628A849', N'room_name', N'E482D943-04FB-46AE-A56E-C75558132005', N'Giảng đường', N'2025-12-27 16:04:27'),
(N'91B61B77-EE8A-479D-99DD-6F7C161E684F', N'room', N'938EDDFE-7919-4B99-AA26-4A029BD7FB14', N'room_name', N'E482D943-04FB-46AE-A56E-C75558132005', N'Phòng phần mềm', N'2025-12-27 16:04:27'),
(N'97E93335-723A-442C-9A7D-780D88FF291C', N'room', N'E3E454FB-C7E0-4A6E-A930-D94B06B2BAEC', N'room_name', N'E482D943-04FB-46AE-A56E-C75558132005', N'Nhà vệ sinh Nam', N'2025-12-27 16:04:27'),
(N'DAF935FF-2621-4C9E-91DB-C3A3A5119984', N'room', N'C7E695DA-79D0-4AA6-B2F6-2646A23ED2B3', N'room_name', N'E482D943-04FB-46AE-A56E-C75558132005', N'Nhà vệ sinh Nữ', N'2025-12-27 16:04:27'),
(N'A1B61BA0-8AA8-4A3B-A720-A885FA46DC00', N'room', N'AED91D20-B2CD-488E-AF1D-E05EFEDDCE29', N'room_name', N'E482D943-04FB-46AE-A56E-C75558132005', N'Văn phòng Nhân viên', N'2025-12-27 16:04:27'),
(N'8DFD52F0-5765-4FE0-8C44-2BCFC1AD7218', N'room', N'DB733E8C-78BB-47E0-B8AC-5D232F550B62', N'room_name', N'E482D943-04FB-46AE-A56E-C75558132005', N'Phòng học', N'2025-12-27 16:04:27'),
(N'DC5950E8-2E95-46FF-B4A8-00D7D5A1D339', N'room', N'0B0F5614-49E8-4824-8C6E-4036651B2036', N'room_name', N'E482D943-04FB-46AE-A56E-C75558132005', N'Phòng phần mềm', N'2025-12-27 16:04:27'),
(N'1C28A46A-F9DE-432B-A8AA-4770DFB3221F', N'room', N'092AEEF7-DC62-46AD-A71E-6280B42F9812', N'room_name', N'E482D943-04FB-46AE-A56E-C75558132005', N'Phòng sinh hoạt', N'2025-12-27 16:04:27'),
(N'0C55E444-2EAF-418A-8286-8B8608ED29AC', N'room', N'D3AB9CEE-8AEA-4111-B623-7E9FAD543CC4', N'room_name', N'E482D943-04FB-46AE-A56E-C75558132005', N'Phòng học', N'2025-12-27 16:04:27'),
(N'E81D1F97-B6D2-4BD6-87B7-5C2AE2EB5545', N'room', N'F799C27D-A18C-4F91-B502-8991FEB05B6B', N'room_name', N'E482D943-04FB-46AE-A56E-C75558132005', N'Phòng đọc', N'2025-12-27 16:04:27'),
(N'ABF18CFF-5547-4DB0-A00E-63B9DBB806B2', N'room', N'39373708-9E17-45DF-9A62-A046CF05EED1', N'room_name', N'E482D943-04FB-46AE-A56E-C75558132005', N'Kho vật tư', N'2025-12-27 16:04:27'),
(N'B4504066-F6C1-46B1-86DC-00E4D42458E5', N'room', N'D1B26D63-C8B7-4C77-8D55-07B5B42F1805', N'room_name', N'E482D943-04FB-46AE-A56E-C75558132005', N'Phòng máy tính', N'2025-12-27 16:04:27'),
(N'8563CF1E-4CDB-4208-8BA5-CF4042EFB167', N'room', N'C603B25B-6E9C-4F05-BB5A-F68D3EE3C1A0', N'room_name', N'E482D943-04FB-46AE-A56E-C75558132005', N'Giảng đường', N'2025-12-27 16:04:27'),
(N'291C08D9-C8C3-47EA-9431-E83A95E67EE9', N'room', N'B6D81533-CDD7-467F-AB26-BA3D0D5B58FE', N'room_name', N'E482D943-04FB-46AE-A56E-C75558132005', N'Thư viện', N'2025-12-27 16:04:27'),
(N'4EA145B1-5AA5-4267-8649-FDA1BFA04753', N'room', N'3D1F2CFC-3400-44FC-8040-53470CAA12C8', N'room_name', N'E482D943-04FB-46AE-A56E-C75558132005', N'Nhà vệ sinh Nam', N'2025-12-27 16:04:27'),
(N'42AE9ED9-040D-4CC2-8D56-65563F48BF61', N'room', N'D3DF44B4-B0E5-497A-B7FB-30F90BEC715A', N'room_name', N'E482D943-04FB-46AE-A56E-C75558132005', N'Nhà vệ sinh Nữ', N'2025-12-27 16:04:27'),
(N'2BDB70F2-CC35-4960-A436-6ED9CC8DBCBE', N'room', N'C7DC138C-80B1-4CCB-AF91-AB697C012254', N'room_name', N'E482D943-04FB-46AE-A56E-C75558132005', N'Văn phòng Khoa', N'2025-12-27 16:04:27'),
(N'F42FC8E9-9F80-462D-969E-2D5D415FC355', N'room', N'CEA67865-F54E-4768-BA1C-D1511B064421', N'room_name', N'E482D943-04FB-46AE-A56E-C75558132005', N'Phòng học', N'2025-12-27 16:04:27'),
(N'C1A6D598-AFE5-4FB3-B90B-2D102670C6A1', N'room', N'EA48045E-5131-4331-A401-CF876E2D3F06', N'room_name', N'E482D943-04FB-46AE-A56E-C75558132005', N'Phòng phần mềm', N'2025-12-27 16:04:27'),
(N'9A9EE61C-2315-429E-A56B-CA99DB5E5A28', N'room', N'FC9A027F-DDBE-4FC5-9599-9C8BCE0D914D', N'room_name', N'E482D943-04FB-46AE-A56E-C75558132005', N'Kho vật tư', N'2025-12-27 16:04:27'),
(N'DA386814-509E-4774-B1EB-C2442F486048', N'room', N'09205A7B-7A83-4565-9BD7-8B7750CEC0F4', N'room_name', N'E482D943-04FB-46AE-A56E-C75558132005', N'Phòng hội thảo', N'2025-12-27 16:04:27'),
(N'392F595D-234F-4730-8C70-A93154F499F9', N'room', N'1311CB67-5CB6-40B6-AF38-27000659F68C', N'room_name', N'E482D943-04FB-46AE-A56E-C75558132005', N'Khu chung', N'2025-12-27 16:04:27'),
(N'53077BDF-C272-4CB9-AA8E-AEB18B24FD0D', N'room', N'2FA14D10-7448-4C1D-9E49-8707B53CA279', N'room_name', N'E482D943-04FB-46AE-A56E-C75558132005', N'Phòng đọc', N'2025-12-27 16:04:27'),
(N'945DC658-CDCB-4081-919E-098868BFA5F7', N'room', N'8A91B935-954C-4E05-A68F-87E6155C7BC3', N'room_name', N'E482D943-04FB-46AE-A56E-C75558132005', N'Hội trường', N'2025-12-27 16:04:27'),
(N'96669C98-A0B3-469A-9C77-FE6F0ECB42A1', N'room', N'BE99DB55-2199-45F1-9034-2EB6856C2C8C', N'room_name', N'E482D943-04FB-46AE-A56E-C75558132005', N'Phòng máy tính', N'2025-12-27 16:04:27'),
(N'2A140B4E-29BB-4586-A4A7-DFE6C54AF3CA', N'room', N'5EE76C74-5E2D-4DC4-A05E-63145196A9A4', N'room_name', N'E482D943-04FB-46AE-A56E-C75558132005', N'Nhà vệ sinh Nam', N'2025-12-27 16:04:27'),
(N'8B8BC749-106C-4231-BFDA-C31121182DED', N'room', N'1FE87F8D-FE0F-46E9-ABED-ABC15A76CF81', N'room_name', N'E482D943-04FB-46AE-A56E-C75558132005', N'Nhà vệ sinh Nữ', N'2025-12-27 16:04:27'),
(N'9E69E255-E987-453B-995C-20DC67B8AD10', N'room', N'ACABCFF4-38E5-4AA7-B102-F0DC60DB422E', N'room_name', N'E482D943-04FB-46AE-A56E-C75558132005', N'Khu tham khảo', N'2025-12-27 16:04:27'),
(N'F2185B12-0C9B-406D-819C-D05D232A8C0A', N'room', N'EFDBC026-A449-44BC-AD39-33B77749DE10', N'room_name', N'E482D943-04FB-46AE-A56E-C75558132005', N'Văn phòng Khoa', N'2025-12-27 16:04:27'),
(N'F5BC3A89-607D-4CE2-82E0-106AC5F6B066', N'room', N'D4409123-F1FB-428B-8F22-A66752CF4BEC', N'room_name', N'E482D943-04FB-46AE-A56E-C75558132005', N'Phòng học', N'2025-12-27 16:04:27'),
(N'FDFAD583-D6AC-401E-A254-90B76EA7F07C', N'room', N'2E94DAE2-382D-497F-B775-2B078E025579', N'room_name', N'E482D943-04FB-46AE-A56E-C75558132005', N'Phòng phần cứng', N'2025-12-27 16:04:27'),
(N'AB00F25B-15A6-4762-A175-6E8C2BB7CDE4', N'room', N'04C036BC-548F-4667-987B-2FE1523B6C43', N'room_name', N'E482D943-04FB-46AE-A56E-C75558132005', N'Phòng sinh hoạt', N'2025-12-27 16:04:27'),
(N'66EFB0BC-B2BD-4DBB-93CC-4557FFB27958', N'room', N'3FA6BAC3-CE7E-4687-A74F-8089D70D8864', N'room_name', N'E482D943-04FB-46AE-A56E-C75558132005', N'Kho vật tư', N'2025-12-27 16:04:27'),
(N'547C46A5-67F3-4BC5-A7F9-5694EF0CE4C0', N'room', N'CDC5F5D6-FF19-4340-AFF5-974F3ECF054B', N'room_name', N'E482D943-04FB-46AE-A56E-C75558132005', N'Giảng đường', N'2025-12-27 16:04:27'),
(N'BB6889F3-F4BE-4EC0-A1A7-1AC95658BE10', N'room', N'7840BEB8-42F6-42A8-982F-40770ADF3568', N'room_name', N'E482D943-04FB-46AE-A56E-C75558132005', N'Khu học tập', N'2025-12-27 16:04:27'),
(N'41AF5A50-22B2-4FA3-8C23-A137534E13BB', N'room', N'0B7EE3B8-0304-4584-AA8D-3A0B44AC3F4C', N'room_name', N'E482D943-04FB-46AE-A56E-C75558132005', N'Phòng phần mềm', N'2025-12-27 16:04:27'),
(N'0317CB3D-F2B1-4734-9B6F-6525778EE8BF', N'room', N'8C6F085D-39D9-4AC6-888D-695F0C41D162', N'room_name', N'E482D943-04FB-46AE-A56E-C75558132005', N'Phòng phần mềm', N'2025-12-27 16:04:27'),
(N'F9620430-41FC-4F21-AF1A-79D1277741D1', N'room', N'FF3839DA-C452-43FE-A540-1D0C76273A02', N'room_name', N'E482D943-04FB-46AE-A56E-C75558132005', N'Phòng học', N'2025-12-27 16:04:27'),
(N'71370D1B-A87B-46DA-96CD-61909F5F4F33', N'room', N'1164BBDB-717B-4E5D-A5FA-B1D198FCAC4D', N'room_name', N'E482D943-04FB-46AE-A56E-C75558132005', N'Thư viện', N'2025-12-27 16:04:27'),
(N'AA1AFFBF-A1A2-4BF1-98A2-5BAE77FAE88D', N'room', N'F0B0FCA7-615C-4275-A55B-967F9D5C427A', N'room_name', N'E482D943-04FB-46AE-A56E-C75558132005', N'Nhà vệ sinh Nam', N'2025-12-27 16:04:27'),
(N'F7D85727-A633-4DB5-9395-08CDD37DF5AE', N'room', N'838B1FFE-B055-45D1-B822-5D041C97442C', N'room_name', N'E482D943-04FB-46AE-A56E-C75558132005', N'Nhà vệ sinh Nữ', N'2025-12-27 16:04:27'),
(N'C090BF55-C700-40F4-AE3D-3B4C56D81685', N'room', N'029865E5-06CA-4A37-B1B9-130C42D627C0', N'room_name', N'E482D943-04FB-46AE-A56E-C75558132005', N'Kho thiết bị', N'2025-12-27 16:04:27'),
(N'0E287909-65BF-498D-8B81-F57A845A0C5A', N'room', N'82635942-9D26-43EF-8B6C-C7DF5AD738E8', N'room_name', N'E482D943-04FB-46AE-A56E-C75558132005', N'Phòng IT', N'2025-12-27 16:04:27'),
(N'C8B76276-2819-4BFC-A971-AB063B6941A0', N'room', N'FB969B66-EC83-4729-9068-B9C5284182AD', N'room_name', N'E482D943-04FB-46AE-A56E-C75558132005', N'Văn phòng Nhân viên', N'2025-12-27 16:04:27'),
(N'8E2C1AF7-4188-4A27-9C32-2A4B104A4945', N'room', N'A6079730-260C-40B4-9667-A5AE95D5487B', N'room_name', N'E482D943-04FB-46AE-A56E-C75558132005', N'Giảng đường', N'2025-12-27 16:04:27'),
(N'A4E5D85A-D84A-42D1-BB90-4E0EDAAA14FD', N'room', N'F1852B82-9E99-404C-877D-C905ECAC2767', N'room_name', N'E482D943-04FB-46AE-A56E-C75558132005', N'Khu chung', N'2025-12-27 16:04:27'),
(N'3639E04C-21F9-4FF0-AFF6-732224304893', N'room', N'3C41F4DB-BED0-4AAF-89AA-794B18AD05E9', N'room_name', N'E482D943-04FB-46AE-A56E-C75558132005', N'Giảng đường', N'2025-12-27 16:04:27'),
(N'1C395D3F-7CB4-4CB9-940D-E7F5E9E8C002', N'room', N'B966D286-4F74-4E36-899C-99EBB8ACEE83', N'room_name', N'E482D943-04FB-46AE-A56E-C75558132005', N'Thư viện', N'2025-12-27 16:04:27'),
(N'37528C2A-1063-434F-AD78-B153788771DA', N'room', N'093798B4-813F-40D3-BB34-0212AA584BA1', N'room_name', N'E482D943-04FB-46AE-A56E-C75558132005', N'Phòng phần cứng', N'2025-12-27 16:04:27'),
(N'405EBDB3-F778-4F51-A53B-E21EF91970C4', N'room', N'C50DC4C0-829A-494E-9D83-D0B9DB5F9C9A', N'room_name', N'E482D943-04FB-46AE-A56E-C75558132005', N'Phòng đọc', N'2025-12-27 16:04:27'),
(N'DB82C332-7A14-43AA-AA90-F55E98B060DE', N'room', N'EC15566F-7414-4B04-AC5D-BA8313FA4FB8', N'room_name', N'E482D943-04FB-46AE-A56E-C75558132005', N'Giảng đường', N'2025-12-27 16:04:27'),
(N'0F07019A-DF39-4966-9341-3268026D10AF', N'room', N'40300B16-DAE6-4D29-B349-ADF56D2EC24D', N'room_name', N'E482D943-04FB-46AE-A56E-C75558132005', N'Phòng phần mềm', N'2025-12-27 16:04:27'),
(N'A2498CA8-82D6-4C8A-AC58-0E85CD95360B', N'room', N'A3845EC7-7F39-4C8A-8698-6CE1C398341B', N'room_name', N'E482D943-04FB-46AE-A56E-C75558132005', N'Nhà vệ sinh Nam', N'2025-12-27 16:04:27'),
(N'64B3E20C-EC1D-4855-A7B2-9ECDFFAF6B22', N'room', N'62241F98-AE7A-40DA-8316-48F7C68C6789', N'room_name', N'E482D943-04FB-46AE-A56E-C75558132005', N'Nhà vệ sinh Nữ', N'2025-12-27 16:04:27'),
(N'2BAE933B-94D3-4141-9505-8D68E74238BE', N'room', N'69B47A76-41EC-491F-8A94-471F536EC544', N'room_name', N'E482D943-04FB-46AE-A56E-C75558132005', N'Văn phòng Nhân viên', N'2025-12-27 16:04:27'),
(N'C15C53E3-C856-4D0E-BE93-9B4E3154A0FD', N'room', N'7D2E85EC-5967-48BA-8B7C-E9F51AD438DA', N'room_name', N'E482D943-04FB-46AE-A56E-C75558132005', N'Hội trường', N'2025-12-27 16:04:27'),
(N'5D51337E-7E77-4190-ACF7-4040A527F569', N'room', N'33F8176E-7E63-4CBB-BD3B-30C494F4F594', N'room_name', N'E482D943-04FB-46AE-A56E-C75558132005', N'Phòng phần cứng', N'2025-12-27 16:04:27'),
(N'AC37ADF9-55A6-4A5C-80F9-DCE64A2E8AA3', N'room', N'CB34E197-2E20-40A1-ACD0-9FB4BF2E650D', N'room_name', N'E482D943-04FB-46AE-A56E-C75558132005', N'Phòng sinh hoạt', N'2025-12-27 16:04:27'),
(N'F3025A4E-7B88-47E9-A610-142FC8F445EB', N'room', N'5AEB60DA-9F1C-4520-AFF3-3830225CF976', N'room_name', N'E482D943-04FB-46AE-A56E-C75558132005', N'Hội trường', N'2025-12-27 16:04:27'),
(N'5E9D45FA-9022-4C24-8FB7-4A870C1E69DF', N'room', N'6306BC2E-11EB-4EA5-8F20-5D47435B7014', N'room_name', N'E482D943-04FB-46AE-A56E-C75558132005', N'Khu học tập', N'2025-12-27 16:04:27'),
(N'4180C589-942F-473C-97D6-697D5C0A5A19', N'room', N'8C949231-AE08-4A03-A96A-E54657E4401F', N'room_name', N'E482D943-04FB-46AE-A56E-C75558132005', N'Kho', N'2025-12-27 16:04:27'),
(N'7A12635E-7D7F-4527-94A7-8DFC34FE9877', N'room', N'ED885732-6274-43FE-AA6E-DAB217B66B6C', N'room_name', N'E482D943-04FB-46AE-A56E-C75558132005', N'Khu tham khảo', N'2025-12-27 16:04:27'),
(N'F419B254-D056-4520-9DCA-26CD43514C12', N'room', N'06056143-BFFB-457B-939E-CBB32D412DD8', N'room_name', N'E482D943-04FB-46AE-A56E-C75558132005', N'Phòng học', N'2025-12-27 16:04:27'),
(N'F6A0CC09-AC44-4C6F-AE31-61D0883F5E68', N'room', N'8FEEC38A-EA44-4EAF-A28D-58203DE714D3', N'room_name', N'E482D943-04FB-46AE-A56E-C75558132005', N'Phòng phần mềm', N'2025-12-27 16:04:27'),
(N'798596C6-90E2-4C02-A277-3F8D5C5627F8', N'room', N'54ECCB49-1953-4D90-A09B-4F84EF733C1A', N'room_name', N'E482D943-04FB-46AE-A56E-C75558132005', N'Nhà vệ sinh Nam', N'2025-12-27 16:04:27'),
(N'D3D3814E-9FE6-45E4-BEE9-E1EBBDB463FF', N'room', N'77FE1B77-0C38-45FE-9A17-81C472BBC1CF', N'room_name', N'E482D943-04FB-46AE-A56E-C75558132005', N'Nhà vệ sinh Nữ', N'2025-12-27 16:04:27'),
(N'3A170F45-91AD-46B6-A042-5CC7000557B5', N'room', N'E194A079-3BAB-411A-8251-ACFC96853C39', N'room_name', N'E482D943-04FB-46AE-A56E-C75558132005', N'Văn phòng Khoa', N'2025-12-27 16:04:27'),
(N'566AAEF7-3C69-46A0-8BBE-68DAB0CD84EA', N'room', N'5656E602-2D2F-4479-BE6E-D0FE721FE638', N'room_name', N'E482D943-04FB-46AE-A56E-C75558132005', N'Phòng hội thảo', N'2025-12-27 16:04:27'),
(N'A878FB6B-9903-45E1-A173-2B8E3449DFDE', N'room', N'446EEE5B-5B37-40CA-9191-8BEAB8E939C1', N'room_name', N'E482D943-04FB-46AE-A56E-C75558132005', N'Phòng lập trình', N'2025-12-27 16:04:27'),
(N'94F59862-198B-4461-A51F-3BAEF819A757', N'room', N'29FA2358-AC2F-4138-BE2B-7B2F2D234BA6', N'room_name', N'E482D943-04FB-46AE-A56E-C75558132005', N'Khu chung', N'2025-12-27 16:04:27'),
(N'C0335DE6-7D11-4BF7-A689-A2FE928FD675', N'room', N'E0348A08-B204-421D-96A2-F661B63AA8C4', N'room_name', N'E482D943-04FB-46AE-A56E-C75558132005', N'Hội trường', N'2025-12-27 16:04:27'),
(N'E8AC9E0C-DDA0-4208-8CC2-4BFBCCED8160', N'room', N'C33BD388-F075-483A-88B9-4260B07F8E31', N'room_name', N'E482D943-04FB-46AE-A56E-C75558132005', N'Phòng đọc', N'2025-12-27 16:04:27'),
(N'4750790C-CE46-4F5F-8F52-57CF2DEB518A', N'room', N'6CD7B124-1535-4383-8F5A-999B9A78228E', N'room_name', N'E482D943-04FB-46AE-A56E-C75558132005', N'Kho', N'2025-12-27 16:04:27'),
(N'0C89AEF3-3EC9-4F87-AF97-D9819CEC3BA0', N'room', N'3464ABC7-7785-423A-9F2E-4B0DC272AB58', N'room_name', N'E482D943-04FB-46AE-A56E-C75558132005', N'Phòng phần cứng', N'2025-12-27 16:04:27'),
(N'2C4081FB-B74F-4FE1-94D3-DADE8E1B12A1', N'room', N'9C03D5EF-414F-40DF-B5B7-71D5EF664416', N'room_name', N'E482D943-04FB-46AE-A56E-C75558132005', N'Hội trường', N'2025-12-27 16:04:27'),
(N'42C89CB6-9DA4-405F-973B-F53996B9E505', N'room', N'B7A03919-CA74-427C-AFA3-8852B367DB50', N'room_name', N'E482D943-04FB-46AE-A56E-C75558132005', N'Khu tham khảo', N'2025-12-27 16:04:27'),
(N'FDDBAB9D-303E-4034-B29F-054393038935', N'room', N'FED11E82-03B3-4DF1-831E-96ECE6448408', N'room_name', N'E482D943-04FB-46AE-A56E-C75558132005', N'Nhà vệ sinh Nam', N'2025-12-27 16:04:27'),
(N'4BDFE331-4EAF-48AA-99DA-655CCE7A2EC0', N'room', N'6BDF7AD1-A36D-4635-A516-8BD947C92A79', N'room_name', N'E482D943-04FB-46AE-A56E-C75558132005', N'Nhà vệ sinh Nữ', N'2025-12-27 16:04:27'),
(N'A421B86A-ECA4-4DCE-AAE1-B01934516FDC', N'room', N'EDAE20FA-F463-4640-BA7A-41C28C4D6326', N'room_name', N'E482D943-04FB-46AE-A56E-C75558132005', N'Văn phòng', N'2025-12-27 16:04:27'),
(N'1B955FE2-ECC8-4958-B196-6A06DC8C6C6F', N'room', N'C6B8A294-BBAB-44DF-BF13-BB8A79323D40', N'room_name', N'E482D943-04FB-46AE-A56E-C75558132005', N'Phòng học', N'2025-12-27 16:04:27'),
(N'B3F9B3CB-399A-411F-B32F-BADA1775D347', N'room', N'D72643CD-3FEE-4B3D-B814-37DCCD1CB666', N'room_name', N'E482D943-04FB-46AE-A56E-C75558132005', N'Phòng lập trình', N'2025-12-27 16:04:27'),
(N'5485C1A4-B73B-4A70-B0B6-318E6EA6549B', N'room', N'07ECA08D-7FE7-4DCA-A347-06BCADE4898F', N'room_name', N'E482D943-04FB-46AE-A56E-C75558132005', N'Kho thiết bị', N'2025-12-27 16:04:27'),
(N'58C5B663-33F9-4AB9-A5B1-452CE5DAD6AF', N'room', N'59888C5D-0295-438F-8B9D-F407EE8A15EB', N'room_name', N'E482D943-04FB-46AE-A56E-C75558132005', N'Phòng hội thảo', N'2025-12-27 16:04:27'),
(N'982B0005-DCCD-45F8-995D-FFE2132CF911', N'room', N'C466B8E2-D6FE-4E8E-BF20-BB8FB4607981', N'room_name', N'E482D943-04FB-46AE-A56E-C75558132005', N'Phòng sinh hoạt', N'2025-12-27 16:04:27'),
(N'39BC6DAD-FDD7-495F-886F-8CC611E339CD', N'room', N'1851C046-D6C5-4806-9160-A249BA720C4A', N'room_name', N'E482D943-04FB-46AE-A56E-C75558132005', N'Phòng đọc', N'2025-12-27 16:04:27'),
(N'BE9F9B48-102F-4F47-AA90-3CF607539425', N'room', N'229E29A6-060F-4073-864D-AB5997EB81F0', N'room_name', N'E482D943-04FB-46AE-A56E-C75558132005', N'Hội trường', N'2025-12-27 16:04:27'),
(N'00C552AE-8F98-4982-825E-053188ED5ECA', N'room', N'C70A261B-1FF8-4791-B3BE-1BB5C9F5DC99', N'room_name', N'E482D943-04FB-46AE-A56E-C75558132005', N'Phòng IT', N'2025-12-27 16:04:27'),
(N'759BB8F7-83C8-497D-97E1-E24F3064B50A', N'room', N'41BD46E2-5E7D-4A85-8E4C-6B07ABA83526', N'room_name', N'E482D943-04FB-46AE-A56E-C75558132005', N'Nhà vệ sinh Nam', N'2025-12-27 16:04:27'),
(N'C4E5E041-D9E8-48DA-9E72-6A12439607C9', N'room', N'4ABADFDE-8B58-4A87-A1BB-45ED5C904732', N'room_name', N'E482D943-04FB-46AE-A56E-C75558132005', N'Nhà vệ sinh Nữ', N'2025-12-27 16:04:27'),
(N'F3F9DFC0-0F72-4B12-88FB-6ABCA3B6C53A', N'room', N'6A9F3E5F-F3D3-4037-AC30-4F0D010388CD', N'room_name', N'E482D943-04FB-46AE-A56E-C75558132005', N'Thư viện', N'2025-12-27 16:04:27'),
(N'EF9415B4-7A6C-46F6-AC29-941B8DFE964B', N'room', N'A7736316-A0B0-4226-A940-CF091C3AC576', N'room_name', N'E482D943-04FB-46AE-A56E-C75558132005', N'Văn phòng Khoa', N'2025-12-27 16:04:27'),
(N'E3FEDE92-2BAF-405B-8F27-9AF09BC37889', N'room', N'980F16E5-C99B-4951-8651-16F5A10D6826', N'room_name', N'E482D943-04FB-46AE-A56E-C75558132005', N'Phòng học', N'2025-12-27 16:04:27'),
(N'600D254A-7D3C-48FB-9225-4E24D0BC56D3', N'room', N'9255AF97-3DA3-46CB-B26C-58D11D97C7AE', N'room_name', N'E482D943-04FB-46AE-A56E-C75558132005', N'Phòng phần mềm', N'2025-12-27 16:04:27'),
(N'64F0EF90-00F0-4B89-B805-2E8A54DCB014', N'room', N'E2856E2B-1B81-48A5-AAD6-37C5CC8FB34B', N'room_name', N'E482D943-04FB-46AE-A56E-C75558132005', N'Phòng sinh hoạt', N'2025-12-27 16:04:27'),
(N'C536B5F6-23F5-488D-93E6-AF244DE2C3C6', N'room', N'C4F84245-C6FF-47CD-9C84-908B788E3BB1', N'room_name', N'E482D943-04FB-46AE-A56E-C75558132005', N'Kho thiết bị', N'2025-12-27 16:04:27'),
(N'83D0380F-568C-4B93-8CDA-B12BB8BFD8F3', N'room', N'B07D267D-0AB7-4A78-B52A-01EC59EEE54B', N'room_name', N'E482D943-04FB-46AE-A56E-C75558132005', N'Phòng hội thảo', N'2025-12-27 16:04:27'),
(N'C3668C77-320A-4686-9FA9-49640E078AAE', N'room', N'3386D937-9F8D-43C9-8DB4-74D43230E131', N'room_name', N'E482D943-04FB-46AE-A56E-C75558132005', N'Phòng đọc', N'2025-12-27 16:04:27'),
(N'887AFE27-5DDD-4270-B9C8-EA36143B9792', N'room', N'64B6E4C9-B27D-47A3-8F48-B09BC4409D1A', N'room_name', N'E482D943-04FB-46AE-A56E-C75558132005', N'Phòng lập trình', N'2025-12-27 16:04:27'),
(N'FF89077F-B670-4799-97C2-07E0334AE99A', N'room', N'8C3B33FA-F7EF-4FC8-AD4F-7F2334410322', N'room_name', N'E482D943-04FB-46AE-A56E-C75558132005', N'Phòng lập trình', N'2025-12-27 16:04:27'),
(N'7BF4D36A-CAE4-4ADC-944F-F5CF31AE09A6', N'room', N'2AC31859-1CB6-4BC0-8C59-54A36DC6D53E', N'room_name', N'E482D943-04FB-46AE-A56E-C75558132005', N'Phòng học', N'2025-12-27 16:04:27'),
(N'DA2EDEB2-5AC5-4C96-B305-FD73B13E2F6F', N'room', N'CF9ADAEC-072A-4211-94A3-B1C0877A9D58', N'room_name', N'E482D943-04FB-46AE-A56E-C75558132005', N'Khu học tập', N'2025-12-27 16:04:27'),
(N'102F358D-CB38-4E7C-9BA2-3BCBA8DD6CCB', N'room', N'E3F20BCC-7DEA-430C-8035-BF799E11ACB2', N'room_name', N'E482D943-04FB-46AE-A56E-C75558132005', N'Nhà vệ sinh Nam', N'2025-12-27 16:04:27'),
(N'E5F63945-DF14-49F9-A83C-4BCE7EE7E349', N'room', N'9EB77265-A3E7-473D-8943-FA6D12469677', N'room_name', N'E482D943-04FB-46AE-A56E-C75558132005', N'Nhà vệ sinh Nữ', N'2025-12-27 16:04:27'),
(N'9CCBC7B1-4BE3-4CA8-B925-2BB0A81CE9B7', N'room', N'710758C0-4459-4129-93A0-32E921BD28A3', N'room_name', N'E482D943-04FB-46AE-A56E-C75558132005', N'Kho thiết bị', N'2025-12-27 16:04:27'),
(N'A633B26C-E4E5-4BB6-A4E2-C8CC74184555', N'room', N'42669772-AAFF-4C02-917E-46AF3BF8CABD', N'room_name', N'E482D943-04FB-46AE-A56E-C75558132005', N'Phòng lập trình', N'2025-12-27 16:04:27'),
(N'A721F0DB-13E4-4E88-AE33-76F253CC08C0', N'room', N'F26C4D35-43B9-4610-A542-301573035D6D', N'room_name', N'E482D943-04FB-46AE-A56E-C75558132005', N'Văn phòng', N'2025-12-27 16:04:27'),
(N'602F7913-F3C0-4882-9200-F5FA71D369F0', N'room', N'6A63AB2F-AC13-4BEF-A346-F225A4EA5A56', N'room_name', N'E482D943-04FB-46AE-A56E-C75558132005', N'Phòng học', N'2025-12-27 16:04:27'),
(N'79CB8CA5-040A-468E-BAEB-EB95F9B17D27', N'room', N'6D7DD156-93F7-4B50-B203-AAAEF47593FA', N'room_name', N'E482D943-04FB-46AE-A56E-C75558132005', N'Phòng sinh hoạt', N'2025-12-27 16:04:27'),
(N'70D9F813-082A-493B-B7F9-B3330C9EED40', N'room', N'56F29581-AF1F-42DA-B9A4-98FE25142663', N'room_name', N'E482D943-04FB-46AE-A56E-C75558132005', N'Phòng hội thảo', N'2025-12-27 16:04:27'),
(N'EB53C005-D086-4EAF-AE8B-AE222588C161', N'room', N'8FE94897-2CB6-47B2-992B-D43E1D27A0D8', N'room_name', N'E482D943-04FB-46AE-A56E-C75558132005', N'Khu tham khảo', N'2025-12-27 16:04:27'),
(N'08C98444-4261-46F4-93BE-9467CD5C32CC', N'room', N'A8C9CF2E-FE0D-4A59-9A20-BBCECACF675B', N'room_name', N'E482D943-04FB-46AE-A56E-C75558132005', N'Phòng phần mềm', N'2025-12-27 16:04:27'),
(N'B4A8F75D-072C-479C-8577-754033F13196', N'room', N'93DE7701-31F6-471B-B760-4716436C273D', N'room_name', N'E482D943-04FB-46AE-A56E-C75558132005', N'Khu học tập', N'2025-12-27 16:04:27'),
(N'0442A188-BD20-4942-9233-25BA030FF17D', N'room', N'4A508EFA-376C-4B00-8155-4C569021961D', N'room_name', N'E482D943-04FB-46AE-A56E-C75558132005', N'Phòng học', N'2025-12-27 16:04:27'),
(N'4A4F849E-FF0F-43E3-ACF0-6C1647D6E2A6', N'room', N'12AAD28B-54E7-4E60-B021-94013FD294E1', N'room_name', N'E482D943-04FB-46AE-A56E-C75558132005', N'Phòng máy tính', N'2025-12-27 16:04:27'),
(N'DF637D73-66A8-44A5-B2D8-036BE09FAF35', N'room', N'5FE7B136-96F8-4834-ADA3-32AD388D9241', N'room_name', N'E482D943-04FB-46AE-A56E-C75558132005', N'Nhà vệ sinh Nam', N'2025-12-27 16:04:27'),
(N'AE8ACF6D-7F07-48FB-8708-6EFE73C7F45C', N'room', N'830E3E19-6B4C-46FF-B1AB-E5DBEC631B2B', N'room_name', N'E482D943-04FB-46AE-A56E-C75558132005', N'Nhà vệ sinh Nữ', N'2025-12-27 16:04:27'),
(N'64DD6B41-D248-4B64-954C-561B49D71B67', N'room', N'D77400D9-8546-4746-B2E6-9053055EFA36', N'room_name', N'E482D943-04FB-46AE-A56E-C75558132005', N'Văn phòng Khoa', N'2025-12-27 16:04:27'),
(N'26B8960F-3AC3-4885-AB09-11EED296DCC9', N'room', N'5C783A43-C905-441F-AB8D-CE9E771DE9B0', N'room_name', N'E482D943-04FB-46AE-A56E-C75558132005', N'Hội trường', N'2025-12-27 16:04:27'),
(N'F939D684-1A2E-4EB9-8DF8-271F761F7F72', N'room', N'E6D558BB-2A2B-4926-A9E2-8DC6A4E9B883', N'room_name', N'E482D943-04FB-46AE-A56E-C75558132005', N'Phòng IT', N'2025-12-27 16:04:27'),
(N'AE9F4525-CAD7-4076-9B03-1E0A05D846FC', N'room', N'E64DC975-23ED-4431-B0D5-C806735FEF4F', N'room_name', N'E482D943-04FB-46AE-A56E-C75558132005', N'Phòng nghỉ', N'2025-12-27 16:04:27'),
(N'36B0374A-6037-4EF5-9EC6-1E38DA190D38', N'room', N'04DD9DEB-7CC0-4D3A-B0ED-47F0BB2281FB', N'room_name', N'E482D943-04FB-46AE-A56E-C75558132005', N'Hội trường', N'2025-12-27 16:04:27'),
(N'2CCA4CAA-202A-4F3E-9384-0C868D83DE1D', N'room', N'DEAB3D81-27AC-4B7A-9F69-C002AA5D77EC', N'room_name', N'E482D943-04FB-46AE-A56E-C75558132005', N'Khu học tập', N'2025-12-27 16:04:27'),
(N'66772023-63C7-4925-AF9B-B56CF3F317EE', N'room', N'7B61D3BF-4440-467F-B73B-DCFC73F9C404', N'room_name', N'E482D943-04FB-46AE-A56E-C75558132005', N'Kho thiết bị', N'2025-12-27 16:04:27'),
(N'A1FCCE45-9BF7-4EDC-8F8F-308C588C1319', N'room', N'574874C7-7E40-4D3E-B2D8-25CED9EB0E27', N'room_name', N'E482D943-04FB-46AE-A56E-C75558132005', N'Khu học tập', N'2025-12-27 16:04:27'),
(N'03020977-B4AB-4672-8CD9-DA1569A79A82', N'room', N'F28DAF58-1A50-4E1D-BAC2-16D60936D5FD', N'room_name', N'E482D943-04FB-46AE-A56E-C75558132005', N'Hội trường', N'2025-12-27 16:04:27'),
(N'68D338E7-847A-489A-9156-2FD6E91D9D7B', N'room', N'1003A368-5CC3-4C87-93D4-15898A812A4C', N'room_name', N'E482D943-04FB-46AE-A56E-C75558132005', N'Phòng phần cứng', N'2025-12-27 16:04:27'),
(N'81A5344E-15C0-491B-AD62-34977EDCDCDF', N'room', N'17B94431-5A8C-4AE8-968B-D77407AA99F7', N'room_name', N'E482D943-04FB-46AE-A56E-C75558132005', N'Nhà vệ sinh Nam', N'2025-12-27 16:04:27'),
(N'E91E9FB4-B4E4-4191-9217-5C4E95120AD0', N'room', N'8AFB0ABD-BE5C-4F6E-8230-751A3EF7ECEB', N'room_name', N'E482D943-04FB-46AE-A56E-C75558132005', N'Nhà vệ sinh Nữ', N'2025-12-27 16:04:27'),
(N'BFD8E4E5-0507-4EF5-9C28-082A6D5F12AA', N'room', N'0D85FFDE-2AD9-4ACE-94EA-8BE4A5F883C4', N'room_name', N'E482D943-04FB-46AE-A56E-C75558132005', N'Văn phòng Nhân viên', N'2025-12-27 16:04:27'),
(N'9B845FC1-200D-4BF4-B176-33AA3AAE6650', N'room', N'DEF83EA0-E967-4E81-82BB-D8F9F333B966', N'room_name', N'E482D943-04FB-46AE-A56E-C75558132005', N'Phòng học', N'2025-12-27 16:04:27'),
(N'9670CDBF-0C09-4681-9654-F5A7023195FF', N'room', N'8AA552B4-04DA-40B6-907F-0CCFF4881157', N'room_name', N'E482D943-04FB-46AE-A56E-C75558132005', N'Phòng máy tính', N'2025-12-27 16:04:27'),
(N'14E49890-7C33-41EA-A3A9-0E7B57991728', N'room', N'D439C731-A2E2-4E37-A7A9-38235EADEF34', N'room_name', N'E482D943-04FB-46AE-A56E-C75558132005', N'Phòng nghỉ', N'2025-12-27 16:04:27'),
(N'01205325-A6EE-4B82-B071-DE7E1678A106', N'room', N'7EFE05BA-63C1-4D06-8210-10B43AB0CD49', N'room_name', N'E482D943-04FB-46AE-A56E-C75558132005', N'Hội trường', N'2025-12-27 16:04:27'),
(N'A3004923-AC3B-4D27-8088-354462EDD331', N'room', N'F0AA4845-B736-46FD-BDA6-EE4CF13F3315', N'room_name', N'E482D943-04FB-46AE-A56E-C75558132005', N'Khu tham khảo', N'2025-12-27 16:04:27'),
(N'39011C72-AB41-49F6-9610-0EC996A70358', N'room', N'FB80F12B-DA27-4855-A949-3C85AE1820AC', N'room_name', N'E482D943-04FB-46AE-A56E-C75558132005', N'Kho', N'2025-12-27 16:04:27'),
(N'606DD16B-552A-4F82-B5B6-5E73F51FF81E', N'semester', N'9BD3F808-9937-4A60-8B5F-6457CB877152', N'term_name', N'E482D943-04FB-46AE-A56E-C75558132005', N'Thu', N'2025-12-27 16:04:27'),
(N'0AB98224-69AC-472E-B28E-25D3E28ADD49', N'semester', N'ED9FF24E-5BC5-41EF-8D03-65DC74B068A7', N'term_name', N'E482D943-04FB-46AE-A56E-C75558132005', N'Xuân', N'2025-12-27 16:04:27'),
(N'EEACCFB2-F720-46FE-AC08-0E89433F4436', N'semester', N'4BB403BB-3E7A-4329-B1AD-C53A35C57272', N'term_name', N'E482D943-04FB-46AE-A56E-C75558132005', N'Hè', N'2025-12-27 16:04:27'),
(N'62510A1C-6B2B-4FFC-BD89-AB5E7561AB64', N'semester', N'4CD41089-286F-4412-85F7-0FADE4E1E1D8', N'term_name', N'E482D943-04FB-46AE-A56E-C75558132005', N'Thu', N'2025-12-27 16:04:27'),
(N'E062F250-ABFF-47D1-9347-B7EDFB968C76', N'semester', N'1F193FDA-E6C7-4CB5-A265-3809BBB644D2', N'term_name', N'E482D943-04FB-46AE-A56E-C75558132005', N'Xuân', N'2025-12-27 16:04:27'),
(N'E528EB50-EDAA-4480-B4BC-FCF869EA8F9D', N'semester', N'952165BA-E023-4948-96D4-2E5F42475CEB', N'term_name', N'E482D943-04FB-46AE-A56E-C75558132005', N'Hè', N'2025-12-27 16:04:27'),
(N'C6B2B40C-C4B8-44FB-BF39-835DC6D19003', N'semester', N'AA45F8D0-EE61-44E7-A696-CADFC48AC23D', N'term_name', N'E482D943-04FB-46AE-A56E-C75558132005', N'Thu', N'2025-12-27 16:04:27'),
(N'75FFAA2D-643E-4FAA-BC2D-0C05E48B920C', N'semester', N'1452CA15-8ADF-4C45-904F-D48BF33DEFAB', N'term_name', N'E482D943-04FB-46AE-A56E-C75558132005', N'Xuân', N'2025-12-27 16:04:27'),
(N'89B54839-A871-4879-AF30-0B6D8977A926', N'semester', N'AF550994-3B43-4BAD-9B76-A14CDBC0B676', N'term_name', N'E482D943-04FB-46AE-A56E-C75558132005', N'Hè', N'2025-12-27 16:04:27'),
(N'1252C2DD-2BA0-4917-991B-660036101459', N'color_mode', N'D07FCDF0-698C-4519-95DE-D1681B27CC85', N'color_mode_name', N'E482D943-04FB-46AE-A56E-C75558132005', N'Đen trắng', N'2025-12-27 16:04:27'),
(N'1A866910-3606-4B5F-8D50-4148B33715E5', N'color_mode', N'86B8E210-EA9E-42BC-9B94-89A2B51132EB', N'color_mode_name', N'E482D943-04FB-46AE-A56E-C75558132005', N'Xám', N'2025-12-27 16:04:27'),
(N'9C5747E8-D8C6-45B4-8A47-57FBB56CD77B', N'color_mode', N'5F1ACF80-FD2F-4B79-8C07-434BC555EF28', N'color_mode_name', N'E482D943-04FB-46AE-A56E-C75558132005', N'Màu', N'2025-12-27 16:04:27'),
(N'8D323748-5A78-4367-A65B-40DECD220421', N'page_discount_package', N'D2471CD4-D02C-496E-83D1-9402DC05B5E0', N'package_name', N'E482D943-04FB-46AE-A56E-C75558132005', N'50 trang', N'2025-12-27 16:04:27'),
(N'663D742A-911F-4D5C-A348-32E24250A019', N'page_discount_package', N'D2471CD4-D02C-496E-83D1-9402DC05B5E0', N'description', N'E482D943-04FB-46AE-A56E-C75558132005', N'50 trang: không giảm giá', N'2025-12-27 16:04:27'),
(N'04C7CDF7-BB44-4FA4-B34B-D568CCE9CFA6', N'page_discount_package', N'8977CDF8-766D-4B25-AA48-BB9FAB4D012E', N'package_name', N'E482D943-04FB-46AE-A56E-C75558132005', N'100 trang', N'2025-12-27 16:04:27'),
(N'79464374-1C9F-4996-ACC6-7B251545DCC9', N'page_discount_package', N'8977CDF8-766D-4B25-AA48-BB9FAB4D012E', N'description', N'E482D943-04FB-46AE-A56E-C75558132005', N'100 trang: 10% giảm giá', N'2025-12-27 16:04:27'),
(N'05682D35-C319-4BE1-A57F-DAD2A8B6A5E9', N'page_discount_package', N'F67DE9DD-66AF-4298-81AC-30802982654B', N'package_name', N'E482D943-04FB-46AE-A56E-C75558132005', N'200 trang', N'2025-12-27 16:04:27'),
(N'78B6F5AB-57BA-4AC0-A500-3111FCC73FAE', N'page_discount_package', N'F67DE9DD-66AF-4298-81AC-30802982654B', N'description', N'E482D943-04FB-46AE-A56E-C75558132005', N'200 trang: 12.5% giảm giá', N'2025-12-27 16:04:27'),
(N'01BB791A-1CC4-4A01-A724-547032C7FD0F', N'page_discount_package', N'58ECC1EC-48FB-4E32-8D23-FD8CAAD238CB', N'package_name', N'E482D943-04FB-46AE-A56E-C75558132005', N'500 trang', N'2025-12-27 16:04:27'),
(N'0CD97C9D-9067-42E6-BF65-B02FC3C5D79A', N'page_discount_package', N'58ECC1EC-48FB-4E32-8D23-FD8CAAD238CB', N'description', N'E482D943-04FB-46AE-A56E-C75558132005', N'500 trang: 20% giảm giá', N'2025-12-27 16:04:27');